datetime,close,open,high,low,volume,missing
2015-02-01,214.8,218.0,220.8,208.5,6.19,0
2015-02-02,238.0,214.8,242.0,214.8,6.42,0
2015-02-03,227.4,238.0,244.4,223.8,17.76,0
2015-02-04,227.0,227.4,231.0,220.0,14.31,0
2015-02-05,217.0,227.0,228.9,213.6,4.31,0
2015-02-06,222.9,216.8,225.9,214.9,4.73,0
2015-02-07,228.6,223.4,231.1,221.8,6.36,0
2015-02-08,224.2,228.3,232.9,219.7,5.46,0
2015-02-09,220.7,224.2,226.0,215.0,19.48,0
2015-02-10,220.9,220.7,222.0,215.0,6.33,0
2015-02-11,219.1,220.9,223.4,218.0,9.3,0
2015-02-12,222.5,219.6,223.1,218.2,4.01,0
2015-02-13,236.9,223.0,242.4,221.4,8.08,0
2015-02-14,257.9,237.0,259.3,236.9,10.81,0
2015-02-15,234.0,257.0,265.9,227.8,18.47,0
2015-02-16,236.6,234.0,241.2,229.2,12.32,0
2015-02-17,245.0,236.6,248.8,232.0,11.9,0
2015-02-18,235.8,245.0,247.0,232.2,6.77,0
2015-02-19,242.7,237.4,245.0,235.7,4.73,0
2015-02-20,246.1,240.6,249.0,239.4,4.56,0
2015-02-21,245.9,245.5,247.5,244.0,1.55,0
2015-02-22,236.7,245.4,247.4,232.5,6.74,0
2015-02-23,238.9,236.7,240.7,232.1,3.71,0
2015-02-24,239.7,239.6,240.9,236.3,2.43,0
2015-02-25,238.0,239.9,240.6,236.0,1.74,0
2015-02-26,236.7,238.0,238.6,234.0,3.5,0
2015-02-27,253.1,236.7,256.1,236.2,22.02,0
2015-02-28,253.0,253.1,254.3,245.2,3.61,0
2015-03-01,255.8,253.5,260.0,245.0,5.06,0
2015-03-02,274.0,258.3,274.8,256.0,9.78,0
2015-03-03,279.0,274.0,285.0,265.9,22.21,0
2015-03-04,269.8,279.0,283.9,264.9,14.28,0
2015-03-05,273.8,269.8,280.5,262.2,11.36,0
2015-03-06,273.3,273.8,276.5,269.0,7.0,0
2015-03-07,275.6,273.3,279.5,270.0,5.61,0
2015-03-08,274.9,275.6,277.6,271.1,4.46,0
2015-03-09,287.0,274.9,289.0,274.2,11.98,0
2015-03-10,290.2,287.0,296.8,284.0,12.86,0
2015-03-11,295.1,290.2,296.7,285.8,6.78,0
2015-03-12,295.6,295.1,298.0,289.0,8.15,0
2015-03-13,284.4,295.6,295.8,283.0,9.18,0
2015-03-14,282.7,284.4,287.7,280.5,5.62,0
2015-03-15,286.4,282.7,287.8,281.4,2.43,0
2015-03-16,289.7,286.4,294.3,285.8,6.47,0
2015-03-17,284.5,289.7,293.0,281.9,6.47,0
2015-03-18,257.3,284.5,284.5,249.0,21.12,0
2015-03-19,262.0,257.3,266.0,249.0,14.75,0
2015-03-20,262.1,262.0,265.3,257.0,5.68,0
2015-03-21,259.8,262.1,262.6,256.3,4.62,0
2015-03-22,269.4,259.8,272.0,259.2,5.71,0
2015-03-23,265.8,269.4,270.1,259.5,8.9,0
2015-03-24,246.9,265.8,266.5,241.8,17.59,0
2015-03-25,247.7,246.9,250.0,236.4,13.45,0
2015-03-26,249.5,247.7,253.8,244.9,8.4,0
2015-03-27,248.1,249.5,250.5,245.1,5.85,0
2015-03-28,252.3,248.1,253.8,247.2,5.94,0
2015-03-29,242.2,252.3,253.0,240.0,6.59,0
2015-03-30,247.7,242.2,248.9,236.5,7.88,0
2015-03-31,244.0,247.7,248.6,238.6,8.18,0
2015-04-01,246.0,244.0,246.8,239.3,6.11,0
2015-04-02,253.2,246.0,257.0,244.5,9.88,0
2015-04-03,253.8,253.2,256.7,251.2,5.06,0
2015-04-04,253.4,253.8,255.9,250.8,2.58,0
2015-04-05,260.5,253.4,261.0,251.6,5.81,0
2015-04-06,255.8,260.5,263.0,254.0,5.99,0
2015-04-07,254.4,255.8,256.6,251.5,5.99,0
2015-04-08,244.1,254.4,255.0,243.1,11.65,0
2015-04-09,243.5,244.1,246.3,238.5,7.99,0
2015-04-10,234.8,243.5,243.9,231.0,11.53,0
2015-04-11,237.3,234.8,239.4,233.0,4.1,0
2015-04-12,236.3,237.3,237.5,233.4,2.85,0
2015-04-13,222.9,236.3,236.9,219.6,13.82,0
2015-04-14,216.4,222.9,224.8,210.0,18.43,0
2015-04-15,221.5,216.4,222.4,214.1,9.77,0
2015-04-16,227.6,221.5,229.7,221.5,11.0,0
2015-04-17,221.9,227.6,228.3,220.0,5.77,0
2015-04-18,223.1,221.9,224.7,220.3,4.25,0
2015-04-19,222.9,223.1,227.4,221.9,5.87,0
2015-04-20,224.1,222.9,226.5,221.4,6.01,0
2015-04-21,234.1,224.1,235.6,223.9,9.53,0
2015-04-22,233.0,234.1,238.6,229.1,11.07,0
2015-04-23,235.1,233.0,236.2,232.0,8.02,0
2015-04-24,231.1,235.1,236.0,228.0,8.56,0
2015-04-25,226.3,231.1,232.3,225.7,5.38,0
2015-04-26,219.5,226.3,227.3,215.0,11.26,0
2015-04-27,226.0,219.5,229.9,217.5,13.5,0
2015-04-28,225.1,226.0,228.1,221.4,9.6,0
2015-04-29,225.5,225.1,227.0,221.8,8.66,0
2015-04-30,235.8,225.5,240.0,224.6,12.47,0
2015-05-01,232.0,235.8,239.2,231.0,6.62,0
2015-05-02,233.9,232.0,234.9,229.9,4.38,0
2015-05-03,239.2,233.9,242.3,232.3,4.42,0
2015-05-04,237.9,239.2,242.2,236.1,7.16,0
2015-05-05,234.4,237.9,239.0,229.7,8.79,0
2015-05-06,229.8,234.4,236.0,227.0,8.71,0
2015-05-07,236.8,229.8,240.0,227.4,10.9,0
2015-05-08,243.2,236.8,246.6,235.3,9.62,0
2015-05-09,241.4,243.2,247.0,238.6,5.56,0
2015-05-10,239.1,241.4,245.0,238.0,3.49,0
2015-05-11,239.0,239.1,241.0,238.0,5.17,0
2015-05-12,241.3,240.1,242.0,238.6,5.82,0
2015-05-13,236.9,241.3,244.1,235.1,9.23,0
2015-05-14,236.9,236.9,239.7,232.2,7.71,0
2015-05-15,237.1,236.9,239.3,235.1,4.52,0
2015-05-16,235.6,237.1,237.4,234.0,3.12,0
2015-05-17,236.1,235.6,237.0,234.1,2.63,0
2015-05-18,232.2,236.1,236.9,231.4,7.42,0
2015-05-19,231.7,232.2,234.2,230.9,5.56,0
2015-05-20,233.8,231.7,234.9,231.0,7.68,0
2015-05-21,235.5,233.8,236.5,233.8,4.59,0
2015-05-22,239.0,235.5,240.9,232.9,10.42,0
2015-05-23,237.7,239.0,240.7,237.4,3.3,0
2015-05-24,239.7,237.7,241.6,237.7,2.86,0
2015-05-25,235.5,239.7,240.1,233.1,5.3,0
2015-05-26,236.2,235.5,236.2,235.0,0.47,0
2015-05-27,235.3,236.2,237.4,234.0,8.62,0
2015-05-28,236.5,235.3,236.8,234.9,4.98,0
2015-05-29,236.0,236.5,236.5,234.0,6.21,0
2015-05-30,232.1,236.0,236.2,231.0,4.26,0
2015-05-31,229.1,232.1,232.5,228.0,4.39,0
2015-06-01,223.7,229.1,231.2,220.6,12.14,0
2015-06-02,224.8,223.7,226.4,221.3,7.8,0
2015-06-03,225.1,224.8,227.0,222.6,5.73,0
2015-06-04,222.4,225.1,226.0,222.0,4.89,0
2015-06-05,224.5,222.4,225.9,219.0,7.89,0
2015-06-06,224.4,224.5,225.3,223.1,2.59,0
2015-06-07,222.9,224.4,225.5,221.9,3.47,0
2015-06-08,228.1,222.9,229.4,222.1,8.95,0
2015-06-09,229.5,228.1,230.8,226.7,9.12,0
2015-06-10,227.5,229.5,229.8,226.8,6.35,0
2015-06-11,229.0,227.5,229.6,227.3,4.72,0
2015-06-12,229.6,229.0,230.7,228.3,5.89,0
2015-06-13,231.5,229.6,232.0,228.1,3.93,0
2015-06-14,231.8,231.5,234.0,230.9,3.54,0
2015-06-15,235.9,231.8,237.1,231.6,10.45,0
2015-06-16,248.8,235.9,252.1,234.4,17.38,0
2015-06-17,245.8,248.8,257.4,243.2,17.47,0
2015-06-18,248.1,245.8,251.6,240.0,11.16,0
2015-06-19,243.4,248.1,249.9,242.1,6.75,0
2015-06-20,244.7,243.4,245.6,239.9,4.5,0
2015-06-21,243.4,244.7,245.0,241.1,1.96,0
2015-06-22,247.1,243.4,248.0,242.6,4.98,0
2015-06-23,243.8,247.1,247.3,242.1,5.07,0
2015-06-24,240.7,243.8,244.1,238.2,6.6,0
2015-06-25,241.6,240.7,242.9,239.2,5.16,0
2015-06-26,243.2,241.6,243.4,240.0,5.14,0
2015-06-27,251.2,243.2,252.0,242.4,7.11,0
2015-06-28,248.9,251.2,251.4,247.0,5.87,0
2015-06-29,256.4,248.9,256.9,248.1,15.34,0
2015-06-30,264.1,256.4,268.0,255.0,19.96,0
2015-07-01,257.1,264.1,265.3,253.8,13.37,0
2015-07-02,254.7,257.1,260.8,253.2,9.72,0
2015-07-03,255.9,254.7,256.4,252.4,8.65,0
2015-07-04,260.7,255.9,261.3,254.1,7.84,0
2015-07-05,270.3,260.7,274.7,258.8,20.91,0
2015-07-06,269.5,270.3,278.5,267.1,20.31,0
2015-07-07,266.2,269.5,271.7,264.0,13.61,0
2015-07-08,269.4,266.2,273.0,263.0,14.42,0
2015-07-09,269.6,269.4,272.0,265.9,13.97,0
2015-07-10,286.6,269.6,294.7,268.6,29.18,0
2015-07-11,292.0,286.6,298.0,283.9,11.47,0
2015-07-12,310.2,292.0,318.0,291.6,22.48,0
2015-07-13,292.0,310.2,310.7,281.0,29.75,0
2015-07-14,288.0,292.0,297.1,286.0,10.33,0
2015-07-15,285.5,288.0,293.7,285.4,9.14,0
2015-07-16,277.2,285.5,292.4,274.9,21.31,0
2015-07-17,279.4,278.3,280.7,272.3,11.79,0
2015-07-18,276.7,279.4,283.0,276.7,9.44,0
2015-07-19,275.5,276.7,278.1,275.1,4.92,0
2015-07-20,277.7,275.5,279.2,274.6,8.91,0
2015-07-21,276.5,277.7,281.1,276.3,8.83,0
2015-07-22,277.9,276.5,277.9,275.0,8.4,0
2015-07-23,276.7,277.9,278.5,275.8,6.58,0
2015-07-24,290.0,276.7,290.0,275.9,13.54,0
2015-07-25,289.3,290.0,292.0,286.5,6.91,0
2015-07-26,292.8,289.3,294.0,287.4,5.45,0
2015-07-27,294.3,292.8,297.4,286.4,14.48,0
2015-07-28,293.8,294.3,297.0,292.2,8.97,0
2015-07-29,289.6,293.8,294.7,287.3,10.2,0
2015-07-30,287.7,289.6,290.2,284.5,7.99,0
2015-07-31,284.4,287.7,289.0,281.8,7.81,0
2015-08-01,280.8,284.4,285.2,276.7,7.1,0
2015-08-02,281.5,280.8,282.9,276.6,4.5,0
2015-08-03,282.7,281.5,285.8,279.5,6.19,0
2015-08-04,284.6,282.7,285.9,280.3,6.34,0
2015-08-05,282.0,284.6,285.9,280.6,6.27,0
2015-08-06,282.0,282.0,282.0,282.0,6.27,0
2015-08-07,279.0,282.0,282.0,277.4,4.15,0
2015-08-08,261.7,279.0,280.0,260.4,10.2,0
2015-08-09,265.4,261.7,269.0,261.0,8.99,0
2015-08-10,264.3,265.4,266.8,261.6,9.76,0
2015-08-11,270.0,264.3,270.9,263.6,8.31,0
2015-08-12,268.5,270.0,271.5,265.7,8.96,0
2015-08-13,264.6,268.5,269.4,262.3,11.01,0
2015-08-14,265.7,264.6,267.0,262.0,8.08,0
2015-08-15,261.0,265.7,266.5,260.5,5.33,0
2015-08-16,256.1,261.0,262.2,254.0,9.78,0
2015-08-17,256.7,256.1,259.1,254.6,8.54,0
2015-08-18,246.0,256.7,257.0,245.1,11.56,0
2015-08-19,227.1,246.0,246.0,221.1,28.56,0
2015-08-20,235.9,227.1,236.7,226.0,16.01,0
2015-08-21,233.3,235.9,236.7,231.8,10.04,0
2015-08-22,230.5,233.3,235.2,223.0,16.0,0
2015-08-23,228.5,230.5,234.0,227.1,7.47,0
2015-08-24,211.8,228.5,229.0,207.7,37.27,0
2015-08-25,221.6,211.8,228.0,198.1,42.1,0
2015-08-26,225.2,221.6,231.1,219.8,24.5,0
2015-08-27,223.8,225.2,228.9,223.2,14.44,0
2015-08-28,232.1,223.8,235.9,220.3,22.72,0
2015-08-29,229.2,232.1,233.9,226.7,15.4,0
2015-08-30,228.4,229.2,232.8,225.0,15.8,0
2015-08-31,229.8,228.4,232.5,224.4,15.22,0
2015-09-01,227.6,229.8,231.7,226.2,23.82,0
2015-09-02,228.8,227.6,230.8,226.0,21.57,0
2015-09-03,226.8,228.8,230.0,226.5,19.71,0
2015-09-04,231.1,226.8,231.4,226.3,20.89,0
2015-09-05,235.4,231.1,237.2,229.2,20.03,0
2015-09-06,240.4,235.4,244.2,235.0,25.52,0
2015-09-07,240.1,240.4,242.9,238.4,23.16,0
2015-09-08,244.0,240.1,246.2,239.9,23.71,0
2015-09-09,238.0,244.0,244.2,237.0,23.26,0
2015-09-10,238.5,238.0,241.6,234.8,20.54,0
2015-09-11,239.9,238.5,240.9,237.5,13.81,0
2015-09-12,235.6,239.9,240.0,233.0,12.45,0
2015-09-13,230.2,235.6,236.1,228.0,18.65,0
2015-09-14,229.5,230.2,232.9,224.0,17.59,0
2015-09-15,229.3,229.5,231.2,226.5,16.36,0
2015-09-16,227.9,229.3,230.0,223.0,15.08,0
2015-09-17,232.4,227.9,235.0,227.0,14.59,0
2015-09-18,232.8,232.4,234.4,230.8,19.33,0
2015-09-19,230.2,232.8,233.8,230.0,11.24,0
2015-09-20,230.3,230.2,231.7,229.0,13.16,0
2015-09-21,225.9,230.3,230.3,225.0,13.98,0
2015-09-22,229.6,226.1,232.0,223.1,18.9,0
2015-09-23,229.4,230.1,231.5,228.0,13.54,0
2015-09-24,233.2,229.4,235.5,228.9,23.96,0
2015-09-25,235.1,233.9,237.3,232.6,22.47,0
2015-09-26,233.9,235.1,235.7,233.0,15.03,0
2015-09-27,231.9,233.8,234.6,231.2,17.28,0
2015-09-28,239.0,232.4,239.7,231.7,17.52,0
2015-09-29,236.7,239.1,240.6,235.1,19.56,0
2015-09-30,236.6,236.8,238.3,234.7,20.6,0
2015-10-01,237.5,236.2,239.4,235.0,20.05,0
2015-10-02,237.7,237.1,239.1,235.0,16.89,0
2015-10-03,238.8,237.8,239.9,236.3,17.81,0
2015-10-04,238.4,239.1,240.0,237.6,14.94,0
2015-10-05,240.5,238.6,240.6,236.1,20.08,0
2015-10-06,246.9,240.9,248.2,239.5,26.66,0
2015-10-07,243.5,246.8,247.6,242.3,23.73,0
2015-10-08,243.4,243.5,244.8,242.1,13.79,0
2015-10-09,244.5,243.3,244.9,242.2,14.08,0
2015-10-10,245.7,244.5,246.4,243.0,17.28,0
2015-10-11,247.8,245.7,248.5,244.5,18.95,0
2015-10-12,245.5,248.1,248.5,245.0,10.51,0
2015-10-13,248.7,245.8,250.9,242.8,25.79,0
2015-10-14,252.5,250.0,255.9,248.1,26.88,0
2015-10-15,254.4,252.5,256.5,250.3,21.9,0
2015-10-16,262.5,254.5,267.0,253.7,33.66,0
2015-10-17,269.0,263.1,273.0,260.8,25.1,0
2015-10-18,261.0,270.0,271.2,260.0,9.65,0
2015-10-19,264.4,261.0,266.0,259.8,16.35,0
2015-10-20,270.2,264.3,273.0,262.7,28.66,0
2015-10-21,267.8,270.3,272.7,264.0,20.29,0
2015-10-22,275.3,267.9,280.0,267.4,28.0,0
2015-10-23,277.7,275.1,280.2,273.5,21.43,0
2015-10-24,282.6,278.6,283.0,278.2,20.06,0
2015-10-25,288.3,283.0,296.0,282.2,28.72,0
2015-10-26,285.8,284.0,287.0,279.3,20.79,0
2015-10-27,295.2,286.9,300.0,286.1,33.68,0
2015-10-28,304.0,295.6,308.5,294.4,30.68,0
2015-10-29,313.7,304.8,319.6,301.7,31.66,0
2015-10-30,328.8,315.0,334.0,313.5,38.14,0
2015-10-31,310.1,328.1,334.7,303.0,28.65,0
2015-11-01,329.0,309.3,329.9,303.0,14.02,0
2015-11-02,362.0,325.8,369.0,320.0,44.13,0
2015-11-03,398.2,361.7,420.8,360.4,75.17,0
2015-11-04,404.3,404.5,502.0,368.1,102.84,0
2015-11-05,383.2,408.0,448.8,364.4,59.35,0
2015-11-06,371.8,387.8,396.7,353.3,46.75,0
2015-11-07,385.8,374.4,392.8,371.1,26.23,0
2015-11-08,371.9,384.6,390.5,366.2,27.16,0
2015-11-09,379.9,372.9,386.8,360.5,25.18,0
2015-11-10,337.7,378.3,381.4,323.6,47.57,0
2015-11-11,303.0,336.7,341.4,294.0,50.86,0
2015-11-12,334.9,309.9,344.8,308.4,36.44,0
2015-11-13,333.5,337.2,342.0,325.0,24.27,0
2015-11-14,331.6,336.3,356.1,325.5,25.22,0
2015-11-15,317.0,333.0,335.0,314.6,27.06,0
2015-11-16,330.9,319.3,332.2,315.0,20.09,0
2015-11-17,335.4,331.0,350.4,329.0,27.39,0
2015-11-18,337.1,336.0,337.9,330.3,26.87,0
2015-11-19,325.0,334.5,336.5,324.9,26.67,0
2015-11-20,321.5,326.5,327.7,310.0,21.07,0
2015-11-21,325.0,322.0,328.9,318.5,4.92,0
2015-11-22,323.1,326.5,326.6,320.1,3.92,0
2015-11-23,323.0,324.2,326.1,320.4,5.0,0
2015-11-24,318.4,323.5,323.5,317.0,8.5,0
2015-11-25,328.3,319.7,330.8,316.0,12.22,0
2015-11-26,356.4,328.9,369.7,328.5,35.56,0
2015-11-27,359.9,353.9,364.8,347.8,13.11,0
2015-11-28,356.4,357.1,359.4,350.4,6.23,0
2015-11-29,371.0,356.8,373.1,354.5,7.67,0
2015-11-30,378.0,371.5,383.0,367.1,17.78,0
2015-12-01,363.0,376.7,379.0,354.6,15.39,0
2015-12-02,360.0,363.1,363.1,348.6,12.04,0
2015-12-03,361.3,359.1,370.5,356.2,12.11,0
2015-12-04,362.3,361.5,364.3,355.9,9.92,0
2015-12-05,384.7,363.6,389.9,363.0,16.36,0
2015-12-06,394.6,388.0,399.9,383.0,14.21,0
2015-12-07,395.1,387.2,399.9,381.0,14.78,0
2015-12-08,409.0,395.0,409.0,388.3,9.66,0
2015-12-09,416.1,418.8,425.0,400.0,20.84,0
2015-12-10,416.3,417.0,419.8,408.9,8.3,0
2015-12-11,451.7,415.4,454.4,415.1,28.32,0
2015-12-12,435.9,453.0,467.8,403.0,29.63,0
2015-12-13,435.8,436.1,443.0,422.0,11.23,0
2015-12-14,442.4,432.9,448.1,428.4,13.16,0
2015-12-15,463.6,443.4,465.0,442.9,17.6,0
2015-12-16,455.1,464.5,465.0,436.9,23.31,0
2015-12-17,456.0,455.6,458.8,448.8,6.55,0
2015-12-18,463.0,455.9,466.6,453.5,12.84,0
2015-12-19,461.0,463.0,465.9,452.0,6.71,0
2015-12-20,441.5,461.8,462.0,433.8,16.56,0
2015-12-21,437.6,442.5,450.0,425.5,18.77,0
2015-12-22,436.1,438.1,443.6,433.1,7.98,0
2015-12-23,443.3,435.2,445.5,434.4,6.93,0
2015-12-24,455.7,442.5,459.5,442.5,10.12,0
2015-12-25,455.5,455.4,458.3,448.0,2.87,0
2015-12-26,417.4,455.5,457.5,407.3,26.41,0
2015-12-27,423.3,417.1,425.4,410.5,6.83,0
2015-12-28,420.7,421.6,429.9,417.0,7.44,0
2015-12-29,430.0,420.8,433.2,418.5,10.13,0
2015-12-30,427.0,431.7,435.0,420.8,7.64,0
2015-12-31,430.6,426.1,433.9,420.0,6.59,0
2016-01-01,435.0,430.9,436.0,427.2,3.74,0
2016-01-02,433.7,434.9,436.0,430.4,2.91,0
2016-01-03,430.9,433.2,434.1,424.1,4.5,0
2016-01-04,434.0,430.8,435.9,428.4,5.7,0
2016-01-05,431.9,434.2,435.4,429.5,3.86,0
2016-01-06,431.8,432.5,432.7,426.5,5.33,0
2016-01-07,457.8,430.0,457.8,429.3,15.94,0
2016-01-08,451.3,457.0,465.0,444.5,10.26,0
2016-01-09,450.0,452.0,454.0,446.7,4.33,0
2016-01-10,447.2,448.8,449.9,440.8,3.99,0
2016-01-11,449.0,448.8,451.1,438.0,7.9,0
2016-01-12,446.3,448.0,448.0,442.9,4.1,0
2016-01-13,432.5,434.9,438.4,424.5,10.0,0
2016-01-14,429.2,432.6,434.0,427.0,4.39,0
2016-01-15,372.9,429.5,429.8,365.0,35.22,0
2016-01-16,386.4,360.0,387.5,352.0,23.68,0
2016-01-17,382.9,387.3,391.1,376.0,7.96,0
2016-01-18,385.0,380.2,388.5,373.6,6.97,0
2016-01-19,379.9,385.5,386.9,375.6,6.85,0
2016-01-20,410.9,376.8,423.0,372.5,24.59,0
2016-01-21,410.0,418.9,421.3,404.6,9.3,0
2016-01-22,381.8,409.4,410.1,374.5,14.31,0
2016-01-23,386.9,382.9,395.0,381.0,7.02,0
2016-01-24,402.5,386.4,406.0,385.4,5.36,0
2016-01-25,392.6,402.2,402.3,385.5,7.94,0
2016-01-26,390.7,390.1,397.7,386.2,6.36,0
2016-01-27,395.0,391.8,397.0,390.3,4.23,0
2016-01-28,379.2,394.6,395.6,376.0,11.33,0
2016-01-29,379.4,379.5,384.0,363.7,13.5,0
2016-01-30,376.6,378.1,380.4,373.0,2.35,0
2016-01-31,370.0,376.4,379.3,367.8,3.75,0
2016-02-01,371.5,368.5,378.2,366.5,7.01,0
2016-02-02,373.2,371.8,375.0,369.7,5.66,0
2016-02-03,367.6,373.0,374.0,365.0,7.03,0
2016-02-04,390.0,368.4,391.9,368.0,13.13,0
2016-02-05,385.9,388.0,389.5,383.0,7.25,0
2016-02-06,374.3,385.0,385.0,371.4,5.7,0
2016-02-07,375.4,375.4,380.0,373.0,2.86,0
2016-02-08,371.2,375.0,379.0,370.0,6.91,0
2016-02-09,373.2,371.0,377.0,369.1,5.72,0
2016-02-10,379.9,373.7,383.9,372.1,9.98,0
2016-02-11,378.0,379.3,380.5,373.5,6.95,0
2016-02-12,382.9,378.0,383.0,377.1,5.71,0
2016-02-13,389.5,383.0,390.1,382.0,6.94,0
2016-02-14,404.0,391.0,404.0,390.6,9.56,0
2016-02-15,399.0,405.5,409.7,393.4,7.88,0
2016-02-16,406.5,399.5,407.8,396.0,8.21,0
2016-02-17,415.5,407.5,421.1,404.0,11.27,0
2016-02-18,420.3,415.6,424.9,413.4,8.54,0
2016-02-19,419.3,421.1,422.0,414.0,4.97,0
2016-02-20,440.2,420.0,444.0,419.5,10.8,0
2016-02-21,437.7,434.6,448.0,426.0,10.24,0
2016-02-22,438.0,438.3,439.5,431.1,5.82,0
2016-02-23,420.0,438.3,440.0,414.0,10.43,0
2016-02-24,422.6,419.1,424.3,409.1,7.24,0
2016-02-25,423.5,423.8,426.8,415.8,5.54,0
2016-02-26,427.8,423.4,428.4,418.0,4.31,0
2016-02-27,431.1,432.0,435.0,428.2,4.12,0
2016-02-28,432.2,431.1,435.0,422.3,3.44,0
2016-02-29,436.6,430.3,441.0,428.1,8.26,0
2016-03-01,433.3,436.8,437.5,427.0,6.76,0
2016-03-02,425.2,433.3,434.5,424.0,5.22,0
2016-03-03,420.3,422.4,424.5,415.9,7.3,0
2016-03-04,410.0,420.3,423.9,407.5,7.47,0
2016-03-05,398.5,408.2,409.0,382.0,16.21,0
2016-03-06,404.8,399.8,412.3,393.1,5.66,0
2016-03-07,414.8,406.1,415.0,403.0,5.79,0
2016-03-08,412.1,414.0,415.0,408.5,5.55,0
2016-03-09,412.7,412.1,413.5,408.8,4.83,0
2016-03-10,416.5,413.0,416.9,409.3,5.11,0
2016-03-11,418.1,416.0,421.9,415.1,5.91,0
2016-03-12,410.5,419.1,420.9,406.6,4.58,0
2016-03-13,412.6,410.0,417.0,409.7,3.25,0
2016-03-14,413.9,413.0,415.2,410.5,4.22,0
2016-03-15,415.9,414.8,417.4,412.1,4.5,0
2016-03-16,416.5,415.8,416.6,413.1,4.07,0
2016-03-17,418.5,416.5,419.0,415.7,3.7,0
2016-03-18,408.2,418.5,418.5,403.3,6.32,0
2016-03-19,408.9,407.5,410.0,404.1,2.84,0
2016-03-20,411.3,408.4,412.0,406.6,2.56,0
2016-03-21,411.0,410.6,412.0,406.5,3.49,0
2016-03-22,415.9,411.1,417.0,410.4,3.86,0
2016-03-23,417.2,416.4,419.0,413.4,4.91,0
2016-03-24,416.0,417.6,418.1,412.9,2.77,0
2016-03-25,416.3,415.2,416.9,412.0,2.55,0
2016-03-26,416.8,415.6,417.0,414.0,1.25,0
2016-03-27,424.3,417.0,428.0,415.8,5.03,0
2016-03-28,422.0,424.6,424.8,420.3,3.23,0
2016-03-29,415.4,422.9,424.4,407.2,5.89,0
2016-03-30,413.1,415.4,415.9,408.6,4.79,0
2016-03-31,415.5,413.7,417.0,411.4,3.67,0
2016-04-01,415.4,414.7,417.0,413.4,3.66,0
2016-04-02,419.2,416.3,420.0,416.0,2.05,0
2016-04-03,419.0,419.4,419.4,416.1,1.3,0
2016-04-04,418.6,418.5,419.9,416.0,3.43,0
2016-04-05,422.6,418.8,423.0,416.6,3.93,0
2016-04-06,421.6,422.7,422.9,420.0,2.39,0
2016-04-07,419.8,420.6,422.0,418.1,3.09,0
2016-04-08,418.1,420.0,424.0,416.3,4.5,0
2016-04-09,418.4,417.8,418.7,412.0,3.58,0
2016-04-10,420.8,418.6,421.8,417.2,1.74,0
2016-04-11,422.1,420.4,422.8,418.0,3.46,0
2016-04-12,425.9,422.8,426.7,421.0,6.05,0
2016-04-13,423.3,425.3,426.0,422.3,3.89,0
2016-04-14,424.5,423.6,425.4,420.6,3.84,0
2016-04-15,429.3,424.4,430.0,423.1,4.38,0
2016-04-16,430.7,429.3,432.9,427.1,1.82,0
2016-04-17,426.8,430.2,430.9,424.2,1.48,0
2016-04-18,428.1,427.1,430.0,425.8,3.18,0
2016-04-19,435.3,428.1,436.8,426.2,3.73,0
2016-04-20,441.3,435.7,444.0,433.1,7.28,0
2016-04-21,451.0,442.0,452.1,440.0,5.39,0
2016-04-22,447.8,451.0,451.4,443.0,5.48,0
2016-04-23,451.3,447.2,452.2,444.5,2.23,0
2016-04-24,459.4,451.9,470.0,447.1,7.01,0
2016-04-25,466.0,460.0,469.5,455.1,5.51,0
2016-04-26,468.0,462.3,469.9,462.1,4.61,0
2016-04-27,447.5,467.4,469.0,445.4,6.75,0
2016-04-28,450.0,445.4,451.0,435.0,8.73,0
2016-04-29,454.8,449.9,456.0,445.6,2.92,0
2016-04-30,446.7,456.5,456.9,446.5,2.41,0
2016-05-01,451.4,448.4,453.8,446.8,1.18,0
2016-05-02,443.5,453.0,453.8,438.6,6.33,0
2016-05-03,451.7,444.1,452.0,440.8,5.57,0
2016-05-04,446.3,451.2,451.7,444.1,3.3,0
2016-05-05,448.8,447.4,450.0,445.1,2.37,0
2016-05-06,459.7,448.5,464.0,447.0,5.52,0
2016-05-07,458.1,459.0,461.0,456.0,1.99,0
2016-05-08,457.8,459.0,459.7,456.0,1.29,0
2016-05-09,461.6,457.8,464.8,455.6,3.52,0
2016-05-10,449.9,461.5,463.0,447.4,5.66,0
2016-05-11,452.0,450.9,458.0,450.3,3.34,0
2016-05-12,454.9,453.0,455.1,448.9,3.4,0
2016-05-13,456.0,455.2,456.8,452.0,2.82,0
2016-05-14,455.4,456.4,457.3,453.5,1.34,0
2016-05-15,457.5,456.3,458.1,454.7,1.6,0
2016-05-16,455.6,457.6,458.0,451.1,3.08,0
2016-05-17,453.0,454.0,456.1,452.1,3.17,0
2016-05-18,452.9,453.0,455.7,452.0,2.59,0
2016-05-19,441.6,452.5,453.9,441.0,5.47,0
2016-05-20,442.0,436.3,444.4,435.1,3.41,0
2016-05-21,442.8,442.8,444.0,435.3,1.91,0
2016-05-22,437.9,442.7,443.5,435.0,2.29,0
2016-05-23,442.3,438.7,442.9,436.4,2.56,0
2016-05-24,445.3,442.6,446.4,441.0,3.05,0
2016-05-25,448.0,445.3,449.6,444.3,3.66,0
2016-05-26,452.4,448.3,453.0,446.8,3.76,0
2016-05-27,472.7,452.1,478.2,452.1,12.12,0
2016-05-28,521.5,470.6,529.1,468.0,12.46,0
2016-05-29,513.8,522.1,540.0,485.0,8.12,0
2016-05-30,527.0,517.6,535.0,510.0,6.06,0
2016-05-31,532.1,527.6,548.5,515.0,12.01,0
2016-06-01,538.7,532.4,542.9,525.5,5.39,0
2016-06-02,539.0,537.0,540.0,529.1,3.91,0
2016-06-03,567.9,538.0,578.4,535.7,8.72,0
2016-06-04,573.9,569.9,588.7,558.5,6.19,0
2016-06-05,573.8,573.5,582.0,566.0,5.34,0
2016-06-06,583.5,573.8,586.0,573.8,4.42,0
2016-06-07,576.8,584.1,594.4,563.0,6.66,0
2016-06-08,583.2,577.5,584.3,571.9,3.25,0
2016-06-09,576.4,583.0,583.1,573.0,3.76,0
2016-06-10,577.9,576.1,580.0,572.0,3.46,0
2016-06-11,592.1,576.5,594.0,575.9,2.77,0
2016-06-12,667.9,610.0,683.0,603.2,13.88,0
2016-06-13,702.0,668.7,725.0,655.0,17.25,0
2016-06-14,685.7,703.8,704.5,655.0,10.61,0
2016-06-15,693.0,685.3,695.8,672.1,5.75,0
2016-06-16,765.6,695.0,773.1,689.8,17.75,0
2016-06-17,747.0,767.4,778.7,706.4,14.63,0
2016-06-18,755.0,745.0,778.8,723.0,5.83,0
2016-06-19,760.5,753.5,764.9,740.1,2.61,0
2016-06-20,735.0,759.1,764.0,725.0,7.84,0
2016-06-21,668.4,725.0,728.2,625.0,32.75,0
2016-06-22,594.1,665.4,677.6,593.0,15.62,0
2016-06-23,624.7,602.8,632.7,540.2,23.8,0
2016-06-24,656.7,622.6,683.9,620.8,16.06,0
2016-06-25,663.2,660.8,684.5,639.4,6.56,0
2016-06-26,628.6,658.8,662.9,608.6,5.28,0
2016-06-27,648.2,630.2,653.5,618.0,8.48,0
2016-06-28,645.4,657.5,665.5,635.5,5.46,0
2016-06-29,634.4,644.3,645.0,621.1,9.09,0
2016-06-30,666.8,635.9,671.2,628.1,7.43,0
2016-07-01,677.0,666.3,684.1,659.7,6.42,0
2016-07-02,702.5,674.5,704.9,672.7,5.43,0
2016-07-03,664.1,702.5,705.0,646.3,7.21,0
2016-07-04,678.7,659.8,682.3,640.1,4.18,0
2016-07-05,666.6,678.7,682.4,661.6,3.1,0
2016-07-06,674.5,669.1,679.0,662.1,3.54,0
2016-07-07,636.4,674.7,678.4,605.5,12.65,0
2016-07-08,664.0,638.9,665.0,635.0,6.48,0
2016-07-09,652.5,663.0,664.0,626.0,6.11,0
2016-07-10,646.5,647.8,650.9,636.8,2.27,0
2016-07-11,647.4,648.8,659.6,639.3,2.97,0
2016-07-12,671.7,649.3,678.0,646.0,4.15,0
2016-07-13,661.5,663.5,670.0,654.5,6.37,0
2016-07-14,660.5,652.2,664.9,650.0,2.38,0
2016-07-15,665.0,660.3,670.0,658.4,3.21,0
2016-07-16,662.0,664.6,666.7,655.0,1.64,0
2016-07-17,678.2,662.5,684.2,661.3,3.41,0
2016-07-18,673.5,679.5,682.2,666.1,2.99,0
2016-07-19,673.9,673.5,675.8,666.0,1.86,0
2016-07-20,667.0,674.8,675.0,660.0,3.4,0
2016-07-21,664.3,667.0,667.1,660.1,2.49,0
2016-07-22,653.0,663.3,666.3,645.0,5.03,0
2016-07-23,653.8,647.9,656.8,646.0,1.27,0
2016-07-24,659.5,655.5,665.0,652.0,1.4,0
2016-07-25,654.4,659.6,662.0,652.3,2.43,0
2016-07-26,652.2,655.0,656.9,645.0,3.38,0
2016-07-27,655.6,651.2,660.0,646.3,2.62,0
2016-07-28,653.4,655.1,657.9,652.4,1.88,0
2016-07-29,657.0,654.8,657.5,653.0,1.29,0
2016-07-30,654.4,654.9,657.5,652.2,0.7,0
2016-07-31,620.0,654.0,654.7,620.0,4.52,0
2016-08-01,607.6,622.5,630.0,604.0,5.34,0
2016-08-02,515.0,606.8,613.0,465.3,20.39,0
2016-08-03,565.6,540.0,572.3,521.0,15.29,0
2016-08-04,575.5,564.0,584.0,552.0,8.43,0
2016-08-05,576.6,578.1,578.2,562.0,4.73,0
2016-08-06,588.8,573.0,592.0,562.6,6.01,0
2016-08-07,592.6,589.5,598.8,582.1,2.9,0
2016-08-08,589.5,592.5,594.0,583.6,3.17,0
2016-08-09,583.5,591.8,591.8,579.4,3.16,0
2016-08-10,591.7,582.7,603.0,580.0,5.15,0
2016-08-11,587.6,590.5,597.8,585.2,2.51,0
2016-08-12,586.0,585.3,591.2,580.5,2.13,0
2016-08-13,582.1,585.3,590.0,581.7,0.95,0
2016-08-14,567.5,583.5,583.9,556.2,4.8,0
2016-08-15,565.8,568.8,573.7,554.9,4.53,0
2016-08-16,577.5,564.2,579.8,563.0,4.79,0
2016-08-17,570.5,575.0,577.9,566.0,4.1,0
2016-08-18,569.7,570.9,575.9,568.8,3.96,0
2016-08-19,572.1,571.5,574.9,552.3,4.63,0
2016-08-20,580.0,573.0,580.0,568.5,2.35,0
2016-08-21,578.5,577.7,584.0,576.0,1.13,0
2016-08-22,583.8,577.5,586.0,572.5,5.05,0
2016-08-23,580.7,582.8,585.0,576.0,4.18,0
2016-08-24,577.1,580.3,582.1,575.4,2.97,0
2016-08-25,577.0,577.7,578.8,571.2,4.19,0
2016-08-26,577.8,575.8,582.5,574.1,3.27,0
2016-08-27,567.4,577.9,579.1,564.8,2.69,0
2016-08-28,573.0,567.5,573.0,566.8,1.0,0
2016-08-29,571.5,573.2,575.0,568.6,2.33,0
2016-08-30,575.2,570.7,576.5,568.5,4.41,0
2016-08-31,570.8,575.9,576.5,568.4,3.63,0
2016-09-01,571.6,570.8,572.9,566.9,2.77,0
2016-09-02,572.0,571.0,574.2,567.0,2.94,0
2016-09-03,592.5,572.0,598.6,569.0,4.58,0
2016-09-04,604.3,596.3,609.0,590.9,3.91,0
2016-09-05,603.7,605.7,607.3,592.5,3.83,0
2016-09-06,609.0,605.0,609.7,601.0,4.03,0
2016-09-07,614.4,608.9,615.9,604.7,4.37,0
2016-09-08,625.7,614.4,629.0,611.7,4.35,0
2016-09-09,622.0,625.7,627.5,612.9,3.27,0
2016-09-10,622.0,622.0,625.0,618.7,1.52,0
2016-09-11,603.8,621.7,629.0,594.6,5.29,0
2016-09-12,607.0,604.1,609.2,602.0,3.51,0
2016-09-13,607.7,606.4,609.6,603.3,3.45,0
2016-09-14,607.9,607.5,610.7,606.0,2.89,0
2016-09-15,605.2,608.5,609.0,602.3,3.07,0
2016-09-16,605.9,606.7,609.0,603.5,2.59,0
2016-09-17,604.0,607.0,607.6,601.1,1.11,0
2016-09-18,608.0,602.9,609.1,602.0,1.29,0
2016-09-19,607.9,608.0,609.5,603.0,2.47,0
2016-09-20,607.0,608.7,608.9,605.3,2.43,0
2016-09-21,594.7,601.0,601.0,592.1,3.65,0
2016-09-22,594.0,595.5,596.4,592.5,2.31,0
2016-09-23,602.5,595.4,602.9,593.0,3.97,0
2016-09-24,600.1,600.5,603.6,597.8,1.09,0
2016-09-25,597.4,600.0,602.0,596.0,1.07,0
2016-09-26,604.3,599.0,607.3,596.1,4.01,0
2016-09-27,604.6,606.7,608.4,600.0,3.02,0
2016-09-28,603.7,604.3,605.3,601.4,2.18,0
2016-09-29,605.0,603.9,606.0,601.0,2.7,0
2016-09-30,608.3,605.6,608.4,603.2,2.62,0
2016-10-01,612.0,608.2,614.3,608.2,1.46,0
2016-10-02,608.6,613.0,613.0,605.0,1.4,0
2016-10-03,611.1,608.6,611.6,606.6,1.99,0
2016-10-04,607.2,612.8,612.8,605.0,2.94,0
2016-10-05,611.0,607.2,612.0,605.8,2.26,0
2016-10-06,610.3,608.0,610.5,607.1,2.0,0
2016-10-07,614.2,610.3,616.3,607.5,4.02,0
2016-10-08,614.5,614.9,617.0,612.5,0.88,0
2016-10-09,613.6,614.3,615.0,610.0,1.17,0
2016-10-10,615.4,612.1,616.5,612.1,2.21,0
2016-10-11,638.9,616.4,639.0,614.6,8.07,0
2016-10-12,635.1,638.3,640.0,628.8,2.65,0
2016-10-13,635.6,634.5,636.0,630.0,2.37,0
2016-10-14,638.4,635.2,640.0,630.5,3.13,0
2016-10-15,636.0,638.2,642.0,635.3,1.42,0
2016-10-16,638.1,635.3,641.4,635.2,1.28,0
2016-10-17,635.7,639.0,640.0,632.1,3.95,0
2016-10-18,635.6,637.0,637.8,631.5,2.72,0
2016-10-19,628.0,636.0,638.0,624.1,4.44,0
2016-10-20,627.7,627.8,630.2,625.0,2.03,0
2016-10-21,629.0,628.0,632.4,627.5,3.02,0
2016-10-22,655.0,629.0,656.0,628.6,4.33,0
2016-10-23,649.7,654.5,656.0,647.5,2.52,0
2016-10-24,648.1,648.7,652.3,640.0,4.62,0
2016-10-25,648.3,649.0,657.6,643.0,5.96,0
2016-10-26,673.1,652.0,677.0,651.7,6.68,0
2016-10-27,682.7,674.6,685.9,665.6,4.36,0
2016-10-28,685.3,684.7,687.2,677.0,3.53,0
2016-10-29,712.1,685.9,718.0,684.9,4.01,0
2016-10-30,696.4,711.1,711.8,691.5,3.7,0
2016-10-31,697.7,697.1,707.0,683.6,4.63,0
2016-11-01,726.6,697.0,737.0,695.4,6.51,0
2016-11-02,733.0,726.6,735.9,717.3,3.99,0
2016-11-03,681.0,742.0,745.2,670.3,12.06,0
2016-11-04,703.0,684.8,707.7,681.0,5.28,0
2016-11-05,703.6,703.0,707.3,694.7,1.9,0
2016-11-06,710.2,703.3,714.4,697.9,2.29,0
2016-11-07,706.5,709.9,709.9,698.3,2.98,0
2016-11-08,710.2,702.9,712.9,701.0,5.51,0
2016-11-09,720.4,708.2,740.9,705.5,9.7,0
2016-11-10,714.5,721.5,722.0,707.0,4.9,0
2016-11-11,715.8,714.5,720.9,712.2,3.28,0
2016-11-12,703.0,716.4,716.4,701.0,2.74,0
2016-11-13,701.5,701.2,702.9,683.2,6.02,0
2016-11-14,704.7,700.4,705.9,697.1,7.28,0
2016-11-15,710.8,705.0,716.5,703.0,5.63,0
2016-11-16,738.0,711.1,742.9,708.4,11.34,0
2016-11-17,737.0,739.7,750.0,732.2,6.64,0
2016-11-18,746.0,736.0,753.0,731.3,4.25,0
2016-11-19,749.6,749.0,755.1,742.6,1.96,0
2016-11-20,727.1,750.1,753.8,714.0,5.52,0
2016-11-21,737.0,727.1,739.2,727.0,4.01,0
2016-11-22,746.6,736.9,750.0,730.3,4.97,0
2016-11-23,740.2,749.1,750.0,729.9,4.42,0
2016-11-24,735.7,740.2,741.2,729.0,4.0,0
2016-11-25,737.0,735.6,737.0,728.0,3.33,0
2016-11-26,729.9,737.0,737.6,722.3,2.27,0
2016-11-27,726.1,729.9,732.0,722.4,3.44,0
2016-11-28,731.0,727.3,732.4,724.1,4.74,0
2016-11-29,731.0,731.0,733.3,721.0,5.19,0
2016-11-30,742.1,730.7,744.5,727.0,6.21,0
2016-12-01,751.6,742.1,755.0,740.2,6.1,0
2016-12-02,770.0,751.5,778.1,750.8,8.06,0
2016-12-03,762.8,770.9,771.0,752.4,2.76,0
2016-12-04,762.0,763.0,763.0,752.4,3.14,0
2016-12-05,750.0,762.0,762.1,743.0,5.54,0
2016-12-06,758.9,749.5,759.9,748.0,6.7,0
2016-12-07,766.8,759.0,769.6,751.8,4.75,0
2016-12-08,768.0,764.0,772.0,762.3,4.48,0
2016-12-09,769.5,766.8,774.0,766.3,2.86,0
2016-12-10,772.3,769.6,774.1,768.1,2.2,0
2016-12-11,768.2,772.3,772.3,764.0,1.38,0
2016-12-12,777.9,769.0,779.0,769.0,2.79,0
2016-12-13,778.7,777.0,793.3,765.1,4.84,0
2016-12-14,776.3,775.3,781.0,770.7,2.31,0
2016-12-15,774.8,777.0,779.1,771.0,2.95,0
2016-12-16,780.3,776.3,782.5,771.2,3.29,0
2016-12-17,788.4,781.3,790.9,780.4,2.39,0
2016-12-18,788.7,788.3,791.0,780.0,2.52,0
2016-12-19,790.7,788.3,794.4,787.0,3.88,0
2016-12-20,801.0,791.0,803.0,787.1,3.98,0
2016-12-21,828.1,798.7,830.0,796.8,9.19,0
2016-12-22,858.9,832.0,875.0,827.3,12.03,0
2016-12-23,916.0,858.9,920.0,858.9,16.19,0
2016-12-24,892.6,914.5,918.5,878.9,5.99,0
2016-12-25,891.7,892.6,895.0,859.0,3.97,0
2016-12-26,899.1,890.7,905.2,888.0,3.46,0
2016-12-27,929.9,897.8,936.4,891.0,7.17,0
2016-12-28,976.0,930.3,976.0,929.5,12.02,0
2016-12-29,969.0,976.5,980.7,950.0,7.79,0
2016-12-30,959.0,970.0,970.0,931.0,10.69,0
2016-12-31,964.3,959.5,966.4,944.1,4.03,0
2017-01-01,998.8,966.3,1005.0,960.5,6.67,0
2017-01-02,1014.1,997.8,1032.0,990.0,8.09,0
2017-01-03,1037.0,1011.4,1039.0,1000.0,8.78,0
2017-01-04,1122.6,1035.5,1139.9,1028.6,21.37,0
2017-01-05,994.0,1114.4,1136.7,885.4,34.74,0
2017-01-06,891.6,1004.7,1027.0,871.0,27.6,0
2017-01-07,897.1,894.0,906.0,812.3,19.7,0
2017-01-08,906.2,906.2,941.8,881.3,8.85,0
2017-01-09,900.0,909.8,912.9,875.0,8.66,0
2017-01-10,908.0,896.1,912.5,889.4,7.93,0
2017-01-11,788.8,905.0,918.4,755.0,35.45,0
2017-01-12,816.0,778.7,833.0,751.3,17.3,0
2017-01-13,826.9,807.5,831.4,775.0,11.3,0
2017-01-14,819.7,826.0,837.8,810.0,6.58,0
2017-01-15,822.5,819.5,823.5,808.0,4.2,0
2017-01-16,829.6,821.9,835.0,818.1,6.14,0
2017-01-17,906.1,831.8,908.5,827.0,12.17,0
2017-01-18,876.7,906.0,916.0,851.7,11.02,0
2017-01-19,900.5,887.7,910.0,878.9,11.07,0
2017-01-20,895.6,902.2,902.4,880.0,6.61,0
2017-01-21,921.1,895.8,928.0,895.0,5.82,0
2017-01-22,919.4,922.0,937.7,886.8,7.07,0
2017-01-23,921.4,923.8,927.6,913.2,3.34,0
2017-01-24,893.0,913.2,923.0,886.3,8.82,0
2017-01-25,893.0,885.5,904.0,884.5,5.29,0
2017-01-26,916.3,893.3,919.5,892.9,5.11,0
2017-01-27,917.8,915.0,924.9,908.0,4.82,0
2017-01-28,917.8,918.0,921.0,913.1,1.14,0
2017-01-29,913.1,918.6,920.0,910.5,1.32,0
2017-01-30,921.1,913.1,923.0,910.0,3.0,0
2017-01-31,965.0,920.0,970.0,917.5,9.32,0
2017-02-01,983.4,964.0,987.0,962.0,6.87,0
2017-02-02,1008.2,983.8,1011.7,973.1,8.21,0
2017-02-03,1012.6,1009.2,1022.6,987.0,10.8,0
2017-02-04,1034.4,1015.1,1044.2,1004.0,5.73,0
2017-02-05,1014.6,1033.7,1034.6,1004.7,4.32,0
2017-02-06,1023.7,1010.0,1031.9,1005.1,5.07,0
2017-02-07,1054.1,1024.0,1056.3,1021.3,5.28,0
2017-02-08,1057.0,1052.5,1070.0,1025.0,9.57,0
2017-02-09,982.0,1051.7,1074.7,913.7,24.96,0
2017-02-10,997.6,985.7,1010.7,950.0,10.63,0
2017-02-11,1012.0,995.5,1020.0,987.6,4.43,0
2017-02-12,1001.6,1011.0,1012.0,992.0,2.66,0
2017-02-13,1000.3,1000.7,1007.9,975.1,4.54,0
2017-02-14,1011.5,1000.7,1019.0,988.0,6.54,0
2017-02-15,1011.5,1008.9,1013.8,1001.0,3.1,0
2017-02-16,1032.7,1011.5,1043.2,1010.8,6.0,0
2017-02-17,1055.5,1032.7,1065.0,1032.0,6.09,0
2017-02-18,1056.4,1055.5,1069.0,1046.1,4.47,0
2017-02-19,1051.8,1056.4,1061.9,1039.1,2.27,0
2017-02-20,1084.0,1051.8,1090.0,1044.4,3.66,0
2017-02-21,1124.6,1084.0,1126.9,1077.0,8.39,0
2017-02-22,1130.0,1124.6,1143.0,1098.2,11.67,0
2017-02-23,1188.1,1130.0,1193.9,1120.7,11.75,0
2017-02-24,1180.1,1188.1,1220.0,1091.1,19.6,0
2017-02-25,1152.2,1180.1,1184.7,1127.0,6.24,0
2017-02-26,1179.1,1152.2,1185.0,1133.0,3.54,0
2017-02-27,1194.6,1179.1,1198.0,1169.0,4.64,0
2017-02-28,1191.2,1194.6,1210.0,1176.3,7.56,0
2017-03-01,1226.4,1191.2,1231.0,1188.3,6.01,0
2017-03-02,1257.6,1226.4,1283.3,1215.0,7.76,0
2017-03-03,1285.3,1257.6,1298.0,1255.0,7.55,0
2017-03-04,1260.0,1285.3,1289.6,1230.0,4.95,0
2017-03-05,1273.0,1260.0,1275.0,1240.0,3.03,0
2017-03-06,1278.5,1273.0,1285.0,1251.0,4.25,0
2017-03-07,1233.1,1278.5,1281.6,1176.0,14.45,0
2017-03-08,1150.1,1233.1,1245.5,1145.5,13.39,0
2017-03-09,1190.9,1150.1,1208.0,1135.0,7.65,0
2017-03-10,1117.0,1190.9,1350.0,975.0,33.19,0
2017-03-11,1176.6,1117.0,1198.0,1106.5,7.35,0
2017-03-12,1226.6,1176.6,1241.8,1170.9,5.79,0
2017-03-13,1242.5,1226.6,1249.0,1215.4,5.63,0
2017-03-14,1245.9,1242.5,1260.0,1226.5,5.75,0
2017-03-15,1257.3,1245.9,1260.0,1238.3,3.92,0
2017-03-16,1172.6,1257.3,1259.0,1130.0,15.24,0
2017-03-17,1071.0,1172.6,1173.2,1063.0,16.7,0
2017-03-18,969.4,1071.0,1099.0,944.4,21.29,0
2017-03-19,1018.0,969.4,1063.7,969.4,12.2,0
2017-03-20,1036.0,1018.0,1053.0,1010.0,7.49,0
2017-03-21,1114.4,1036.0,1117.9,1034.9,11.13,0
2017-03-22,1037.6,1114.4,1114.4,988.0,14.52,0
2017-03-23,1029.7,1037.6,1054.4,1010.7,5.92,0
2017-03-24,929.1,1029.7,1032.0,920.0,16.07,0
2017-03-25,956.0,929.1,963.4,891.3,13.51,0
2017-03-26,960.0,956.0,997.0,937.5,9.01,0
2017-03-27,1039.9,960.0,1043.0,953.0,8.69,0
2017-03-28,1044.0,1039.9,1068.3,1014.9,9.11,0
2017-03-29,1036.0,1044.0,1059.4,1008.2,9.38,0
2017-03-30,1033.7,1036.0,1050.2,1017.1,8.64,0
2017-03-31,1070.3,1033.7,1081.0,1031.4,12.06,0
2017-04-01,1083.9,1070.3,1097.0,1061.6,5.21,0
2017-04-02,1078.0,1083.9,1100.0,1066.5,7.64,0
2017-04-03,1144.8,1078.0,1152.0,1076.2,11.08,0
2017-04-04,1143.0,1144.8,1162.9,1118.8,7.42,0
2017-04-05,1134.6,1143.0,1145.0,1111.0,5.58,0
2017-04-06,1190.8,1134.6,1201.4,1134.4,9.13,0
2017-04-07,1190.7,1190.8,1202.0,1176.0,5.45,0
2017-04-08,1184.0,1190.7,1197.3,1166.7,2.72,0
2017-04-09,1206.2,1184.0,1216.9,1174.0,4.82,0
2017-04-10,1209.3,1206.2,1219.7,1195.0,3.66,0
2017-04-11,1219.0,1209.3,1229.0,1198.0,3.49,0
2017-04-12,1212.2,1219.0,1224.6,1208.0,3.48,0
2017-04-13,1172.9,1212.2,1219.4,1141.0,7.14,0
2017-04-14,1170.3,1172.9,1193.0,1142.0,8.98,0
2017-04-15,1173.4,1170.3,1192.5,1165.0,1.8,0
2017-04-16,1162.3,1173.4,1179.3,1150.0,2.66,0
2017-04-17,1176.5,1162.3,1192.5,1161.0,3.57,0
2017-04-18,1202.6,1176.5,1210.0,1175.9,5.51,0
2017-04-19,1204.0,1202.6,1210.0,1190.0,6.05,0
2017-04-20,1234.2,1204.0,1243.9,1201.7,5.97,0
2017-04-21,1243.6,1234.2,1252.3,1231.7,4.98,0
2017-04-22,1233.2,1243.6,1247.2,1199.0,4.12,0
2017-04-23,1242.0,1233.2,1249.0,1223.4,2.6,0
2017-04-24,1253.6,1242.0,1254.0,1234.0,3.05,0
2017-04-25,1269.0,1253.6,1280.0,1251.1,5.25,0
2017-04-26,1288.0,1269.0,1330.0,1265.0,8.69,0
2017-04-27,1331.5,1288.0,1342.0,1285.0,6.67,0
2017-04-28,1330.7,1331.5,1347.0,1299.0,8.23,0
2017-04-29,1333.0,1330.7,1342.8,1316.0,3.93,0
2017-04-30,1350.2,1333.0,1356.0,1315.7,3.54,0
2017-05-01,1390.9,1350.2,1425.0,1341.2,8.6,0
2017-05-02,1447.8,1390.9,1481.7,1388.0,8.92,0
2017-05-03,1503.2,1447.8,1516.0,1431.0,11.05,0
2017-05-04,1537.2,1503.2,1623.0,1444.9,18.82,0
2017-05-05,1514.9,1537.2,1609.0,1495.0,15.6,0
2017-05-06,1558.0,1514.9,1579.0,1505.0,7.9,0
2017-05-07,1554.0,1558.0,1565.0,1525.0,7.67,0
2017-05-08,1649.5,1554.0,1654.0,1554.0,19.23,0
2017-05-09,1720.3,1649.5,1760.4,1616.1,16.79,0
2017-05-10,1772.6,1720.3,1794.2,1682.0,11.26,0
2017-05-11,1828.4,1772.6,1892.0,1745.0,14.74,0
2017-05-12,1691.5,1828.4,1832.0,1650.0,17.06,0
2017-05-13,1776.9,1691.5,1785.8,1601.5,10.53,0
2017-05-14,1784.0,1776.9,1815.0,1753.0,4.82,0
2017-05-15,1705.5,1784.0,1784.0,1682.6,13.31,0
2017-05-16,1700.0,1705.5,1750.0,1641.2,16.47,0
2017-05-17,1783.0,1700.0,1840.4,1670.0,17.79,0
2017-05-18,1879.0,1783.0,1881.8,1766.3,11.92,0
2017-05-19,1958.0,1879.0,1970.0,1875.0,14.12,0
2017-05-20,2014.0,1958.0,2021.0,1914.0,12.31,0
2017-05-21,2017.6,2014.0,2063.1,1961.5,6.76,0
2017-05-22,2100.0,2017.6,2230.3,2008.8,15.31,0
2017-05-23,2264.2,2100.0,2275.0,2088.4,14.14,0
2017-05-24,2420.3,2264.2,2481.8,2264.2,22.14,0
2017-05-25,2292.5,2420.3,2760.1,2221.0,32.94,0
2017-05-26,2279.8,2292.5,2599.1,2060.0,28.13,0
2017-05-27,2042.0,2279.8,2339.9,1850.0,26.21,0
2017-05-28,2178.8,2042.0,2314.0,2041.5,15.37,0
2017-05-29,2292.1,2178.8,2350.0,2110.0,12.12,0
2017-05-30,2203.5,2292.1,2339.1,2160.0,13.89,0
2017-05-31,2298.0,2203.5,2334.0,2154.3,16.28,0
2017-06-01,2413.6,2298.0,2456.4,2296.8,18.39,0
2017-06-02,2488.9,2413.6,2489.0,2370.0,12.42,0
2017-06-03,2540.9,2488.9,2584.3,2445.0,10.81,0
2017-06-04,2530.3,2540.9,2569.0,2460.0,8.83,0
2017-06-05,2698.0,2530.3,2699.4,2525.3,12.22,0
2017-06-06,2880.7,2698.0,2933.0,2689.4,26.67,0
2017-06-07,2683.0,2880.7,2893.3,2612.5,16.96,0
2017-06-08,2806.0,2683.0,2815.0,2613.1,13.25,0
2017-06-09,2822.3,2806.0,2868.2,2780.4,8.04,0
2017-06-10,2900.0,2822.3,2913.0,2800.0,9.59,0
2017-06-11,2954.2,2900.0,2967.5,2861.5,6.83,0
2017-06-12,2667.1,2954.2,2980.0,2480.0,31.53,0
2017-06-13,2703.0,2667.1,2783.6,2638.6,16.04,0
2017-06-14,2450.0,2703.0,2801.0,2320.0,29.47,0
2017-06-15,2424.9,2450.0,2516.2,2120.0,36.74,0
2017-06-16,2484.7,2424.9,2540.0,2307.7,13.8,0
2017-06-17,2630.0,2484.7,2674.4,2420.5,11.14,0
2017-06-18,2517.0,2630.0,2665.0,2460.6,9.42,0
2017-06-19,2598.0,2517.0,2598.0,2481.0,10.56,0
2017-06-20,2740.0,2598.0,2783.0,2581.0,15.89,0
2017-06-21,2657.0,2740.0,2789.0,2611.0,15.67,0
2017-06-22,2713.5,2657.0,2740.0,2594.6,10.79,0
2017-06-23,2685.1,2713.5,2745.0,2657.5,8.23,0
2017-06-24,2557.7,2685.1,2725.0,2512.1,13.34,0
2017-06-25,2502.0,2557.7,2635.7,2432.0,10.34,0
2017-06-26,2421.2,2502.0,2550.0,2315.0,22.09,0
2017-06-27,2565.0,2421.2,2565.0,2291.0,19.11,0
2017-06-28,2559.9,2565.0,2593.0,2468.0,12.25,0
2017-06-29,2541.6,2559.9,2594.8,2500.3,8.12,0
2017-06-30,2465.5,2541.6,2564.6,2451.0,8.71,0
2017-07-01,2412.4,2465.5,2517.1,2390.0,8.86,0
2017-07-02,2504.4,2412.4,2528.7,2374.3,8.74,0
2017-07-03,2550.5,2504.4,2595.0,2472.7,11.52,0
2017-07-04,2596.1,2550.5,2639.5,2540.1,9.65,0
2017-07-05,2602.9,2596.1,2623.0,2530.1,10.88,0
2017-07-06,2600.4,2602.9,2614.0,2522.0,8.33,0
2017-07-07,2501.5,2600.4,2605.0,2475.0,9.43,0
2017-07-08,2550.1,2501.5,2555.0,2462.0,5.4,0
2017-07-09,2502.3,2550.1,2564.6,2500.5,4.48,0
2017-07-10,2323.4,2502.3,2527.9,2261.9,17.29,0
2017-07-11,2306.0,2323.4,2399.0,2242.6,17.58,0
2017-07-12,2388.0,2306.0,2408.8,2239.5,12.88,0
2017-07-13,2340.0,2388.0,2425.2,2312.9,8.43,0
2017-07-14,2213.4,2340.0,2357.8,2140.0,12.61,0
2017-07-15,1970.5,2213.4,2220.0,1967.7,19.88,0
2017-07-16,1917.6,1970.5,2044.4,1830.0,25.56,0
2017-07-17,2226.0,1917.6,2230.0,1910.6,26.43,0
2017-07-18,2303.7,2226.0,2392.0,2164.0,25.19,0
2017-07-19,2265.2,2303.7,2402.5,2223.0,17.01,0
2017-07-20,2875.0,2265.2,2938.0,2265.2,30.97,0
2017-07-21,2670.0,2875.0,2887.4,2611.4,20.71,0
2017-07-22,2832.7,2670.0,2882.0,2644.6,12.81,0
2017-07-23,2749.0,2832.7,2855.0,2640.0,11.0,0
2017-07-24,2760.0,2749.0,2800.0,2701.0,10.0,0
2017-07-25,2564.8,2760.0,2775.8,2450.0,21.33,0
2017-07-26,2525.0,2564.8,2609.0,2400.0,17.71,0
2017-07-27,2666.3,2525.0,2695.0,2509.6,11.83,0
2017-07-28,2777.0,2666.3,2825.0,2655.8,14.06,0
2017-07-29,2680.6,2777.0,2785.6,2631.8,10.78,0
2017-07-30,2742.4,2680.6,2774.4,2569.7,9.68,0
2017-07-31,2855.8,2742.4,2890.0,2680.0,11.11,0
2017-08-01,2731.0,2855.8,2929.2,2615.0,12.52,0
2017-08-02,2703.5,2731.0,2760.0,2650.0,9.48,0
2017-08-03,2793.4,2703.5,2807.4,2698.8,7.96,0
2017-08-04,2855.0,2793.4,2877.5,2765.9,7.64,0
2017-08-05,3263.6,2855.0,3339.7,2848.3,16.99,0
2017-08-06,3222.8,3263.6,3296.5,3146.1,6.0,0
2017-08-07,3387.6,3222.8,3430.0,3186.0,12.04,0
2017-08-08,3412.4,3387.6,3490.0,3300.0,15.83,0
2017-08-09,3343.0,3412.4,3423.1,3178.7,14.27,0
2017-08-10,3413.0,3343.0,3448.0,3311.2,9.03,0
2017-08-11,3645.1,3413.0,3705.0,3390.7,11.92,0
2017-08-12,3855.1,3645.1,3934.0,3586.9,12.34,0
2017-08-13,4053.9,3855.1,4190.0,3841.7,15.88,0
2017-08-14,4306.2,4053.9,4329.4,3965.0,14.21,0
2017-08-15,4155.7,4306.2,4400.0,3800.0,25.5,0
2017-08-16,4378.8,4155.7,4379.8,3926.1,12.92,0
2017-08-17,4276.5,4378.8,4480.0,4167.2,14.57,0
2017-08-18,4100.0,4276.5,4368.0,3965.0,17.33,0
2017-08-19,4099.5,4100.0,4188.0,3900.0,15.03,0
2017-08-20,4058.7,4099.5,4126.0,4000.0,6.24,0
2017-08-21,3987.5,4058.7,4080.0,3949.8,9.78,0
2017-08-22,4085.0,3987.5,4139.3,3600.0,23.5,0
2017-08-23,4108.1,4085.0,4249.0,4051.9,14.97,0
2017-08-24,4300.3,4108.1,4350.0,4082.6,10.78,0
2017-08-25,4356.0,4300.3,4450.0,4270.0,9.69,0
2017-08-26,4333.4,4356.0,4369.8,4232.4,6.56,0
2017-08-27,4337.7,4333.4,4393.3,4290.3,3.94,0
2017-08-28,4380.0,4337.7,4399.7,4169.0,8.64,0
2017-08-29,4578.8,4380.0,4649.8,4336.3,11.88,0
2017-08-30,4573.2,4578.8,4642.2,4479.0,8.59,0
2017-08-31,4734.3,4573.2,4765.2,4566.7,8.9,0
2017-09-01,4921.7,4734.3,4935.0,4671.1,15.35,0
2017-09-02,4599.9,4921.7,4979.9,4488.5,16.97,0
2017-09-03,4606.3,4599.9,4700.0,4385.0,11.22,0
2017-09-04,4277.0,4606.3,4614.0,4058.5,25.01,0
2017-09-05,4396.5,4277.0,4474.9,4001.9,20.87,0
2017-09-06,4605.8,4396.5,4649.2,4356.4,16.61,0
2017-09-07,4615.0,4605.8,4674.3,4475.0,9.25,0
2017-09-08,4312.0,4615.0,4680.0,4126.0,23.65,0
2017-09-09,4308.7,4312.0,4379.8,4164.0,9.97,0
2017-09-10,4226.2,4308.7,4322.4,4010.0,14.71,0
2017-09-11,4207.3,4226.2,4353.5,4092.4,11.15,0
2017-09-12,4172.6,4207.3,4377.6,4080.0,13.25,0
2017-09-13,3865.3,4172.6,4179.1,3720.0,29.52,0
2017-09-14,3227.8,3865.3,3921.7,3210.0,41.2,0
2017-09-15,3700.0,3227.8,3820.0,2977.0,59.78,0
2017-09-16,3678.9,3700.0,3872.9,3500.0,23.1,0
2017-09-17,3663.0,3678.9,3772.5,3463.0,11.76,0
2017-09-18,4101.6,3663.0,4122.7,3659.4,17.18,0
2017-09-19,3888.8,4101.6,4119.7,3848.4,15.25,0
2017-09-20,3874.5,3888.8,4050.0,3820.6,11.64,0
2017-09-21,3617.1,3874.5,3914.0,3573.0,17.9,0
2017-09-22,3612.2,3617.1,3761.8,3514.0,14.96,0
2017-09-23,3779.2,3612.2,3810.3,3552.0,10.11,0
2017-09-24,3664.2,3779.2,3783.3,3615.0,6.51,0
2017-09-25,3918.0,3664.2,3968.6,3658.4,14.93,0
2017-09-26,3888.0,3918.0,3970.0,3850.6,9.98,0
2017-09-27,4199.3,3888.0,4226.7,3870.0,15.05,0
2017-09-28,4184.8,4199.3,4270.0,4123.5,9.61,0
2017-09-29,4164.8,4184.8,4227.6,4022.0,12.15,0
2017-09-30,4326.1,4164.8,4349.0,4154.3,7.48,0
2017-10-01,4377.2,4326.1,4377.2,4216.0,7.19,0
2017-10-02,4391.5,4377.2,4453.0,4352.0,8.26,0
2017-10-03,4315.8,4391.5,4425.0,4218.0,12.44,0
2017-10-04,4219.5,4315.8,4343.0,4170.1,8.5,0
2017-10-05,4301.1,4219.5,4359.0,4138.0,8.4,0
2017-10-06,4363.0,4301.1,4425.0,4278.4,8.37,0
2017-10-07,4423.3,4363.0,4463.0,4312.8,4.62,0
2017-10-08,4598.0,4423.3,4612.0,4404.5,10.07,0
2017-10-09,4764.7,4598.0,4865.0,4541.0,12.9,0
2017-10-10,4749.3,4764.7,4910.0,4700.0,11.66,0
2017-10-11,4822.0,4749.3,4869.8,4700.0,9.85,0
2017-10-12,5445.0,4822.0,5445.0,4793.7,19.89,0
2017-10-13,5653.6,5445.0,5846.4,5380.0,27.8,0
2017-10-14,5801.3,5653.6,5817.3,5558.3,8.39,0
2017-10-15,5679.7,5801.3,5830.0,5415.0,11.53,0
2017-10-16,5745.7,5679.7,5807.1,5548.0,9.05,0
2017-10-17,5597.3,5745.7,5776.3,5506.8,9.09,0
2017-10-18,5582.0,5597.3,5617.8,5101.4,18.91,0
2017-10-19,5698.7,5582.0,5735.1,5512.1,9.88,0
2017-10-20,5977.3,5698.7,6074.0,5589.8,15.05,0
2017-10-21,6013.5,5977.3,6180.0,5871.0,15.31,0
2017-10-22,5969.0,6013.5,6071.1,5700.0,12.21,0
2017-10-23,5871.2,5969.0,6045.3,5617.8,15.26,0
2017-10-24,5523.4,5871.2,5871.2,5453.0,17.26,0
2017-10-25,5735.9,5523.4,5748.0,5366.0,12.31,0
2017-10-26,5890.0,5735.9,5988.0,5683.0,11.74,0
2017-10-27,5771.9,5890.0,5994.1,5674.1,11.88,0
2017-10-28,5730.7,5771.9,5875.7,5646.2,5.91,0
2017-10-29,6137.4,5730.7,6316.9,5683.0,16.07,0
2017-10-30,6120.0,6137.4,6229.8,6024.0,9.57,0
2017-10-31,6434.2,6120.0,6449.8,6072.8,13.39,0
2017-11-01,6741.6,6434.2,6756.4,6340.0,12.94,0
2017-11-02,7030.0,6741.6,7354.1,6700.0,26.44,0
2017-11-03,7146.8,7030.0,7500.0,6925.2,15.98,0
2017-11-04,7388.8,7146.8,7569.9,6994.0,9.18,0
2017-11-05,7372.7,7388.8,7590.0,7275.2,9.21,0
2017-11-06,6967.7,7372.7,7421.4,6922.1,19.29,0
2017-11-07,7130.3,6967.7,7244.7,6945.0,11.63,0
2017-11-08,7450.3,7130.3,7888.0,7080.0,24.6,0
2017-11-09,7148.0,7450.3,7490.0,7061.2,14.73,0
2017-11-10,6588.2,7148.0,7343.2,6429.4,26.49,0
2017-11-11,6355.1,6588.2,6820.0,6218.0,14.89,0
2017-11-12,5870.4,6355.1,6488.9,5555.5,37.22,0
2017-11-13,6525.2,5870.4,6775.8,5846.0,27.16,0
2017-11-14,6609.0,6525.2,6750.0,6466.9,12.07,0
2017-11-15,7294.0,6609.0,7350.0,6609.0,16.87,0
2017-11-16,7847.0,7294.0,7976.8,7120.9,19.27,0
2017-11-17,7675.0,7847.0,7997.0,7528.5,17.71,0
2017-11-18,7771.0,7675.0,7858.0,7431.5,7.33,0
2017-11-19,8016.6,7771.0,8087.4,7675.0,8.31,0
2017-11-20,8226.2,8016.6,8270.0,7900.0,8.18,0
2017-11-21,8095.2,8226.2,8354.5,7770.0,13.69,0
2017-11-22,8214.7,8095.2,8310.9,8045.8,8.08,0
2017-11-23,7989.0,8214.7,8279.8,7980.0,7.81,0
2017-11-24,8199.2,7989.0,8340.0,7876.0,9.29,0
2017-11-25,8718.0,8199.2,8737.0,8114.8,11.61,0
2017-11-26,9271.1,8718.0,9366.6,8538.2,12.02,0
2017-11-27,9708.1,9271.1,9721.7,9267.0,13.27,0
2017-11-28,9868.8,9708.1,9968.0,9582.3,11.21,0
2017-11-29,9824.7,9868.8,11395.0,9289.0,29.51,0
2017-11-30,9947.7,9824.7,10618.3,9000.0,25.43,0
2017-12-01,10840.5,9947.7,10949.9,9370.1,16.71,0
2017-12-02,10872.0,10840.5,11200.0,10637.7,9.27,0
2017-12-03,11250.0,10872.0,11800.0,10513.2,14.24,0
2017-12-04,11613.1,11250.0,11613.1,10850.0,13.62,0
2017-12-05,11677.0,11613.1,11850.0,11384.3,10.91,0
2017-12-06,13623.5,11677.0,13700.0,11659.8,19.78,0
2017-12-07,16600.0,13623.5,16615.6,13085.9,24.42,0
2017-12-08,15800.0,16600.0,16666.7,13482.4,25.47,0
2017-12-09,14607.5,15800.0,15998.5,12701.0,15.76,0
2017-12-10,14691.0,14607.5,15385.0,13011.0,18.49,0
2017-12-11,16470.0,14691.0,17270.0,14677.2,16.58,0
2017-12-12,16650.0,16470.0,17428.4,15967.3,12.51,0
2017-12-13,16250.0,16650.0,17107.0,15497.7,17.14,0
2017-12-14,16405.0,16250.0,16830.4,15852.7,13.41,0
2017-12-15,17471.5,16405.0,17934.0,16337.2,19.0,0
2017-12-16,19187.8,17471.5,19377.0,17270.0,9.76,0
2017-12-17,18953.0,19187.8,19666.0,18465.0,9.75,0
2017-12-18,18940.6,18953.0,19220.0,17835.2,14.68,0
2017-12-19,17700.0,18940.6,19160.8,16831.3,21.53,0
2017-12-20,16467.0,17700.0,17950.0,15343.0,31.17,0
2017-12-21,15600.0,16467.0,17281.2,15005.0,20.38,0
2017-12-22,14009.8,15600.0,15795.6,11159.9,57.44,0
2017-12-23,14619.0,14009.8,15756.2,13496.5,21.79,0
2017-12-24,14157.9,14619.0,14619.1,12488.0,18.52,0
2017-12-25,13911.3,14157.9,14650.0,13210.0,11.56,0
2017-12-26,15764.4,13911.3,16147.9,13747.0,15.05,0
2017-12-27,15364.9,15764.4,16480.5,14484.0,15.64,0
2017-12-28,14470.1,15364.9,15474.2,13500.0,16.56,0
2017-12-29,14340.0,14470.1,15111.0,13998.0,13.51,0
2017-12-30,12640.0,14340.0,14463.3,12050.0,21.75,0
2017-12-31,13880.0,12640.0,14296.1,12491.2,11.58,0
2018-01-01,13443.4,13880.0,13941.8,12801.4,7.69,0
2018-01-02,14678.9,13443.4,15257.5,12910.6,16.3,0
2018-01-03,15155.6,14678.9,15500.0,14546.3,12.28,0
2018-01-04,15143.7,15155.6,15430.3,14192.4,15.0,0
2018-01-05,16928.0,15143.7,17200.0,14810.0,16.25,0
2018-01-06,17149.7,16928.0,17235.0,16220.0,9.5,0
2018-01-07,16124.0,17149.7,17150.0,15707.2,8.63,0
2018-01-08,15000.0,16124.0,16300.0,13900.0,16.68,0
2018-01-09,14403.5,15000.0,15367.2,14124.0,13.91,0
2018-01-10,14890.0,14403.5,14900.0,13412.0,18.48,0
2018-01-11,13243.8,14890.0,14973.1,12800.0,19.63,0
2018-01-12,13781.4,13243.8,14152.2,12807.3,13.43,0
2018-01-13,14197.8,13781.4,14619.1,13781.4,7.49,0
2018-01-14,13648.0,14197.8,14365.8,13072.2,7.59,0
2018-01-15,13607.0,13648.0,14394.4,13429.3,9.44,0
2018-01-16,11386.3,13607.0,13607.0,10162.0,38.79,0
2018-01-17,11114.1,11380.7,11764.7,9280.3,41.36,0
2018-01-18,11290.9,11114.1,12140.0,10693.0,22.2,0
2018-01-19,11552.0,11247.6,12050.0,11025.2,13.2,0
2018-01-20,12776.0,11552.0,13041.3,11525.9,10.32,0
2018-01-21,11555.0,12776.0,12791.9,11100.0,11.6,0
2018-01-22,10799.2,11555.0,11900.0,10028.4,17.06,0
2018-01-23,10851.8,10810.0,11400.0,9948.0,17.25,0
2018-01-24,11412.6,10851.8,11500.0,10488.1,11.64,0
2018-01-25,11155.5,11407.5,11741.8,10870.3,10.22,0
2018-01-26,11093.0,11155.5,11635.0,10280.9,15.07,0
2018-01-27,11446.5,11093.0,11630.5,10834.7,10.31,0
2018-01-28,11685.6,11446.5,11989.1,11360.5,9.96,0
2018-01-29,11162.9,11685.6,11819.8,10992.0,10.0,0
2018-01-30,9971.0,11162.9,11222.4,9750.0,21.08,0
2018-01-31,10153.6,9971.0,10324.0,9519.0,12.74,0
2018-02-01,8999.0,10153.6,10187.6,8455.0,26.36,0
2018-02-02,8838.8,8999.0,9096.8,7625.3,44.41,0
2018-02-03,9225.9,8838.8,9491.2,8170.7,16.21,0
2018-02-04,8191.0,9225.9,9350.0,7835.2,19.11,0
2018-02-05,6874.3,8191.0,8335.6,6600.0,46.54,0
2018-02-06,7729.6,6874.3,8137.8,5920.7,70.96,0
2018-02-07,7588.0,7729.6,8648.9,7219.0,32.64,0
2018-02-08,8259.8,7588.0,8640.2,7579.6,22.75,0
2018-02-09,8694.0,8259.8,8760.1,7753.3,18.42,0
2018-02-10,8560.0,8694.0,9090.8,8170.9,14.67,0
2018-02-11,8067.0,8560.0,8560.0,7820.0,12.71,0
2018-02-12,8898.9,8067.0,8992.9,8067.0,15.07,0
2018-02-13,8523.0,8911.8,8951.9,8360.1,11.37,0
2018-02-14,9491.0,8523.0,9515.0,8504.6,17.47,0
2018-02-15,10030.0,9491.0,10231.9,9350.0,21.04,0
2018-02-16,10205.3,10018.0,10300.0,9710.0,11.86,0
2018-02-17,11101.0,10205.3,11134.3,10063.0,14.51,0
2018-02-18,10421.0,11101.0,11300.0,10153.2,17.62,0
2018-02-19,11173.0,10421.0,11258.0,10332.2,11.7,0
2018-02-20,11230.6,11173.0,11780.0,11080.4,15.88,0
2018-02-21,10449.4,11230.6,11275.7,10256.9,19.96,0
2018-02-22,9843.5,10449.4,10935.0,9731.2,20.2,0
2018-02-23,10166.1,9843.5,10405.3,9600.0,16.04,0
2018-02-24,9690.0,10166.1,10540.5,9373.5,13.97,0
2018-02-25,9590.0,9690.0,9883.4,9260.0,11.03,0
2018-02-26,10324.7,9597.4,10462.0,9376.3,16.16,0
2018-02-27,10556.8,10324.7,10850.0,10150.0,10.39,0
2018-02-28,10314.9,10556.8,11060.2,10255.1,10.5,0
2018-03-01,10903.1,10314.9,11090.0,10247.6,9.48,0
2018-03-02,11030.0,10903.1,11175.0,10774.1,8.33,0
2018-03-03,11445.0,11030.0,11501.7,11022.8,7.79,0
2018-03-04,11462.4,11445.0,11511.0,11056.0,6.83,0
2018-03-05,11425.0,11463.3,11688.0,11389.0,9.9,0
2018-03-06,10723.8,11425.0,11425.0,10560.2,14.76,0
2018-03-07,9913.0,10723.8,10911.8,9455.0,26.12,0
2018-03-08,9285.3,9913.0,10146.1,9079.7,22.52,0
2018-03-09,9231.2,9285.3,9419.7,8366.0,29.01,0
2018-03-10,8791.5,9231.2,9509.0,8697.0,12.89,0
2018-03-11,9534.4,8791.5,9767.0,8450.0,16.41,0
2018-03-12,9120.8,9535.0,9892.0,8765.0,18.75,0
2018-03-13,9142.3,9120.8,9482.8,8848.0,16.0,0
2018-03-14,8196.7,9142.3,9356.1,7948.0,21.19,0
2018-03-15,8265.0,8196.7,8425.0,7682.0,18.39,0
2018-03-16,8258.5,8265.0,8612.4,7914.5,16.5,0
2018-03-17,7860.8,8258.5,8350.0,7734.0,12.05,0
2018-03-18,8188.2,7860.8,8300.0,7325.4,19.55,0
2018-03-19,8604.4,8188.2,8713.3,8114.6,19.4,0
2018-03-20,8904.2,8604.4,9051.0,8313.0,13.46,0
2018-03-21,8893.8,8904.0,9188.1,8778.7,12.1,0
2018-03-22,8706.0,8893.8,9099.6,8503.5,12.59,0
2018-03-23,8916.9,8704.7,8916.9,8268.3,13.75,0
2018-03-24,8547.4,8916.9,9011.9,8505.0,9.73,0
2018-03-25,8453.9,8547.4,8679.6,8371.1,9.16,0
2018-03-26,8136.3,8453.9,8500.0,7831.1,17.69,0
2018-03-27,7791.7,8136.3,8211.6,7744.4,12.39,0
2018-03-28,7928.1,7791.7,8105.0,7723.1,8.44,0
2018-03-29,7088.4,7932.4,7968.0,6915.3,22.14,0
2018-03-30,6850.0,7088.4,7300.0,6581.0,29.1,0
2018-03-31,6928.6,6850.0,7229.0,6794.6,11.58,0
2018-04-01,6813.5,6928.6,7045.7,6427.4,18.05,0
2018-04-02,7052.8,6813.5,7106.5,6760.0,13.62,0
2018-04-03,7416.3,7052.8,7506.1,7001.3,16.09,0
2018-04-04,6799.5,7416.3,7430.0,6710.4,15.78,0
2018-04-05,6771.7,6799.5,6928.7,6579.3,11.9,0
2018-04-06,6618.3,6771.7,6847.7,6510.0,8.48,0
2018-04-07,6904.2,6618.3,7069.1,6604.2,7.68,0
2018-04-08,7027.3,6904.2,7104.2,6894.8,4.35,0
2018-04-09,6780.1,7027.3,7174.7,6612.0,10.1,0
2018-04-10,6836.0,6780.1,6900.0,6653.2,6.48,0
2018-04-11,6940.9,6835.7,6969.5,6809.3,5.83,0
2018-04-12,7923.8,6940.9,8069.3,6758.5,19.03,0
2018-04-13,7884.4,7923.8,8239.3,7753.3,19.61,0
2018-04-14,8000.4,7877.3,8230.0,7835.0,8.94,0
2018-04-15,8354.2,8000.4,8415.0,8000.4,7.54,0
2018-04-16,8046.6,8354.2,8420.0,7905.0,10.87,0
2018-04-17,7890.9,8054.5,8160.9,7806.8,9.28,0
2018-04-18,8172.8,7890.9,8235.0,7870.4,9.23,0
2018-04-19,8271.3,8172.8,8297.6,8098.2,9.44,0
2018-04-20,8861.0,8271.3,8934.0,8219.4,16.06,0
2018-04-21,8923.5,8868.9,9023.4,8608.0,15.34,0
2018-04-22,8790.0,8920.7,9036.4,8760.0,9.35,0
2018-04-23,8947.0,8790.0,9006.4,8771.2,10.29,0
2018-04-24,9644.6,8947.0,9737.2,8931.0,20.46,0
2018-04-25,8861.5,9644.6,9755.5,8757.2,33.04,0
2018-04-26,9275.1,8861.5,9320.0,8650.8,20.03,0
2018-04-27,8921.4,9275.0,9387.8,8901.1,11.39,0
2018-04-28,9345.1,8921.4,9442.3,8854.5,15.56,0
2018-04-29,9389.7,9345.1,9538.7,9180.0,10.94,0
2018-04-30,9242.2,9389.7,9444.0,9111.0,8.09,0
2018-05-01,9072.0,9242.2,9243.5,8850.0,12.14,0
2018-05-02,9222.0,9072.5,9259.2,8975.2,10.58,0
2018-05-03,9732.4,9222.0,9790.0,9165.2,11.67,0
2018-05-04,9696.6,9732.4,9783.8,9535.0,7.33,0
2018-05-05,9823.3,9689.0,9949.0,9670.7,7.4,0
2018-05-06,9627.3,9823.3,9917.8,9377.8,8.16,0
2018-05-07,9359.5,9627.3,9634.5,9175.0,13.62,0
2018-05-08,9181.6,9359.5,9450.0,9028.9,11.42,0
2018-05-09,9308.5,9176.2,9368.8,8974.6,11.37,0
2018-05-10,9021.0,9308.5,9393.0,8987.7,11.76,0
2018-05-11,8409.0,9021.0,9021.0,8351.0,20.38,0
2018-05-12,8477.8,8409.0,8650.0,8209.0,15.46,0
2018-05-13,8696.6,8481.5,8761.4,8335.6,9.84,0
2018-05-14,8674.4,8696.6,8900.0,8289.9,18.86,0
2018-05-15,8468.7,8674.4,8865.0,8417.0,12.39,0
2018-05-16,8346.6,8475.0,8505.3,8101.0,12.71,0
2018-05-17,8063.4,8346.6,8497.1,7989.1,8.26,0
2018-05-18,8248.9,8067.0,8275.0,7929.5,7.18,0
2018-05-19,8231.2,8248.9,8395.0,8142.8,3.78,0
2018-05-20,8518.5,8231.2,8588.9,8170.7,5.31,0
2018-05-21,8401.9,8518.5,8589.1,8321.3,6.13,0
2018-05-22,7984.1,8403.2,8417.1,7951.8,9.1,0
2018-05-23,7508.3,7984.1,8028.7,7443.4,17.64,0
2018-05-24,7586.9,7502.9,7734.0,7270.3,11.65,0
2018-05-25,7471.2,7586.9,7661.1,7328.1,10.09,0
2018-05-26,7336.0,7471.2,7619.0,7280.9,4.04,0
2018-05-27,7347.4,7336.0,7412.6,7214.8,3.14,0
2018-05-28,7112.5,7347.4,7444.4,7085.0,6.58,0
2018-05-29,7465.8,7112.5,7537.0,7044.5,11.05,0
2018-05-30,7375.7,7469.5,7559.0,7273.9,8.94,0
2018-05-31,7488.9,7375.7,7600.0,7330.2,7.34,0
2018-06-01,7511.6,7492.3,7617.5,7351.8,6.76,0
2018-06-02,7643.9,7511.6,7697.0,7438.9,4.01,0
2018-06-03,7703.9,7642.1,7790.0,7583.0,4.73,0
2018-06-04,7494.3,7703.9,7743.0,7450.0,6.99,0
2018-06-05,7618.0,7489.3,7665.0,7361.2,9.97,0
2018-06-06,7659.3,7619.0,7695.5,7485.9,7.06,0
2018-06-07,7689.3,7658.6,7750.0,7619.0,7.55,0
2018-06-08,7618.1,7689.3,7697.0,7542.0,4.68,0
2018-06-09,7492.7,7618.1,7686.5,7468.3,2.71,0
2018-06-10,6784.1,7492.7,7498.0,6640.3,14.39,0
2018-06-11,6880.6,6781.2,6920.0,6636.1,11.42,0
2018-06-12,6557.7,6880.6,6880.8,6461.4,8.83,0
2018-06-13,6305.8,6557.7,6624.5,6132.0,19.19,0
2018-06-14,6644.0,6308.5,6706.1,6270.7,14.19,0
2018-06-15,6390.6,6646.1,6660.0,6370.0,7.13,0
2018-06-16,6488.1,6390.6,6557.0,6333.7,3.55,0
2018-06-17,6453.4,6488.1,6574.8,6429.2,2.83,0
2018-06-18,6709.8,6453.4,6783.2,6381.3,5.94,0
2018-06-19,6736.5,6707.5,6841.8,6660.8,5.45,0
2018-06-20,6756.6,6736.5,6809.3,6559.0,5.2,0
2018-06-21,6718.3,6756.6,6792.2,6677.9,4.84,0
2018-06-22,6050.4,6718.3,6738.0,5947.1,18.54,0
2018-06-23,6177.4,6050.4,6261.0,6048.8,4.59,0
2018-06-24,6153.4,6177.4,6254.0,5780.0,11.42,0
2018-06-25,6253.6,6153.4,6324.0,6085.6,9.69,0
2018-06-26,6075.4,6253.6,6277.0,6050.0,7.75,0
2018-06-27,6135.6,6068.0,6180.8,5985.0,7.46,0
2018-06-28,5844.0,6135.6,6164.8,5818.1,8.87,0
2018-06-29,6205.8,5845.2,6299.0,5789.2,12.07,0
2018-06-30,6385.7,6205.8,6499.2,6190.3,6.92,0
2018-07-01,6350.0,6385.7,6438.5,6259.4,4.16,0
2018-07-02,6611.0,6350.0,6667.6,6270.7,8.8,0
2018-07-03,6507.4,6613.0,6663.3,6464.4,5.93,0
2018-07-04,6584.3,6507.4,6790.6,6413.2,6.71,0
2018-07-05,6527.0,6584.3,6700.0,6445.3,7.69,0
2018-07-06,6596.5,6533.7,6636.1,6450.0,5.46,0
2018-07-07,6760.0,6596.5,6807.2,6510.0,4.84,0
2018-07-08,6701.3,6760.0,6782.3,6674.6,5.15,0
2018-07-09,6652.1,6706.6,6809.3,6624.5,7.17,0
2018-07-10,6304.5,6656.9,6683.9,6270.8,9.16,0
2018-07-11,6379.9,6304.5,6400.0,6286.4,6.37,0
2018-07-12,6250.0,6380.0,6380.0,6072.2,7.79,0
2018-07-13,6214.5,6249.8,6337.3,6130.0,5.9,0
2018-07-14,6244.0,6211.7,6317.5,6180.0,2.59,0
2018-07-15,6350.8,6244.0,6391.9,6229.3,3.55,0
2018-07-16,6731.5,6353.3,6754.7,6333.6,9.4,0
2018-07-17,7311.8,6700.9,7467.9,6658.0,12.7,0
2018-07-18,7385.0,7311.8,7590.0,7239.1,13.34,0
2018-07-19,7471.8,7374.9,7562.1,7278.8,8.8,0
2018-07-20,7332.0,7474.3,7676.3,7266.0,9.38,0
2018-07-21,7409.0,7330.8,7458.0,7213.0,4.05,0
2018-07-22,7396.6,7409.9,7581.0,7336.1,5.11,0
2018-07-23,7719.6,7396.6,7800.0,7374.5,12.57,0
2018-07-24,8392.9,7719.6,8450.7,7691.1,18.71,0
2018-07-25,8171.1,8403.9,8475.0,8050.0,10.35,0
2018-07-26,7926.0,8174.1,8300.0,7856.0,8.09,0
2018-07-27,8177.2,7926.0,8275.0,7800.0,8.7,0
2018-07-28,8241.2,8178.1,8249.4,8056.0,2.77,0
2018-07-29,8209.7,8241.2,8299.9,8112.1,3.98,0
2018-07-30,8160.2,8209.7,8295.0,7853.0,11.79,0
2018-07-31,7725.8,8162.3,8162.3,7634.4,11.99,0
2018-08-01,7602.0,7730.7,7753.7,7440.2,11.41,0
2018-08-02,7536.4,7602.0,7706.4,7461.0,5.26,0
2018-08-03,7417.0,7536.4,7542.9,7286.4,9.59,0
2018-08-04,7009.0,7417.0,7489.5,6929.3,6.83,0
2018-08-05,7032.6,7010.0,7081.3,6888.9,6.04,0
2018-08-06,6936.1,7023.4,7152.0,6835.1,7.32,0
2018-08-07,6718.2,6930.0,7150.0,6674.6,10.04,0
2018-08-08,6282.1,6717.7,6717.7,6125.0,14.67,0
2018-08-09,6543.8,6283.6,6627.0,6190.0,9.48,0
2018-08-10,6140.0,6543.8,6584.0,5995.8,14.1,0
2018-08-11,6234.0,6153.2,6479.8,6000.0,6.82,0
2018-08-12,6310.8,6240.0,6493.8,6163.4,7.17,0
2018-08-13,6252.6,6310.8,6544.4,6142.2,8.9,0
2018-08-14,6193.6,6252.6,6252.6,5888.5,14.24,0
2018-08-15,6272.3,6193.6,6628.5,6186.0,12.5,0
2018-08-16,6312.1,6272.3,6477.6,6221.7,7.1,0
2018-08-17,6580.1,6313.2,6580.1,6290.7,6.64,0
2018-08-18,6399.3,6580.1,6614.7,6303.0,3.5,0
2018-08-19,6482.1,6399.3,6543.0,6314.0,3.14,0
2018-08-20,6265.7,6481.6,6523.0,6223.9,6.25,0
2018-08-21,6479.3,6260.8,6513.0,6246.0,5.66,0
2018-08-22,6355.0,6479.3,6870.0,6252.0,11.96,0
2018-08-23,6525.0,6356.0,6550.9,6344.8,4.03,0
2018-08-24,6689.0,6528.3,6720.5,6448.0,6.38,0
2018-08-25,6732.4,6692.0,6800.0,6664.3,4.98,0
2018-08-26,6703.0,6732.4,6775.3,6559.9,3.47,0
2018-08-27,6903.5,6698.2,6944.4,6649.7,5.86,0
2018-08-28,7080.9,6903.5,7125.3,6862.6,8.23,0
2018-08-29,7036.5,7080.9,7124.1,6890.6,5.73,0
2018-08-30,6984.0,7033.0,7056.0,6792.9,6.88,0
2018-08-31,7009.0,6984.0,7100.0,6880.0,5.79,0
2018-09-01,7185.0,7015.6,7300.0,7015.2,4.59,0
2018-09-02,7290.3,7185.0,7326.0,7130.6,3.3,0
2018-09-03,7259.0,7290.3,7333.6,7192.1,2.83,0
2018-09-04,7361.0,7259.0,7406.0,7231.0,4.53,0
2018-09-05,6679.3,7361.0,7387.0,6650.0,12.41,0
2018-09-06,6491.3,6678.9,6705.6,6254.0,14.71,0
2018-09-07,6388.8,6489.9,6525.0,6324.9,6.54,0
2018-09-08,6178.3,6401.0,6465.5,6115.0,4.3,0
2018-09-09,6236.0,6178.3,6446.8,6144.6,4.1,0
2018-09-10,6302.0,6236.0,6349.5,6227.1,5.37,0
2018-09-11,6280.0,6302.0,6405.0,6171.9,7.08,0
2018-09-12,6322.5,6280.0,6349.0,6192.9,4.28,0
2018-09-13,6485.7,6322.5,6533.7,6322.5,6.99,0
2018-09-14,6478.2,6485.7,6585.0,6401.3,4.6,0
2018-09-15,6520.1,6477.8,6570.0,6466.8,1.33,0
2018-09-16,6500.0,6520.1,6524.8,6387.9,1.1,0
2018-09-17,6254.5,6500.0,6530.2,6200.0,4.39,0
2018-09-18,6332.5,6254.5,6390.0,6227.1,4.2,0
2018-09-19,6388.4,6332.5,6508.5,6104.6,7.24,0
2018-09-20,6493.0,6388.4,6535.1,6333.6,5.18,0
2018-09-21,6749.5,6493.0,6773.0,6483.8,8.57,0
2018-09-22,6710.0,6749.5,6826.3,6624.8,5.49,0
2018-09-23,6702.2,6710.0,6774.9,6659.4,3.25,0
2018-09-24,6581.5,6702.2,6721.7,6551.0,4.03,0
2018-09-25,6429.0,6581.5,6581.5,6325.0,8.21,0
2018-09-26,6461.0,6429.0,6540.0,6379.4,4.3,0
2018-09-27,6681.6,6461.0,6733.0,6432.3,5.67,0
2018-09-28,6610.8,6683.4,6792.3,6525.7,7.64,0
2018-09-29,6579.4,6609.0,6609.0,6457.6,3.38,0
2018-09-30,6597.8,6579.4,6628.0,6515.2,2.48,0
2018-10-01,6571.2,6597.8,6638.1,6477.6,4.8,0
2018-10-02,6500.0,6571.2,6597.0,6447.9,4.12,0
2018-10-03,6456.8,6500.0,6510.0,6396.3,4.77,0
2018-10-04,6547.6,6456.8,6594.9,6450.6,3.84,0
2018-10-05,6587.0,6547.6,6639.0,6513.3,3.81,0
2018-10-06,6544.1,6584.8,6594.2,6526.3,2.02,0
2018-10-07,6574.3,6544.1,6600.0,6493.9,2.46,0
2018-10-08,6604.8,6574.1,6652.0,6541.1,4.08,0
2018-10-09,6588.8,6604.8,6623.1,6553.1,2.25,0
2018-10-10,6517.5,6588.7,6589.8,6400.0,5.18,0
2018-10-11,6161.0,6517.5,6518.4,6067.0,9.62,0
2018-10-12,6184.9,6152.8,6238.3,6109.8,3.25,0
2018-10-13,6195.0,6180.8,6214.1,6168.8,2.27,0
