datetime,close,volume,open,high,low,missing
2013-10-14,1.64,3700.0,1.65,1.65,1.62,0.0
2013-10-15,1.64,0.0,1.64,1.64,1.64,0.0
2013-10-16,1.63,1115.0,1.6301,1.6301,1.61,0.0
2013-10-17,1.63,2300.0,1.63,1.63,1.61,0.0
2013-10-18,1.63,0.0,1.63,1.63,1.63,0.0
2013-10-21,1.65,6025.0,1.62,1.6601,1.62,0.0
2013-10-22,1.66,7300.0,1.75,1.75,1.56,0.0
2013-10-23,1.65,5000.0,1.63,1.6501,1.63,0.0
2013-10-24,1.61,3200.0,1.62,1.62,1.43,0.0
2013-10-25,1.61,0.0,1.61,1.61,1.61,0.0
2013-10-28,1.63,4030.0,1.6311,1.6311,1.63,0.0
2013-10-29,1.63,0.0,1.63,1.63,1.63,0.0
2013-10-30,1.64,2500.0,1.64,1.64,1.63,0.0
2013-10-31,1.63,215.0,1.64,1.64,1.63,0.0
2013-11-01,1.65,7799.0,1.64,1.65,1.639,0.0
2013-11-04,1.6301,1400.0,1.63,1.6301,1.63,0.0
2013-11-05,1.6499,6819.0,1.6309,1.65,1.63,0.0
2013-11-06,1.63,700.0,1.65,1.65,1.63,0.0
2013-11-07,1.63,0.0,1.63,1.63,1.63,0.0
2013-11-08,1.63,0.0,1.63,1.63,1.63,0.0
2013-11-11,1.6301,825.0,1.63,1.631,1.63,0.0
2013-11-12,1.63,100.0,1.63,1.63,1.63,0.0
2013-11-13,1.63,246.0,1.63,1.63,1.63,0.0
2013-11-14,1.63,4500.0,1.631,1.631,1.63,0.0
2013-11-15,1.72,14800.0,1.7199,1.75,1.7199,0.0
2013-11-18,1.75,2500.0,1.751,1.751,1.75,0.0
2013-11-19,1.75,2800.0,1.75,1.75,1.75,0.0
2013-11-20,1.7665,1100.0,1.75,1.7665,1.75,0.0
2013-11-21,1.72,1500.0,1.72,1.72,1.72,0.0
2013-11-22,1.7201,500.0,1.7201,1.7201,1.7201,0.0
2013-11-25,1.6543,1000.0,1.6543,1.6543,1.6543,0.0
2013-11-26,1.67,500.0,1.67,1.67,1.67,0.0
2013-11-27,1.67,0.0,1.67,1.67,1.67,0.0
2013-11-28,1.67,0.0,1.67,1.67,1.67,1.0
2013-11-29,1.67,0.0,1.67,1.67,1.67,0.0
2013-12-02,1.64,1300.0,1.58,1.64,1.58,0.0
2013-12-03,1.64,0.0,1.64,1.64,1.64,0.0
2013-12-04,1.51,3000.0,1.63,1.63,1.51,0.0
2013-12-05,1.58,1600.0,1.58,1.58,1.58,0.0
2013-12-06,1.58,0.0,1.58,1.58,1.58,0.0
2013-12-09,1.58,0.0,1.58,1.58,1.58,0.0
2013-12-10,1.581,4200.0,1.58,1.581,1.4902,0.0
2013-12-11,1.581,0.0,1.581,1.581,1.581,0.0
2013-12-12,1.58,1088.0,1.58,1.58,1.58,0.0
2013-12-13,1.59,1535.0,1.5801,1.59,1.5801,0.0
2013-12-16,1.5801,625.0,1.58,1.5801,1.58,0.0
2013-12-17,1.5801,0.0,1.5801,1.5801,1.5801,0.0
2013-12-18,1.66,3111.0,1.6,1.66,1.6,0.0
2013-12-19,1.66,0.0,1.66,1.66,1.66,0.0
2013-12-20,1.66,0.0,1.66,1.66,1.66,0.0
2013-12-23,1.5901,884.0,1.57,1.5901,1.57,0.0
2013-12-24,1.6,1600.0,1.59,1.6,1.56,0.0
2013-12-25,1.6,1600.0,1.59,1.6,1.56,1.0
2013-12-26,1.6,4487.0,1.64,1.76,1.6,0.0
2013-12-27,1.602,825.0,1.61,1.611,1.602,0.0
2013-12-30,1.62,7535.0,1.62,1.72,1.61,0.0
2013-12-31,1.61,1117.0,1.61,1.64,1.61,0.0
2014-01-01,1.61,1117.0,1.61,1.64,1.61,1.0
2014-01-02,1.61,0.0,1.61,1.61,1.61,0.0
2014-01-03,1.61,0.0,1.61,1.61,1.61,0.0
2014-01-06,1.61,0.0,1.61,1.61,1.61,0.0
2014-01-07,1.61,0.0,1.61,1.61,1.61,0.0
2014-01-08,1.61,0.0,1.61,1.61,1.61,0.0
2014-01-09,1.61,0.0,1.61,1.61,1.61,0.0
2014-01-10,1.61,0.0,1.61,1.61,1.61,0.0
2014-01-13,1.61,0.0,1.61,1.61,1.61,0.0
2014-01-14,1.681,13539.0,1.67,1.681,1.67,0.0
2014-01-15,1.681,0.0,1.681,1.681,1.681,0.0
2014-01-16,1.61,1300.0,1.61,1.62,1.61,0.0
2014-01-17,1.61,0.0,1.61,1.61,1.61,0.0
2014-01-20,1.61,0.0,1.61,1.61,1.61,1.0
2014-01-21,1.61,0.0,1.61,1.61,1.61,0.0
2014-01-22,1.61,0.0,1.61,1.61,1.61,0.0
2014-01-23,1.66,355.0,1.66,1.66,1.66,0.0
2014-01-24,1.67,610.0,1.67,1.67,1.67,0.0
2014-01-27,1.98,16415.0,1.89,1.99,1.75,0.0
2014-01-28,2.0,4514.0,1.98,2.01,1.98,0.0
2014-01-29,2.16,2124.0,2.05,2.2,2.04,0.0
2014-01-30,2.25,4770.0,2.1,2.25,2.1,0.0
2014-01-31,2.94,20212.0,2.95,3.0,2.55,0.0
2014-02-03,3.85,102902.0,3.09,4.4499,3.09,0.0
2014-02-04,3.06,115812.0,4.01,4.19,2.6582,0.0
2014-02-05,3.1,20089.0,3.05,3.3499,3.0,0.0
2014-02-06,3.293,16793.0,3.15,3.35,3.125,0.0
2014-02-07,3.127,13052.0,3.34,3.35,3.11,0.0
2014-02-10,3.15,11048.0,3.15,3.3499,3.15,0.0
2014-02-11,3.165,5606.0,3.0,3.165,2.7601,0.0
2014-02-12,2.85,26037.0,2.85,3.25,2.8,0.0
2014-02-13,2.84,5874.0,2.78,2.88,2.74,0.0
2014-02-14,2.68,3507.0,2.75,2.8694,2.659,0.0
2014-02-17,2.68,3507.0,2.75,2.8694,2.659,1.0
2014-02-18,2.74,3836.0,2.7,2.88,2.7,0.0
2014-02-19,2.8001,1100.0,2.741,2.8001,2.741,0.0
2014-02-20,2.78,10974.0,2.774,2.78,2.75,0.0
2014-02-21,2.81,919.0,2.78,2.82,2.78,0.0
2014-02-24,2.8201,4465.0,2.82,2.88,2.82,0.0
2014-02-25,2.82,1090.0,2.82,2.8201,2.82,0.0
2014-02-26,2.8206,1374.0,2.82,2.8206,2.82,0.0
2014-02-27,2.51,9856.0,2.6,2.6519,2.42,0.0
2014-02-28,2.54,9613.0,2.53,2.54,2.5,0.0
2014-03-03,2.705,661.0,2.705,2.705,2.705,0.0
2014-03-04,2.56,9105.0,2.67,2.67,2.54,0.0
2014-03-05,2.4999,10801.0,2.52,2.5201,2.41,0.0
2014-03-06,2.31,6712.0,2.3618,2.4,2.31,0.0
2014-03-07,2.31,6114.0,2.31,2.3101,2.31,0.0
2014-03-10,2.3101,425.0,2.3354,2.3354,2.3101,0.0
2014-03-11,2.1271,2238.0,2.31,2.321,2.1271,0.0
2014-03-12,2.15,2398.0,2.15,2.16,2.15,0.0
2014-03-13,2.23,3697.0,2.31,2.31,2.23,0.0
2014-03-14,2.2388,100.0,2.2388,2.2388,2.2388,0.0
2014-03-17,2.23,3475.0,2.23,2.23,2.19,0.0
2014-03-18,2.04,8586.0,2.15,2.15,2.03,0.0
2014-03-19,3.24,163317.0,2.17,3.99,2.03,0.0
2014-03-20,2.99,57461.0,2.98,3.19,2.7987,0.0
2014-03-21,2.92,11586.0,2.99,3.0825,2.9,0.0
2014-03-24,2.95,1202.0,2.91,2.95,2.91,0.0
2014-03-25,3.139,5811.0,2.9401,3.2299,2.9401,0.0
2014-03-26,2.87,15761.0,3.1,3.1,2.77,0.0
2014-03-27,3.0825,1328.0,2.87,3.0825,2.87,0.0
2014-03-28,3.0,650.0,3.1,3.1,3.0,0.0
2014-03-31,3.08,1800.0,2.9,3.09,2.9,0.0
2014-04-01,3.02,4003.0,3.03,3.04,3.0199,0.0
2014-04-02,3.0,399.0,3.0,3.0,3.0,0.0
2014-04-03,3.0,0.0,3.0,3.0,3.0,0.0
2014-04-04,3.0,0.0,3.0,3.0,3.0,0.0
2014-04-07,2.94,4633.0,2.96,2.97,2.9,0.0
2014-04-08,2.91,331.0,2.91,2.91,2.91,0.0
2014-04-09,2.93,898.0,2.9299,2.93,2.9299,0.0
2014-04-10,2.93,0.0,2.93,2.93,2.93,0.0
2014-04-11,2.93,0.0,2.93,2.93,2.93,0.0
2014-04-14,3.12,13345.0,2.85,3.12,2.85,0.0
2014-04-15,3.1501,5250.0,3.15,3.439,3.15,0.0
2014-04-16,3.15,1500.0,3.407,3.407,3.15,0.0
2014-04-17,3.12,3970.0,3.28,3.4,3.11,0.0
2014-04-18,3.12,3970.0,3.28,3.4,3.11,1.0
2014-04-21,2.8201,16834.0,3.1,3.17,2.74,0.0
2014-04-22,2.91,2764.0,2.85,2.91,2.85,0.0
2014-04-23,2.91,0.0,2.91,2.91,2.91,0.0
2014-04-24,2.7519,3305.0,2.99,2.99,2.75,0.0
2014-04-25,2.7801,420.0,2.81,2.81,2.7801,0.0
2014-04-28,2.93,3200.0,2.9819,2.9819,2.9,0.0
2014-04-29,2.9724,101.0,2.9724,2.9724,2.9724,0.0
2014-04-30,2.9724,0.0,2.9724,2.9724,2.9724,0.0
2014-05-01,2.9899,1002.0,2.84,2.9899,2.84,0.0
2014-05-02,2.97,2300.0,2.975,2.9899,2.97,0.0
2014-05-05,2.97,21609.0,2.85,2.98,2.67,0.0
2014-05-06,2.967,3300.0,2.792,2.967,2.792,0.0
2014-05-07,3.2,7696.0,2.9863,3.2001,2.9745,0.0
2014-05-08,2.99,5050.0,3.15,3.15,2.99,0.0
2014-05-09,3.045,8000.0,3.02,3.05,2.84,0.0
2014-05-12,3.09,9316.0,3.09,3.15,3.01,0.0
2014-05-13,3.15,5056.0,3.14,3.15,2.94,0.0
2014-05-14,3.19,1900.0,3.0,3.19,3.0,0.0
2014-05-15,3.28,5533.0,3.19,3.28,3.18,0.0
2014-05-16,3.292,7295.0,3.27,3.3,3.26,0.0
2014-05-19,3.29,12611.0,3.285,3.3,3.27,0.0
2014-05-20,3.2,7973.0,3.3,3.38,3.2,0.0
2014-05-21,3.12,2400.0,3.2,3.2,3.12,0.0
2014-05-22,3.1635,3050.0,3.15,3.2,3.15,0.0
2014-05-23,3.2101,15818.0,3.35,3.35,3.17,0.0
2014-05-26,3.2101,15818.0,3.35,3.35,3.17,1.0
2014-05-27,3.35,1778.0,3.355,3.355,3.27,0.0
2014-05-28,3.325,4424.0,3.3,3.325,3.25,0.0
2014-05-29,3.11,3084.0,3.34,3.35,3.11,0.0
2014-05-30,3.11,2026.0,3.11,3.11,3.11,0.0
2014-06-02,3.2099,4515.0,3.23,3.23,3.14,0.0
2014-06-03,3.2099,0.0,3.2099,3.2099,3.2099,0.0
2014-06-04,3.08,3156.0,3.02,3.1,2.99,0.0
2014-06-05,3.2399,11956.0,3.14,3.39,3.06,0.0
2014-06-06,3.17,13400.0,3.18,3.39,3.17,0.0
2014-06-09,3.16,9800.0,3.16,3.38,3.12,0.0
2014-06-10,3.124,10234.0,3.16,3.24,3.124,0.0
2014-06-11,3.05,6508.0,3.21,3.21,3.05,0.0
2014-06-12,3.005,1347.0,3.05,3.05,3.0,0.0
2014-06-13,3.0,2614.0,2.93,3.04,2.93,0.0
2014-06-16,3.08,4651.0,3.09,3.09,3.0,0.0
2014-06-17,3.08,0.0,3.08,3.08,3.08,0.0
2014-06-18,2.9,831.0,2.9,2.91,2.9,0.0
2014-06-19,2.9,334.0,2.9,2.9,2.9,0.0
2014-06-20,2.89,1593.0,2.9,2.9,2.88,0.0
2014-06-23,2.9,691.0,2.9,2.9,2.9,0.0
2014-06-24,2.8506,346.0,2.9,2.9,2.8506,0.0
2014-06-25,2.84,2156.0,2.8301,2.8401,2.8301,0.0
2014-06-26,2.7,1001.0,2.87,2.87,2.7,0.0
2014-06-27,2.75,1870.0,2.78,2.7851,2.75,0.0
2014-06-30,2.8,5289.0,2.72,2.8,2.67,0.0
2014-07-01,2.71,200.0,2.78,2.78,2.71,0.0
2014-07-02,2.74,1175.0,2.81,2.81,2.74,0.0
2014-07-03,2.77,1913.0,2.76,2.8,2.76,0.0
2014-07-04,2.77,1913.0,2.76,2.8,2.76,1.0
2014-07-07,2.75,9370.0,2.78,2.7819,2.6,0.0
2014-07-08,2.84,3066.0,2.75,2.84,2.75,0.0
2014-07-09,2.75,700.0,2.85,2.85,2.75,0.0
2014-07-10,2.755,1350.0,2.62,2.81,2.62,0.0
2014-07-11,2.755,0.0,2.755,2.755,2.755,0.0
2014-07-14,2.65,2800.0,2.83,2.8399,2.65,0.0
2014-07-15,2.82,500.0,2.66,2.83,2.66,0.0
2014-07-16,2.81,7497.0,2.7,2.85,2.69,0.0
2014-07-17,2.81,0.0,2.81,2.81,2.81,0.0
2014-07-18,2.81,100.0,2.81,2.81,2.81,0.0
2014-07-21,2.6827,3583.0,2.68,2.8095,2.6301,0.0
2014-07-22,2.68,215.0,2.68,2.68,2.68,0.0
2014-07-23,2.8,5272.0,2.7,2.81,2.674,0.0
2014-07-24,2.81,122.0,2.81,2.81,2.81,0.0
2014-07-25,2.74,3473.0,2.8,2.81,2.74,0.0
2014-07-28,2.8,366.0,2.8,2.8,2.8,0.0
2014-07-29,2.8,0.0,2.8,2.8,2.8,0.0
2014-07-30,2.78,4100.0,2.641,2.78,2.6,0.0
2014-07-31,2.63,100.0,2.63,2.63,2.63,0.0
2014-08-01,2.6001,950.0,2.6001,2.6001,2.6001,0.0
2014-08-04,2.657,2125.0,2.67,2.67,2.657,0.0
2014-08-05,2.5287,9854.0,2.68,2.78,2.52,0.0
2014-08-06,2.536,1415.0,2.74,2.74,2.2,0.0
2014-08-07,2.5001,19765.0,2.05,2.62,2.05,0.0
2014-08-08,2.1469,25124.0,2.5,2.61,2.1469,0.0
2014-08-11,2.3,1813.0,2.41,2.41,2.2301,0.0
2014-08-12,2.14,3010.0,2.14,2.17,2.14,0.0
2014-08-13,2.39,172.0,2.39,2.39,2.39,0.0
2014-08-14,2.25,6164.0,2.39,2.39,2.18,0.0
2014-08-15,2.14,27911.0,2.34,2.34,2.14,0.0
2014-08-18,2.171,3930.0,2.23,2.26,2.17,0.0
2014-08-19,2.18,617.0,2.21,2.23,2.18,0.0
2014-08-20,2.1917,100.0,2.1917,2.1917,2.1917,0.0
2014-08-21,2.1917,0.0,2.1917,2.1917,2.1917,0.0
2014-08-22,2.1701,2313.0,2.2,2.23,2.17,0.0
2014-08-25,2.2399,3200.0,2.2399,2.2399,2.2399,0.0
2014-08-26,2.18,1500.0,2.24,2.24,2.18,0.0
2014-08-27,2.21,600.0,2.18,2.21,2.18,0.0
2014-08-28,2.17,2100.0,2.22,2.22,2.17,0.0
2014-08-29,2.17,17315.0,2.22,2.22,2.17,0.0
2014-09-01,2.17,17315.0,2.22,2.22,2.17,1.0
2014-09-02,2.16,11500.0,2.17,2.17,2.16,0.0
2014-09-03,2.19,1350.0,2.182,2.19,2.17,0.0
2014-09-04,2.17,1300.0,2.48,2.48,2.17,0.0
2014-09-05,2.2,1300.0,2.17,2.2,2.17,0.0
2014-09-08,2.16,33266.0,2.1999,2.3601,2.12,0.0
2014-09-09,2.2,380.0,2.16,2.2,2.16,0.0
2014-09-10,2.16,771.0,2.41,2.41,2.16,0.0
2014-09-11,2.16,2555.0,2.2,2.2,2.16,0.0
2014-09-12,2.22,2216.0,2.38,2.38,2.1701,0.0
2014-09-15,2.22,0.0,2.22,2.22,2.22,0.0
2014-09-16,2.16,2634.0,2.18,2.19,2.16,0.0
2014-09-17,2.2212,1986.0,2.16,2.34,2.16,0.0
2014-09-18,2.28,3228.0,2.17,2.32,2.17,0.0
2014-09-19,2.21,674.0,2.23,2.23,2.21,0.0
2014-09-22,2.18,1635.0,2.25,2.25,2.18,0.0
2014-09-23,2.1,693.0,2.08,2.1,2.08,0.0
2014-09-24,2.31,100.0,2.31,2.31,2.31,0.0
2014-09-25,2.3,110.0,2.3,2.3,2.3,0.0
2014-09-26,2.3,3900.0,2.17,2.3,2.16,0.0
2014-09-29,2.16,2510.0,2.16,2.16,2.16,0.0
2014-09-30,2.16,200.0,2.16,2.16,2.16,0.0
2014-10-01,2.1601,361.0,2.1601,2.1601,2.1601,0.0
2014-10-02,2.17,400.0,2.16,2.17,2.16,0.0
2014-10-03,2.16,150.0,2.16,2.16,2.16,0.0
2014-10-06,2.16,4135.0,2.24,2.24,2.16,0.0
2014-10-07,2.16,3100.0,2.16,2.1601,2.16,0.0
2014-10-08,2.22,1200.0,2.16,2.22,2.16,0.0
2014-10-09,2.22,0.0,2.22,2.22,2.22,0.0
2014-10-10,2.22,0.0,2.22,2.22,2.22,0.0
2014-10-13,2.27,560.0,2.27,2.27,2.27,0.0
2014-10-14,2.16,1201.0,2.16,2.3,2.16,0.0
2014-10-15,2.14,100.0,2.14,2.14,2.14,0.0
2014-10-16,2.14,0.0,2.14,2.14,2.14,0.0
2014-10-17,2.14,0.0,2.14,2.14,2.14,0.0
2014-10-20,2.11,400.0,2.11,2.11,2.11,0.0
2014-10-21,2.17,100.0,2.17,2.17,2.17,0.0
2014-10-22,2.1601,1600.0,2.09,2.1601,2.09,0.0
2014-10-23,2.1601,0.0,2.1601,2.1601,2.1601,0.0
2014-10-24,2.1601,0.0,2.1601,2.1601,2.1601,0.0
2014-10-27,2.16,1400.0,2.16,2.16,2.16,0.0
2014-10-28,2.16,1941.0,2.16,2.16,2.16,0.0
2014-10-29,2.16,100.0,2.16,2.16,2.16,0.0
2014-10-30,2.16,0.0,2.16,2.16,2.16,0.0
2014-10-31,2.1899,1298.0,2.2,2.2,2.16,0.0
2014-11-03,2.2,101.0,2.2,2.2,2.2,0.0
2014-11-04,2.24,30043.0,2.2,2.24,2.03,0.0
2014-11-05,2.54,37587.0,2.22,2.9,2.16,0.0
2014-11-06,2.23,27520.0,2.6,2.77,2.16,0.0
2014-11-07,2.55,3278.0,2.38,2.6095,2.38,0.0
2014-11-10,2.59,4318.0,2.63,2.65,2.3,0.0
2014-11-11,2.57,11623.0,2.5,2.57,2.36,0.0
2014-11-12,2.4,150.0,2.4,2.4,2.4,0.0
2014-11-13,2.54,100.0,2.54,2.54,2.54,0.0
2014-11-14,2.48,254.0,2.48,2.48,2.48,0.0
2014-11-17,2.49,242.0,2.49,2.49,2.49,0.0
2014-11-18,2.51,1631.0,2.35,2.51,2.334,0.0
2014-11-19,2.2405,3525.0,2.24,2.5,2.24,0.0
2014-11-20,2.27,12730.0,2.44,2.44,2.173,0.0
2014-11-21,2.3,4161.0,2.4,2.4,2.3,0.0
2014-11-24,2.39,13784.0,2.26,2.39,2.2305,0.0
2014-11-25,2.62,19665.0,2.34,2.72,2.34,0.0
2014-11-26,2.29,6129.0,2.52,2.7995,2.29,0.0
2014-11-27,2.29,6129.0,2.52,2.7995,2.29,1.0
2014-11-28,2.3,19821.0,2.51,2.76,2.3,0.0
2014-12-01,2.19,3611.0,2.45,2.45,2.19,0.0
2014-12-02,2.23,15924.0,2.2,2.45,2.17,0.0
2014-12-03,2.19,6463.0,2.19,2.45,2.1799,0.0
2014-12-04,2.19,0.0,2.19,2.19,2.19,0.0
2014-12-05,2.23,1362.0,2.16,2.23,2.12,0.0
2014-12-08,2.21,900.0,2.13,2.23,2.13,0.0
2014-12-09,2.35,500.0,2.14,2.35,2.14,0.0
2014-12-10,2.35,0.0,2.35,2.35,2.35,0.0
2014-12-11,2.23,2300.0,2.17,2.3003,2.17,0.0
2014-12-12,2.23,0.0,2.23,2.23,2.23,0.0
2014-12-15,2.11,601.0,2.23,2.23,2.11,0.0
2014-12-16,2.07,5926.0,2.12,2.1201,2.07,0.0
2014-12-17,2.34,49147.0,2.07,2.35,2.05,0.0
2014-12-18,2.32,21163.0,2.28,2.42,2.25,0.0
2014-12-19,2.27,14525.0,2.35,2.41,2.26,0.0
2014-12-22,2.25,19261.0,2.21,2.39,2.16,0.0
2014-12-23,2.35,13210.0,2.19,2.38,2.19,0.0
2014-12-24,2.2908,10011.0,2.31,2.38,2.25,0.0
2014-12-25,2.2908,10011.0,2.31,2.38,2.25,1.0
2014-12-26,2.17,5700.0,2.22,2.22,2.16,0.0
2014-12-29,2.34,1150.0,2.308,2.34,2.308,0.0
2014-12-30,2.22,600.0,2.2,2.24,2.2,0.0
2014-12-31,2.2,7500.0,2.3,2.3,2.15,0.0
2015-01-01,2.2,7500.0,2.3,2.3,2.15,1.0
2015-01-02,2.11,500.0,2.15,2.15,2.11,0.0
2015-01-05,2.08,6995.0,2.08,2.11,2.08,0.0
2015-01-06,2.04,6488.0,2.06,2.12,2.04,0.0
2015-01-07,2.04,800.0,2.12,2.12,2.04,0.0
2015-01-08,1.9685,39915.0,2.04,2.08,1.91,0.0
2015-01-09,2.08,27685.0,2.0,2.28,2.0,0.0
2015-01-12,2.38,34215.0,2.09,2.39,1.97,0.0
2015-01-13,2.5,57449.0,2.35,2.57,2.34,0.0
2015-01-14,2.13,57660.0,2.48,2.616,2.08,0.0
2015-01-15,2.09,4400.0,2.2,2.23,2.08,0.0
2015-01-16,2.14,1293.0,2.2099,2.2099,2.1344,0.0
2015-01-19,2.14,1293.0,2.2099,2.2099,2.1344,1.0
2015-01-20,1.95,10860.0,2.08,2.08,1.95,0.0
2015-01-21,1.9101,6004.0,1.92,1.92,1.9,0.0
2015-01-22,2.01,6900.0,2.08,2.08,2.0,0.0
2015-01-23,1.95,3200.0,1.9374,1.9801,1.88,0.0
2015-01-26,1.81,26538.0,1.97,1.97,1.69,0.0
2015-01-27,1.76,2932.0,1.8,1.85,1.75,0.0
2015-01-28,1.78,601.0,1.8173,1.8173,1.774,0.0
2015-01-29,1.78,0.0,1.78,1.78,1.78,0.0
2015-01-30,1.78,1772.0,1.78,1.7999,1.78,0.0
2015-02-02,1.64,10007.0,1.77,1.88,1.64,0.0
2015-02-03,1.8,700.0,1.8,1.8,1.8,0.0
2015-02-04,1.7,400.0,1.63,1.7,1.62,0.0
2015-02-05,1.67,18040.0,1.64,1.76,1.63,0.0
2015-02-06,1.59,25396.0,1.61,1.67,1.44,0.0
2015-02-09,1.54,13471.0,1.5,1.58,1.45,0.0
2015-02-10,1.72,40854.0,1.56,1.7201,1.5,0.0
2015-02-11,1.75,24980.0,1.8,1.97,1.73,0.0
2015-02-12,1.95,99581.0,1.97,2.28,1.84,0.0
2015-02-13,1.71,41997.0,1.83,2.07,1.56,0.0
2015-02-16,1.71,41997.0,1.83,2.07,1.56,1.0
2015-02-17,1.72,26857.0,1.59,1.72,1.57,0.0
2015-02-18,1.79,1746.0,1.66,1.79,1.66,0.0
2015-02-19,1.79,0.0,1.79,1.79,1.79,0.0
2015-02-20,1.71,16944.0,1.64,1.72,1.63,0.0
2015-02-23,1.71,0.0,1.71,1.71,1.71,0.0
2015-02-24,1.6705,3535.0,1.66,1.7,1.66,0.0
2015-02-25,1.73,3962.0,1.7,1.73,1.7,0.0
2015-02-26,1.71,100.0,1.71,1.71,1.71,0.0
2015-02-27,1.7,9395.0,1.67,1.709,1.65,0.0
2015-03-02,1.68,4320.0,1.62,1.68,1.61,0.0
2015-03-03,1.67,18528.0,1.63,1.69,1.62,0.0
2015-03-04,1.71,1210.0,1.7,1.72,1.68,0.0
2015-03-05,1.7,14437.0,1.7,1.73,1.68,0.0
2015-03-06,1.67,5053.0,1.695,1.73,1.67,0.0
2015-03-09,1.77,22227.0,1.7,1.85,1.67,0.0
2015-03-10,1.74,22310.0,1.71,1.75,1.69,0.0
2015-03-11,1.895,22759.0,1.8,1.92,1.76,0.0
2015-03-12,1.9001,45668.0,1.89,2.09,1.89,0.0
2015-03-13,1.7,26760.0,1.91,1.91,1.69,0.0
2015-03-16,1.66,6686.0,1.67,1.67,1.66,0.0
2015-03-17,1.67,8366.0,1.64,1.67,1.64,0.0
2015-03-18,1.62,14323.0,1.68,1.68,1.6,0.0
2015-03-19,1.64,7076.0,1.64,1.64,1.59,0.0
2015-03-20,1.66,5780.0,1.6599,1.6799,1.56,0.0
2015-03-23,1.63,128.0,1.63,1.63,1.63,0.0
2015-03-24,1.596,325.0,1.596,1.596,1.596,0.0
2015-03-25,1.67,210.0,1.61,1.67,1.61,0.0
2015-03-26,1.6,400.0,1.6,1.6,1.6,0.0
2015-03-27,1.58,7301.0,1.6,1.63,1.58,0.0
2015-03-30,1.6,49639.0,1.6,1.64,1.57,0.0
2015-03-31,1.73,128356.0,1.64,1.82,1.48,0.0
2015-04-01,2.0,197891.0,1.76,2.11,1.76,0.0
2015-04-02,1.9,103741.0,1.9,2.1,1.9,0.0
2015-04-03,1.9,103741.0,1.9,2.1,1.9,1.0
2015-04-06,1.7,94728.0,1.9,2.06,1.7,0.0
2015-04-07,1.69,26700.0,1.68,1.78,1.65,0.0
2015-04-08,1.61,58977.0,1.671,1.671,1.5905,0.0
2015-04-09,1.55,68576.0,1.62,1.65,1.45,0.0
2015-04-10,1.56,59305.0,1.56,1.58,1.47,0.0
2015-04-13,1.64,111964.0,1.6,1.72,1.48,0.0
2015-04-14,1.85,47455.0,1.65,1.86,1.65,0.0
2015-04-15,1.92,162870.0,1.9,2.05,1.9,0.0
2015-04-16,1.9,67041.0,1.9,1.99,1.89,0.0
2015-04-17,1.88,46432.0,1.92,1.95,1.88,0.0
2015-04-20,1.92,31800.0,1.88,1.96,1.88,0.0
2015-04-21,1.9,11700.0,1.88,1.95,1.85,0.0
2015-04-22,1.77,20704.0,1.87,1.94,1.77,0.0
2015-04-23,1.89,2462.0,1.85,1.92,1.85,0.0
2015-04-24,1.9,13166.0,1.86,1.91,1.86,0.0
2015-04-27,1.89,11549.0,1.89,1.92,1.87,0.0
2015-04-28,1.82,19690.0,1.85,1.9,1.79,0.0
2015-04-29,1.74,19700.0,1.79,1.79,1.71,0.0
2015-04-30,1.64,4121.0,1.68,1.69,1.64,0.0
2015-05-01,1.62,12170.0,1.66,1.66,1.55,0.0
2015-05-04,1.64,7211.0,1.6,1.66,1.6,0.0
2015-05-05,1.6,37122.0,1.55,1.64,1.53,0.0
2015-05-06,1.72,76803.0,1.6,1.96,1.55,0.0
2015-05-07,1.69,55818.0,1.72,1.81,1.63,0.0
2015-05-08,1.65,370.0,1.65,1.65,1.65,0.0
2015-05-11,1.6463,500.0,1.72,1.72,1.6463,0.0
2015-05-12,1.66,1400.0,1.61,1.67,1.61,0.0
2015-05-13,1.66,0.0,1.66,1.66,1.66,0.0
2015-05-14,1.62,3759.0,1.608,1.65,1.58,0.0
2015-05-15,1.61,125.0,1.61,1.61,1.61,0.0
2015-05-18,1.6,356.0,1.6606,1.6606,1.6,0.0
2015-05-19,1.6,0.0,1.6,1.6,1.6,0.0
2015-05-20,1.6,0.0,1.6,1.6,1.6,0.0
2015-05-21,1.56,2034.0,1.6,1.6,1.56,0.0
2015-05-22,1.6,3695.0,1.55,1.6,1.52,0.0
2015-05-25,1.6,3695.0,1.55,1.6,1.52,1.0
2015-05-26,1.56,14208.0,1.53,1.61,1.52,0.0
2015-05-27,1.56,1100.0,1.585,1.63,1.55,0.0
2015-05-28,1.6,17807.0,1.6,1.7,1.52,0.0
2015-05-29,1.54,700.0,1.55,1.55,1.54,0.0
2015-06-01,1.58,4700.0,1.62,1.62,1.569,0.0
2015-06-02,1.59,11566.0,1.62,1.62,1.5605,0.0
2015-06-03,1.58,1820.0,1.62,1.68,1.53,0.0
2015-06-04,1.59,300.0,1.62,1.62,1.59,0.0
2015-06-05,1.62,4559.0,1.55,1.62,1.54,0.0
2015-06-08,1.6,5744.0,1.65,1.65,1.5405,0.0
2015-06-09,1.58,11766.0,1.56,1.59,1.5505,0.0
2015-06-10,1.78,10087.0,1.62,1.7895,1.62,0.0
2015-06-11,1.57,21832.0,1.71,1.76,1.56,0.0
2015-06-12,1.58,8908.0,1.62,1.62,1.55,0.0
2015-06-15,1.61,11576.0,1.62,1.62,1.57,0.0
2015-06-16,1.59,1372.0,1.6,1.6,1.57,0.0
2015-06-17,1.62,3622.0,1.62,1.62,1.59,0.0
2015-06-18,1.59,10246.0,1.57,1.595,1.55,0.0
2015-06-19,1.78,22329.0,1.62,1.78,1.6,0.0
2015-06-22,1.73,11167.0,1.79,1.79,1.71,0.0
2015-06-23,1.78,17735.0,1.73,1.86,1.71,0.0
2015-06-24,1.84,7102.0,1.8,1.87,1.8,0.0
2015-06-25,1.83,11969.0,1.89,1.89,1.81,0.0
2015-06-26,1.84,10496.0,1.8,1.85,1.8,0.0
2015-06-29,1.83,15173.0,1.86,1.86,1.8,0.0
2015-06-30,1.8,87473.0,1.79,1.87,1.72,0.0
2015-07-01,1.66,42498.0,1.83,1.86,1.65,0.0
2015-07-02,1.58,8068.0,1.62,1.62,1.58,0.0
2015-07-03,1.58,8068.0,1.62,1.62,1.58,1.0
2015-07-06,1.5101,12497.0,1.6,1.6,1.51,0.0
2015-07-07,1.5,9216.0,1.48,1.51,1.48,0.0
2015-07-08,1.71,111661.0,1.47,1.87,1.47,0.0
2015-07-09,1.75,112920.0,1.73,1.95,1.7,0.0
2015-07-10,1.66,32534.0,1.71,1.85,1.65,0.0
2015-07-13,1.55,23540.0,1.65,1.65,1.55,0.0
2015-07-14,1.57,10017.0,1.54,1.6,1.53,0.0
2015-07-15,1.54,18477.0,1.57,1.57,1.5,0.0
2015-07-16,1.77,113466.0,1.52,1.77,1.41,0.0
2015-07-17,1.76,182416.0,1.77,1.92,1.7,0.0
2015-07-20,1.58,16973.0,1.68,1.82,1.58,0.0
2015-07-21,1.55,18135.0,1.59,1.59,1.54,0.0
2015-07-22,1.52,19524.0,1.54,1.57,1.5,0.0
2015-07-23,1.72,69973.0,1.52,1.75,1.48,0.0
2015-07-24,1.81,49717.0,1.8,1.85,1.71,0.0
2015-07-27,1.83,21748.0,1.815,1.8499,1.8,0.0
2015-07-28,1.8299,94597.0,1.82,1.86,1.73,0.0
2015-07-29,1.72,50925.0,1.75,1.82,1.71,0.0
2015-07-30,1.73,24754.0,1.71,1.79,1.71,0.0
2015-07-31,1.665,27185.0,1.71,1.8,1.66,0.0
2015-08-03,1.64,10642.0,1.75,1.75,1.64,0.0
2015-08-04,1.6,2254.0,1.69,1.7,1.56,0.0
2015-08-05,1.56,522.0,1.59,1.63,1.56,0.0
2015-08-06,1.59,5457.0,1.59,1.59,1.5301,0.0
2015-08-07,1.6,7516.0,1.56,1.6,1.54,0.0
2015-08-10,1.57,9936.0,1.53,1.58,1.53,0.0
2015-08-11,1.51,3419.0,1.59,1.59,1.51,0.0
2015-08-12,1.54,905.0,1.5,1.54,1.5,0.0
2015-08-13,1.49,12910.0,1.56,1.57,1.48,0.0
2015-08-14,1.51,253.0,1.51,1.51,1.51,0.0
2015-08-17,1.51,0.0,1.51,1.51,1.51,0.0
2015-08-18,1.51,0.0,1.51,1.51,1.51,0.0
2015-08-19,1.502,129.0,1.502,1.502,1.502,0.0
2015-08-20,1.5,2186.0,1.4901,1.5152,1.49,0.0
2015-08-21,1.36,15519.0,1.47,1.49,1.36,0.0
2015-08-24,1.4,562.0,1.36,1.44,1.36,0.0
2015-08-25,1.38,10402.0,1.38,1.42,1.38,0.0
2015-08-26,1.4,1400.0,1.386,1.4,1.386,0.0
2015-08-27,1.4,2200.0,1.4475,1.4475,1.4,0.0
2015-08-28,1.41,2928.0,1.41,1.45,1.41,0.0
2015-08-31,1.41,0.0,1.41,1.41,1.41,0.0
2015-09-01,1.42,22157.0,1.4,1.44,1.35,0.0
2015-09-02,1.41,3068.0,1.38,1.43,1.38,0.0
2015-09-03,1.56,296.0,1.56,1.56,1.56,0.0
2015-09-04,1.65,5015.0,1.4201,1.65,1.4201,0.0
2015-09-07,1.65,5015.0,1.4201,1.65,1.4201,1.0
2015-09-08,1.55,11189.0,1.58,1.68,1.5,0.0
2015-09-09,1.6,6948.0,1.55,1.61,1.45,0.0
2015-09-10,1.66,4548.0,1.58,1.68,1.5201,0.0
2015-09-11,1.58,2840.0,1.62,1.63,1.53,0.0
2015-09-14,1.58,1346.0,1.57,1.58,1.57,0.0
2015-09-15,1.63,1982.0,1.51,1.64,1.51,0.0
2015-09-16,1.67,2660.0,1.5016,1.69,1.5016,0.0
2015-09-17,1.68,1614.0,1.68,1.69,1.5964,0.0
2015-09-18,1.52,6402.0,1.67,1.68,1.52,0.0
2015-09-21,1.52,0.0,1.52,1.52,1.52,0.0
2015-09-22,1.555,4197.0,1.602,1.641,1.55,0.0
2015-09-23,1.5493,4282.0,1.59,1.59,1.5493,0.0
2015-09-24,1.5493,0.0,1.5493,1.5493,1.5493,0.0
2015-09-25,1.48,1483.0,1.5,1.5,1.48,0.0
2015-09-28,1.43,1192.0,1.5,1.5,1.43,0.0
2015-09-29,1.5,824.0,1.52,1.52,1.5,0.0
2015-09-30,1.57,713.0,1.56,1.6,1.56,0.0
2015-10-01,1.52,650.0,1.56,1.56,1.51,0.0
2015-10-02,1.56,1000.0,1.56,1.56,1.56,0.0
2015-10-05,1.46,2555.0,1.5,1.505,1.46,0.0
2015-10-06,1.4101,7708.0,1.46,1.47,1.41,0.0
2015-10-07,1.43,11847.0,1.39,1.43,1.38,0.0
2015-10-08,1.43,0.0,1.43,1.43,1.43,0.0
2015-10-09,1.41,1344.0,1.46,1.53,1.41,0.0
2015-10-12,1.41,3566.0,1.41,1.48,1.36,0.0
2015-10-13,1.41,0.0,1.41,1.41,1.41,0.0
2015-10-14,1.4,2104.0,1.4,1.4,1.4,0.0
2015-10-15,1.42,3894.0,1.35,1.42,1.33,0.0
2015-10-16,1.42,0.0,1.42,1.42,1.42,0.0
2015-10-19,1.31,18550.0,1.4,1.4,1.3,0.0
2015-10-20,1.405,6951.0,1.41,1.42,1.37,0.0
2015-10-21,1.4,883.0,1.4,1.41,1.39,0.0
2015-10-22,1.41,306.0,1.41,1.41,1.38,0.0
2015-10-23,1.45,3783.0,1.41,1.52,1.41,0.0
2015-10-26,1.49,740.0,1.43,1.49,1.43,0.0
2015-10-27,1.42,12728.0,1.45,1.5,1.39,0.0
2015-10-28,1.38,6419.0,1.42,1.49,1.38,0.0
2015-10-29,1.32,13931.0,1.4,1.4,1.32,0.0
2015-10-30,1.22,38928.0,1.32,1.35,1.22,0.0
2015-11-02,1.2549,9996.0,1.3699,1.3699,1.2,0.0
2015-11-03,1.34,168.0,1.34,1.34,1.34,0.0
2015-11-04,1.19,701.0,1.25,1.25,1.19,0.0
2015-11-05,1.16,3854.0,1.25,1.25,1.16,0.0
2015-11-06,1.16,2800.0,1.16,1.1625,1.16,0.0
2015-11-09,1.19,5560.0,1.15,1.2,1.15,0.0
2015-11-10,1.142,8607.0,1.1965,1.1965,1.142,0.0
2015-11-11,1.2,10100.0,1.18,1.2,1.18,0.0
2015-11-12,1.2,0.0,1.2,1.2,1.2,0.0
2015-11-13,1.18,5048.0,1.17,1.18,1.17,0.0
2015-11-16,1.2,322.0,1.2,1.2,1.2,0.0
2015-11-17,1.21,6748.0,1.2,1.25,1.2,0.0
2015-11-18,1.29,8956.0,1.21,1.3,1.209,0.0
2015-11-19,1.2825,4353.0,1.28,1.29,1.28,0.0
2015-11-20,1.2825,0.0,1.2825,1.2825,1.2825,0.0
2015-11-23,1.251,4646.0,1.2729,1.28,1.251,0.0
2015-11-24,1.251,0.0,1.251,1.251,1.251,0.0
2015-11-25,1.27,840.0,1.27,1.2805,1.26,0.0
2015-11-26,1.27,840.0,1.27,1.2805,1.26,1.0
2015-11-27,1.2501,215.0,1.2501,1.2501,1.2501,0.0
2015-11-30,1.27,894.0,1.25,1.27,1.25,0.0
2015-12-01,1.29,1000.0,1.29,1.29,1.29,0.0
2015-12-02,1.29,0.0,1.29,1.29,1.29,0.0
2015-12-03,1.29,0.0,1.29,1.29,1.29,0.0
2015-12-04,1.29,0.0,1.29,1.29,1.29,0.0
2015-12-07,1.3,2422.0,1.3812,1.3812,1.3,0.0
2015-12-08,1.3,592.0,1.3,1.3,1.3,0.0
2015-12-09,1.29,18706.0,1.29,1.425,1.21,0.0
2015-12-10,1.29,0.0,1.29,1.29,1.29,0.0
2015-12-11,1.29,0.0,1.29,1.29,1.29,0.0
2015-12-14,1.3394,1001.0,1.3394,1.3394,1.3394,0.0
2015-12-15,1.29,1212.0,1.35,1.35,1.29,0.0
2015-12-16,1.3,928.0,1.2901,1.3,1.2901,0.0
2015-12-17,1.3,0.0,1.3,1.3,1.3,0.0
2015-12-18,1.3,800.0,1.3,1.3297,1.29,0.0
2015-12-21,1.3395,1607.0,1.3001,1.3395,1.29,0.0
2015-12-22,1.29,322.0,1.29,1.29,1.29,0.0
2015-12-23,1.2972,6137.0,1.29,1.2972,1.27,0.0
2015-12-24,1.29,1817.0,1.29,1.2936,1.29,0.0
2015-12-25,1.29,1817.0,1.29,1.2936,1.29,1.0
2015-12-28,1.25,3540.0,1.29,1.3,1.25,0.0
2015-12-29,1.2989,3833.0,1.29,1.3,1.25,0.0
2015-12-30,1.2914,3580.0,1.29,1.31,1.25,0.0
2015-12-31,1.29,209.0,1.3,1.3,1.29,0.0
2016-01-01,1.29,209.0,1.3,1.3,1.29,1.0
2016-01-04,1.29,365.0,1.29,1.29,1.29,0.0
2016-01-05,1.29,6637.0,1.29,1.29,1.21,0.0
2016-01-06,1.29,0.0,1.29,1.29,1.29,0.0
2016-01-07,1.2716,1210.0,1.21,1.3,1.21,0.0
2016-01-08,1.2716,0.0,1.2716,1.2716,1.2716,0.0
2016-01-11,1.2716,0.0,1.2716,1.2716,1.2716,0.0
2016-01-12,1.22,2100.0,1.22,1.2488,1.22,0.0
2016-01-13,1.22,0.0,1.22,1.22,1.22,0.0
2016-01-14,1.22,0.0,1.22,1.22,1.22,0.0
2016-01-15,1.22,0.0,1.22,1.22,1.22,0.0
2016-01-18,1.22,0.0,1.22,1.22,1.22,1.0
2016-01-19,1.15,2270.0,1.18,1.18,1.15,0.0
2016-01-20,1.15,0.0,1.15,1.15,1.15,0.0
2016-01-21,1.15,0.0,1.15,1.15,1.15,0.0
2016-01-22,1.15,0.0,1.15,1.15,1.15,0.0
2016-01-25,1.15,0.0,1.15,1.15,1.15,0.0
2016-01-26,1.15,0.0,1.15,1.15,1.15,0.0
2016-01-27,1.15,0.0,1.15,1.15,1.15,0.0
2016-01-28,1.15,0.0,1.15,1.15,1.15,0.0
2016-01-29,1.16,1612.0,1.191,1.28,1.16,0.0
2016-02-01,1.16,0.0,1.16,1.16,1.16,0.0
2016-02-02,1.171,2200.0,1.16,1.1915,1.16,0.0
2016-02-03,1.171,0.0,1.171,1.171,1.171,0.0
2016-02-04,1.171,0.0,1.171,1.171,1.171,0.0
2016-02-05,1.16,200.0,1.16,1.16,1.16,0.0
2016-02-08,1.16,0.0,1.16,1.16,1.16,0.0
2016-02-09,1.16,0.0,1.16,1.16,1.16,0.0
2016-02-10,1.16,0.0,1.16,1.16,1.16,0.0
2016-02-11,1.16,0.0,1.16,1.16,1.16,0.0
2016-02-12,1.16,0.0,1.16,1.16,1.16,0.0
2016-02-15,1.16,0.0,1.16,1.16,1.16,1.0
2016-02-16,1.16,0.0,1.16,1.16,1.16,0.0
2016-02-17,1.16,0.0,1.16,1.16,1.16,0.0
2016-02-18,1.18,2075.0,1.18,1.19,1.18,0.0
2016-02-19,1.18,0.0,1.18,1.18,1.18,0.0
2016-02-22,1.1801,600.0,1.1801,1.1801,1.18,0.0
2016-02-23,1.18,208.0,1.18,1.18,1.18,0.0
2016-02-24,1.18,0.0,1.18,1.18,1.18,0.0
2016-02-25,1.22,1000.0,1.22,1.22,1.22,0.0
2016-02-26,1.18,1000.0,1.1725,1.1984,1.1725,0.0
2016-02-29,1.309,173.0,1.309,1.309,1.309,0.0
2016-03-01,1.201,751.0,1.201,1.201,1.201,0.0
2016-03-02,1.201,0.0,1.201,1.201,1.201,0.0
2016-03-03,1.201,0.0,1.201,1.201,1.201,0.0
2016-03-04,1.27,1374.0,1.21,1.27,1.21,0.0
2016-03-07,1.27,0.0,1.27,1.27,1.27,0.0
2016-03-08,1.27,0.0,1.27,1.27,1.27,0.0
2016-03-09,1.27,0.0,1.27,1.27,1.27,0.0
2016-03-10,1.27,0.0,1.27,1.27,1.27,0.0
2016-03-11,1.2,100.0,1.2,1.2,1.2,0.0
2016-03-14,1.2,0.0,1.2,1.2,1.2,0.0
2016-03-15,1.2,0.0,1.2,1.2,1.2,0.0
2016-03-16,1.24,4591.0,1.24,1.24,1.21,0.0
2016-03-17,1.24,0.0,1.24,1.24,1.24,0.0
2016-03-18,1.24,0.0,1.24,1.24,1.24,0.0
2016-03-21,1.3169,1650.0,1.2101,1.3169,1.21,0.0
2016-03-22,1.3169,0.0,1.3169,1.3169,1.3169,0.0
2016-03-23,1.3169,0.0,1.3169,1.3169,1.3169,0.0
2016-03-24,1.3169,0.0,1.3169,1.3169,1.3169,0.0
2016-03-25,1.3169,0.0,1.3169,1.3169,1.3169,1.0
2016-03-28,1.3169,0.0,1.3169,1.3169,1.3169,0.0
2016-03-29,1.3,102.0,1.3,1.3,1.3,0.0
2016-03-30,1.3476,200.0,1.4,1.4,1.3476,0.0
2016-03-31,1.3,1463.0,1.35,1.35,1.3,0.0
2016-04-01,1.33,1235.0,1.34,1.34,1.33,0.0
2016-04-04,1.25,1775.0,1.29,1.29,1.25,0.0
2016-04-05,1.25,0.0,1.25,1.25,1.25,0.0
2016-04-06,1.25,0.0,1.25,1.25,1.25,0.0
2016-04-07,1.1811,4500.0,1.23,1.23,1.1811,0.0
2016-04-08,1.21,669.0,1.21,1.21,1.21,0.0
2016-04-11,1.21,0.0,1.21,1.21,1.21,0.0
2016-04-12,1.2599,243.0,1.21,1.2599,1.21,0.0
2016-04-13,1.2599,0.0,1.2599,1.2599,1.2599,0.0
2016-04-14,1.2599,0.0,1.2599,1.2599,1.2599,0.0
2016-04-15,1.2599,0.0,1.2599,1.2599,1.2599,0.0
2016-04-18,1.2599,0.0,1.2599,1.2599,1.2599,0.0
2016-04-19,1.2599,0.0,1.2599,1.2599,1.2599,0.0
2016-04-20,1.2599,0.0,1.2599,1.2599,1.2599,0.0
2016-04-21,1.2599,0.0,1.2599,1.2599,1.2599,0.0
2016-04-22,1.2599,0.0,1.2599,1.2599,1.2599,0.0
2016-04-25,1.18,1005.0,1.19,1.28,1.17,0.0
2016-04-26,1.19,1055.0,1.2201,1.2201,1.19,0.0
2016-04-27,1.19,0.0,1.19,1.19,1.19,0.0
2016-04-28,1.19,0.0,1.19,1.19,1.19,0.0
2016-04-29,1.19,0.0,1.19,1.19,1.19,0.0
2016-05-02,1.19,0.0,1.19,1.19,1.19,0.0
2016-05-03,1.19,0.0,1.19,1.19,1.19,0.0
2016-05-04,1.19,0.0,1.19,1.19,1.19,0.0
2016-05-05,1.19,0.0,1.19,1.19,1.19,0.0
2016-05-06,1.19,0.0,1.19,1.19,1.19,0.0
2016-05-09,1.19,0.0,1.19,1.19,1.19,0.0
2016-05-10,1.2,400.0,1.2,1.2,1.2,0.0
2016-05-11,1.2,0.0,1.2,1.2,1.2,0.0
2016-05-12,1.2,709.0,1.25,1.25,1.2,0.0
2016-05-13,1.2,926.0,1.2,1.2,1.2,0.0
2016-05-16,1.1916,411.0,1.1916,1.1916,1.1916,0.0
2016-05-17,1.19,137.0,1.19,1.19,1.19,0.0
2016-05-18,1.19,0.0,1.19,1.19,1.19,0.0
2016-05-19,1.19,0.0,1.19,1.19,1.19,0.0
2016-05-20,1.19,0.0,1.19,1.19,1.19,0.0
2016-05-23,1.2155,816.0,1.19,1.2155,1.19,0.0
2016-05-24,1.201,1308.0,1.19,1.29,1.19,0.0
2016-05-25,1.201,0.0,1.201,1.201,1.201,0.0
2016-05-26,1.201,0.0,1.201,1.201,1.201,0.0
2016-05-27,1.201,0.0,1.201,1.201,1.201,0.0
2016-05-30,1.201,0.0,1.201,1.201,1.201,1.0
2016-05-31,1.2,609.0,1.2,1.2,1.2,0.0
2016-06-01,1.2,0.0,1.2,1.2,1.2,0.0
2016-06-02,1.19,101.0,1.19,1.19,1.19,0.0
2016-06-03,1.19,0.0,1.19,1.19,1.19,0.0
2016-06-06,1.19,0.0,1.19,1.19,1.19,0.0
2016-06-07,1.19,0.0,1.19,1.19,1.19,0.0
2016-06-08,1.2,211.0,1.2,1.2,1.2,0.0
2016-06-09,1.25,1085.0,1.25,1.25,1.25,0.0
2016-06-10,1.2349,864.0,1.23,1.2349,1.23,0.0
2016-06-13,1.2,1868.0,1.23,1.23,1.2,0.0
2016-06-14,1.2,0.0,1.2,1.2,1.2,0.0
2016-06-15,1.228,800.0,1.19,1.228,1.19,0.0
2016-06-16,1.228,0.0,1.228,1.228,1.228,0.0
2016-06-17,1.228,0.0,1.228,1.228,1.228,0.0
2016-06-20,1.228,0.0,1.228,1.228,1.228,0.0
2016-06-21,1.228,0.0,1.228,1.228,1.228,0.0
2016-06-22,1.228,0.0,1.228,1.228,1.228,0.0
2016-06-23,1.228,0.0,1.228,1.228,1.228,0.0
2016-06-24,1.29,786.0,1.29,1.29,1.29,0.0
2016-06-27,1.29,0.0,1.29,1.29,1.29,0.0
2016-06-28,1.29,0.0,1.29,1.29,1.29,0.0
2016-06-29,1.29,0.0,1.29,1.29,1.29,0.0
2016-06-30,1.19,871.0,1.19,1.2,1.19,0.0
2016-07-01,1.19,0.0,1.19,1.19,1.19,0.0
2016-07-04,1.19,0.0,1.19,1.19,1.19,1.0
2016-07-05,1.18,1362.0,1.2,1.2,1.18,0.0
2016-07-06,1.18,0.0,1.18,1.18,1.18,0.0
2016-07-07,1.2,11218.0,1.2,1.22,1.2,0.0
2016-07-08,1.2,0.0,1.2,1.2,1.2,0.0
2016-07-11,1.2,1800.0,1.2,1.2,1.2,0.0
2016-07-12,1.2,764.0,1.2,1.2,1.2,0.0
2016-07-13,1.2,0.0,1.2,1.2,1.2,0.0
2016-07-14,1.226,200.0,1.1909,1.226,1.1909,0.0
2016-07-15,1.2196,2100.0,1.2,1.2196,1.2,0.0
2016-07-18,1.59,440813.0,1.28,1.89,1.27,0.0
2016-07-19,1.15,63612.0,1.432,1.49,1.0,0.0
2016-07-20,1.16,146967.0,1.18,1.23,1.03,0.0
2016-07-21,1.27,4531.0,1.12,1.27,1.12,0.0
2016-07-22,1.27,26390.0,1.2,1.28,1.15,0.0
2016-07-25,1.3,2136.0,1.2,1.3,1.2,0.0
2016-07-26,1.25,5615.0,1.25,1.2599,1.1601,0.0
2016-07-27,1.27,13711.0,1.18,1.28,1.18,0.0
2016-07-28,1.2,8993.0,1.18,1.25,1.17,0.0
2016-07-29,1.65,505167.0,1.18,2.2,1.18,0.0
2016-08-01,1.36,83344.0,1.59,1.59,1.35,0.0
2016-08-02,1.2,61969.0,1.326,1.3602,1.16,0.0
2016-08-03,1.2,11621.0,1.25,1.27,1.15,0.0
2016-08-04,1.395,171741.0,1.17,1.54,1.17,0.0
2016-08-05,1.28,18491.0,1.41,1.41,1.23,0.0
2016-08-08,1.41,10600.0,1.42,1.48,1.3149,0.0
2016-08-09,1.2699,22587.0,1.42,1.5,1.2501,0.0
2016-08-10,1.2601,15946.0,1.27,1.43,1.26,0.0
2016-08-11,1.3,5345.0,1.2921,1.34,1.25,0.0
2016-08-12,1.3,0.0,1.3,1.3,1.3,0.0
2016-08-15,1.4,33650.0,1.3,1.45,1.2,0.0
2016-08-16,1.3801,6099.0,1.33,1.45,1.33,0.0
2016-08-17,1.43,5158.0,1.28,1.43,1.28,0.0
2016-08-18,1.37,17169.0,1.35,1.43,1.32,0.0
2016-08-19,1.4099,47465.0,1.3592,1.42,1.23,0.0
2016-08-22,1.4099,0.0,1.4099,1.4099,1.4099,0.0
2016-08-23,1.39,303.0,1.39,1.39,1.39,0.0
2016-08-24,1.27,9368.0,1.34,1.34,1.26,0.0
2016-08-25,1.27,0.0,1.27,1.27,1.27,0.0
2016-08-26,1.3,4964.0,1.27,1.3409,1.23,0.0
2016-08-29,1.29,26747.0,1.26,1.29,1.19,0.0
2016-08-30,1.29,0.0,1.29,1.29,1.29,0.0
2016-08-31,1.23,12280.0,1.27,1.2993,1.23,0.0
2016-09-01,1.16,56751.0,1.27,1.27,1.149,0.0
2016-09-02,1.52,267980.0,1.37,1.7,1.3,0.0
2016-09-05,1.52,267980.0,1.37,1.7,1.3,1.0
2016-09-06,1.53,53846.0,1.5,1.55,1.49,0.0
2016-09-07,1.39,35941.0,1.49,1.49,1.35,0.0
2016-09-08,1.45,2417.0,1.38,1.45,1.38,0.0
2016-09-09,1.45,40525.0,1.35,1.45,1.35,0.0
2016-09-12,1.45,11815.0,1.384,1.45,1.38,0.0
2016-09-13,1.4,8014.0,1.426,1.426,1.39,0.0
2016-09-14,1.38,40068.0,1.39,1.4,1.3707,0.0
2016-09-15,1.37,19700.0,1.38,1.4,1.37,0.0
2016-09-16,1.39,588.0,1.37,1.43,1.37,0.0
2016-09-19,1.39,67907.0,1.38,1.42,1.38,0.0
2016-09-20,1.39,15488.0,1.38,1.407,1.38,0.0
2016-09-21,1.39,9602.0,1.3801,1.4156,1.3801,0.0
2016-09-22,1.38,21938.0,1.38,1.3913,1.38,0.0
2016-09-23,1.39,3601.0,1.38,1.39,1.38,0.0
2016-09-26,1.39,4610.0,1.38,1.4,1.38,0.0
2016-09-27,1.39,12034.0,1.4,1.42,1.39,0.0
2016-09-28,1.39,6651.0,1.4,1.4146,1.39,0.0
2016-09-29,1.39,2030.0,1.38,1.3999,1.38,0.0
2016-09-30,1.38,6711.0,1.39,1.3939,1.38,0.0
2016-10-03,1.4,3126.0,1.38,1.4,1.371,0.0
2016-10-04,1.4443,52686.0,1.4,1.46,1.4,0.0
2016-10-05,1.44,6084.0,1.4499,1.45,1.42,0.0
2016-10-06,1.42,6200.0,1.44,1.44,1.42,0.0
2016-10-07,1.43,16212.0,1.42,1.44,1.42,0.0
2016-10-10,1.46,41387.0,1.4368,1.4622,1.4308,0.0
2016-10-11,1.25,23431.0,1.34,1.34,1.25,0.0
2016-10-12,1.27,37729.0,1.25,1.28,1.25,0.0
2016-10-13,1.27,8968.0,1.261,1.275,1.26,0.0
2016-10-14,1.27,2063.0,1.26,1.27,1.26,0.0
2016-10-17,1.28,37781.0,1.2501,1.28,1.2501,0.0
2016-10-18,1.28,16231.0,1.27,1.29,1.26,0.0
2016-10-19,1.35,27236.0,1.32,1.36,1.31,0.0
2016-10-20,1.28,10728.0,1.36,1.36,1.25,0.0
2016-10-21,1.29,6472.0,1.3038,1.3099,1.28,0.0
2016-10-24,1.27,16735.0,1.32,1.33,1.26,0.0
2016-10-25,1.22,24416.0,1.26,1.329,1.22,0.0
2016-10-26,1.22,19910.0,1.36,1.36,1.21,0.0
2016-10-27,1.2,6437.0,1.2653,1.2653,1.2,0.0
2016-10-28,1.21,19400.0,1.2,1.2218,1.19,0.0
2016-10-31,1.21,8075.0,1.22,1.22,1.2,0.0
2016-11-01,1.22,200.0,1.2114,1.22,1.2114,0.0
2016-11-02,1.25,23135.0,1.25,1.3,1.2,0.0
2016-11-03,1.223,4259.0,1.222,1.223,1.21,0.0
2016-11-04,1.2,6909.0,1.21,1.21,1.2,0.0
2016-11-07,1.2228,4510.0,1.21,1.2228,1.2,0.0
2016-11-08,1.23,1461.0,1.21,1.23,1.21,0.0
2016-11-09,1.23,2400.0,1.23,1.23,1.21,0.0
2016-11-10,1.23,0.0,1.23,1.23,1.23,0.0
2016-11-11,1.25,2070.0,1.24,1.25,1.24,0.0
2016-11-14,1.2284,599.0,1.22,1.2284,1.22,0.0
2016-11-15,1.241,2164.0,1.24,1.241,1.24,0.0
2016-11-16,1.39,156051.0,1.2526,1.44,1.2448,0.0
2016-11-17,1.39,13800.0,1.3821,1.4569,1.38,0.0
2016-11-18,1.39,4400.0,1.4086,1.4176,1.385,0.0
2016-11-21,1.43,3183.0,1.4031,1.43,1.4031,0.0
2016-11-22,1.4,6800.0,1.39,1.4108,1.39,0.0
2016-11-23,1.4,5200.0,1.39,1.4014,1.39,0.0
2016-11-24,1.4,5200.0,1.39,1.4014,1.39,1.0
2016-11-25,1.39,358.0,1.4276,1.4276,1.39,0.0
2016-11-28,1.43,8084.0,1.43,1.43,1.41,0.0
2016-11-29,1.435,4362.0,1.47,1.5,1.41,0.0
2016-11-30,1.435,0.0,1.435,1.435,1.435,0.0
2016-12-01,1.51,24742.0,1.45,1.549,1.43,0.0
2016-12-02,1.5482,4946.0,1.561,1.5899,1.5085,0.0
2016-12-05,1.51,6625.0,1.4001,1.522,1.4001,0.0
2016-12-06,1.61,12901.0,1.57,1.64,1.56,0.0
2016-12-07,1.83,22395.0,1.68,1.83,1.68,0.0
2016-12-08,1.87,6636.0,1.7698,2.02,1.7698,0.0
2016-12-09,2.04,5613.0,1.961,2.15,1.952,0.0
2016-12-12,1.8823,2287.0,1.95,1.9599,1.8823,0.0
2016-12-13,1.89,20647.0,1.9001,1.9001,1.66,0.0
2016-12-14,1.89,23117.0,1.91,2.05,1.85,0.0
2016-12-15,1.81,5413.0,1.81,1.83,1.78,0.0
2016-12-16,1.94,3450.0,1.8244,1.94,1.8244,0.0
2016-12-19,1.85,13042.0,1.978,2.0646,1.82,0.0
2016-12-20,2.04,19072.0,1.86,2.04,1.86,0.0
2016-12-21,2.01,11078.0,2.01,2.0201,1.91,0.0
2016-12-22,1.91,1189.0,1.9001,1.97,1.9001,0.0
2016-12-23,1.93,12129.0,1.97,1.9701,1.911,0.0
2016-12-26,1.93,12129.0,1.97,1.9701,1.911,1.0
2016-12-27,1.93,8720.0,1.93,1.94,1.9114,0.0
2016-12-28,2.05,47913.0,1.91,2.05,1.91,0.0
2016-12-29,2.62,92852.0,2.0652,2.6499,2.0335,0.0
2016-12-30,2.98,81311.0,2.69,3.25,2.65,0.0
2017-01-02,2.98,81311.0,2.69,3.25,2.65,1.0
2017-01-03,2.97,39853.0,3.07,3.14,2.73,0.0
2017-01-04,2.93,7526.0,2.89,2.98,2.87,0.0
2017-01-05,3.16,39351.0,2.93,3.2,2.57,0.0
2017-01-06,3.27,37182.0,3.14,3.3743,3.06,0.0
2017-01-09,3.73,98804.0,3.32,3.75,3.1701,0.0
2017-01-10,3.13,51952.0,3.53,3.55,2.9,0.0
2017-01-11,3.24,18613.0,3.1,3.3,3.04,0.0
2017-01-12,3.27,22738.0,3.21,3.32,3.1,0.0
2017-01-13,3.17,18718.0,3.31,3.31,3.08,0.0
2017-01-16,3.17,18718.0,3.31,3.31,3.08,1.0
2017-01-17,3.17,3111.0,3.2,3.2,3.03,0.0
2017-01-18,3.12,17831.0,3.13,3.16,3.09,0.0
2017-01-19,3.0,27562.0,3.12,3.12,2.65,0.0
2017-01-20,3.04,2597.0,3.05,3.05,2.91,0.0
2017-01-23,2.95,910.0,3.06,3.06,2.92,0.0
2017-01-24,2.97,15672.0,2.95,3.1,2.95,0.0
2017-01-25,2.93,4893.0,3.0,3.0,2.8924,0.0
2017-01-26,3.0,14001.0,2.99,3.0,2.99,0.0
2017-01-27,2.99,2600.0,3.06,3.06,2.98,0.0
2017-01-30,3.0,7899.0,2.9208,3.03,2.9208,0.0
2017-01-31,3.15,4625.0,3.02,3.15,3.0,0.0
2017-02-01,3.0616,257.0,3.0616,3.0616,3.0616,0.0
2017-02-02,3.115,10861.0,3.11,3.14,3.07,0.0
2017-02-03,3.14,8817.0,3.05,3.15,3.05,0.0
2017-02-06,3.0978,211.0,3.0978,3.0978,3.0978,0.0
2017-02-07,3.05,2123.0,3.0555,3.0555,3.05,0.0
2017-02-08,3.05,0.0,3.05,3.05,3.05,0.0
2017-02-09,2.9501,2827.0,3.08,3.08,2.9501,0.0
2017-02-10,2.65,19859.0,2.78,2.8,2.16,0.0
2017-02-13,2.71,6621.0,2.59,2.76,2.5637,0.0
2017-02-14,2.56,1310.0,2.5136,2.59,2.5136,0.0
2017-02-15,2.67,3704.0,2.8351,2.8351,2.56,0.0
2017-02-16,2.6643,2034.0,2.6643,2.6643,2.6643,0.0
2017-02-17,2.72,2450.0,2.6,2.7284,2.6,0.0
2017-02-20,2.72,2450.0,2.6,2.7284,2.6,1.0
2017-02-21,2.67,424.0,2.6963,2.6963,2.67,0.0
2017-02-22,2.59,2793.0,2.16,2.59,2.16,0.0
2017-02-23,2.56,805.0,2.55,2.56,2.55,0.0
2017-02-24,2.62,9183.0,2.504,2.62,2.462,0.0
2017-02-27,2.66,4969.0,2.5125,2.68,2.5125,0.0
2017-02-28,2.65,1118.0,2.649,2.65,2.649,0.0
2017-03-01,2.64,2459.0,2.614,2.64,2.61,0.0
2017-03-02,2.64,2406.0,2.59,2.64,2.59,0.0
2017-03-03,2.64,0.0,2.64,2.64,2.64,0.0
2017-03-06,2.72,6648.0,2.58,2.72,2.5799,0.0
2017-03-07,2.75,12257.0,2.749,2.76,2.7398,0.0
2017-03-08,2.75,359.0,2.75,2.75,2.75,0.0
2017-03-09,2.76,26597.0,2.66,2.76,2.65,0.0
2017-03-10,2.78,17686.0,2.71,2.82,2.71,0.0
2017-03-13,2.7,12816.0,2.99,2.99,2.43,0.0
2017-03-14,2.84,24191.0,2.68,2.84,2.65,0.0
2017-03-15,2.82,33791.0,3.16,3.16,2.77,0.0
2017-03-16,2.77,45365.0,3.08,3.08,2.52,0.0
2017-03-17,3.0,42461.0,2.76,3.01,2.76,0.0
2017-03-20,3.15,12508.0,2.78,3.15,2.78,0.0
2017-03-21,3.4,25109.0,3.16,3.4,2.99,0.0
2017-03-22,3.22,20442.0,3.301,3.301,2.9,0.0
2017-03-23,3.235,4096.0,3.18,3.25,3.07,0.0
2017-03-24,3.08,2180.0,3.15,3.19,3.08,0.0
2017-03-27,3.42,17962.0,3.1,3.45,3.0,0.0
2017-03-28,3.35,2427.0,3.42,3.42,3.3001,0.0
2017-03-29,3.5899,31244.0,3.6,3.66,3.4,0.0
2017-03-30,3.64,21725.0,3.63,3.7,3.45,0.0
2017-03-31,3.61,9953.0,3.66,3.77,3.6,0.0
2017-04-03,3.68,1557.0,3.59,3.68,3.59,0.0
2017-04-04,3.72,3689.0,3.73,3.739,3.541,0.0
2017-04-05,3.73,7641.0,3.65,3.74,3.65,0.0
2017-04-06,3.8,11909.0,3.8,3.8,3.27,0.0
2017-04-07,3.83,12732.0,3.84,3.85,3.73,0.0
2017-04-10,3.81,16626.0,3.47,3.85,3.45,0.0
2017-04-11,3.77,8623.0,3.85,3.85,3.7567,0.0
2017-04-12,3.85,15368.0,3.85,3.8799,3.66,0.0
2017-04-13,3.89,14865.0,3.8048,3.99,3.8048,0.0
2017-04-14,3.89,14865.0,3.8048,3.99,3.8048,1.0
2017-04-17,3.95,2492.0,3.95,3.95,3.9101,0.0
2017-04-18,3.8503,1744.0,3.98,3.98,3.8503,0.0
2017-04-19,3.9499,22051.0,3.832,3.95,3.4,0.0
2017-04-20,3.89,10358.0,3.72,3.95,3.72,0.0
2017-04-21,3.7698,10779.0,3.8,3.96,3.51,0.0
2017-04-24,3.9,8751.0,3.83,3.9,3.76,0.0
2017-04-25,3.91,4037.0,3.91,3.91,3.87,0.0
2017-04-26,3.99,3320.0,3.99,3.99,3.93,0.0
2017-04-27,4.0,26648.0,3.99,4.0,3.86,0.0
2017-04-28,4.22,23013.0,4.0,4.25,3.9849,0.0
2017-05-01,4.2339,38008.0,4.209,4.359,3.8635,0.0
2017-05-02,4.1594,7570.0,4.19,4.24,4.1001,0.0
2017-05-03,4.35,27304.0,4.07,4.3999,3.96,0.0
2017-05-04,4.2849,7754.0,4.34,4.35,4.25,0.0
2017-05-05,4.3,12901.0,4.15,4.35,4.02,0.0
2017-05-08,4.55,38296.0,4.32,4.7,4.2796,0.0
2017-05-09,4.49,16866.0,4.57,4.65,4.4194,0.0
2017-05-10,4.38,7408.0,4.4405,4.4405,4.197,0.0
2017-05-11,4.24,9151.0,4.33,4.33,3.65,0.0
2017-05-12,4.05,62071.0,4.11,4.6,4.0,0.0
2017-05-15,3.52,43648.0,3.99,4.0733,3.52,0.0
2017-05-16,3.97,15567.0,3.75,3.99,3.53,0.0
2017-05-17,3.93,22434.0,4.0,4.15,3.91,0.0
2017-05-18,4.19,4891.0,4.03,4.19,4.03,0.0
2017-05-19,4.15,301.0,4.139,4.15,4.139,0.0
2017-05-22,4.11,5908.0,4.169,4.2,4.11,0.0
2017-05-23,3.86,13247.0,3.88,3.98,3.86,0.0
2017-05-24,3.92,13025.0,3.82,4.15,3.82,0.0
2017-05-25,4.09,31775.0,3.941,4.15,3.71,0.0
2017-05-26,3.92,16553.0,4.1,4.1,3.92,0.0
2017-05-29,3.92,16553.0,4.1,4.1,3.92,1.0
2017-05-30,4.04,25862.0,4.01,4.04,3.82,0.0
2017-05-31,4.04,2105.0,4.06,4.06,3.827,0.0
2017-06-01,4.02,14302.0,4.04,4.07,3.81,0.0
2017-06-02,3.94,33293.0,4.01,4.12,3.76,0.0
2017-06-05,3.89,11114.0,3.98,4.08,3.855,0.0
2017-06-06,3.98,8715.0,3.92,4.04,3.8,0.0
2017-06-07,3.92,23455.0,3.94,4.05,3.8,0.0
2017-06-08,3.95,5313.0,3.86,3.9899,3.86,0.0
2017-06-09,3.9,41267.0,3.857,3.9,3.65,0.0
2017-06-12,3.7,34690.0,3.675,3.86,3.65,0.0
2017-06-13,3.69,2533.0,3.711,3.7208,3.62,0.0
2017-06-14,3.71,7986.0,3.66,3.74,3.65,0.0
2017-06-15,3.97,15290.0,3.84,3.999,3.715,0.0
2017-06-16,3.76,2410.0,3.9842,3.9842,3.76,0.0
2017-06-19,3.97,3202.0,3.7967,3.97,3.7967,0.0
2017-06-20,4.05,10623.0,3.7029,4.1,3.7029,0.0
2017-06-21,4.05,5819.0,3.93,4.13,3.8896,0.0
2017-06-22,4.05,3731.0,4.047,4.08,4.047,0.0
2017-06-23,4.25,42295.0,4.03,4.27,3.8453,0.0
2017-06-26,3.9501,28736.0,4.1,4.15,3.91,0.0
2017-06-27,3.9399,2317.0,3.96,3.9896,3.9399,0.0
2017-06-28,3.95,25327.0,3.84,4.05,3.75,0.0
2017-06-29,3.877,7981.0,3.91,3.9989,3.82,0.0
2017-06-30,3.94,2897.0,3.89,3.97,3.89,0.0
2017-07-03,3.8352,114.0,3.8352,3.8352,3.8352,0.0
2017-07-04,3.8352,114.0,3.8352,3.8352,3.8352,1.0
2017-07-05,3.99,2451.0,3.9,3.99,3.89,0.0
2017-07-06,3.97,6659.0,3.6738,3.97,3.6738,0.0
2017-07-07,3.95,2792.0,3.95,3.95,3.82,0.0
2017-07-10,3.94,2859.0,4.0,4.0,3.92,0.0
2017-07-11,4.04,1121.0,4.05,4.05,4.04,0.0
2017-07-12,3.92,6788.0,3.99,4.07,3.8549,0.0
2017-07-13,4.09,14634.0,4.12,4.12,4.04,0.0
2017-07-14,4.05,7910.0,4.06,4.07,4.04,0.0
2017-07-17,4.05,837.0,4.05,4.05,4.05,0.0
2017-07-18,4.1,11115.0,4.036,4.15,4.0141,0.0
2017-07-19,4.0401,6356.0,4.06,4.06,4.04,0.0
2017-07-20,4.0401,0.0,4.0401,4.0401,4.0401,0.0
2017-07-21,4.05,1281.0,4.04,4.05,4.008,0.0
2017-07-24,4.05,1137.0,4.045,4.06,4.045,0.0
2017-07-25,4.05,0.0,4.05,4.05,4.05,0.0
2017-07-26,4.03,5300.0,3.9195,4.03,3.9195,0.0
2017-07-27,4.04,3538.0,3.891,4.04,3.891,0.0
2017-07-28,4.0499,1260.0,4.03,4.0499,4.03,0.0
2017-07-31,4.004,441.0,4.004,4.004,4.004,0.0
2017-08-01,4.004,0.0,4.004,4.004,4.004,0.0
2017-08-02,4.0254,924.0,4.0,4.05,4.0,0.0
2017-08-03,4.05,505.0,4.05,4.05,4.05,0.0
2017-08-04,4.009,529.0,4.009,4.009,4.009,0.0
2017-08-07,4.04,297.0,4.0399,4.04,4.0399,0.0
2017-08-08,4.42,6602.0,4.04,4.42,4.04,0.0
2017-08-09,4.15,1380.0,4.3,4.3,4.14,0.0
2017-08-10,4.09,264.0,4.09,4.09,4.09,0.0
2017-08-11,4.09,0.0,4.09,4.09,4.09,0.0
2017-08-14,4.1492,4303.0,4.147,4.16,4.09,0.0
2017-08-15,4.0,2120.0,4.17,4.17,4.0,0.0
2017-08-16,4.05,141.0,4.05,4.05,4.05,0.0
2017-08-17,4.05,0.0,4.05,4.05,4.05,0.0
2017-08-18,3.75,21264.0,4.07,4.08,3.75,0.0
2017-08-21,4.0,12525.0,3.8,4.0,3.8,0.0
2017-08-22,4.0501,5069.0,4.17,4.17,4.04,0.0
2017-08-23,4.0501,0.0,4.0501,4.0501,4.0501,0.0
2017-08-24,4.0501,0.0,4.0501,4.0501,4.0501,0.0
2017-08-25,3.96,468.0,3.96,3.96,3.96,0.0
2017-08-28,3.96,12342.0,4.049,4.049,3.71,0.0
2017-08-29,3.89,21725.0,3.96,4.0001,3.7755,0.0
2017-08-30,3.89,0.0,3.89,3.89,3.89,0.0
2017-08-31,3.89,16296.0,3.95,4.05,3.8653,0.0
2017-09-01,3.83,3223.0,3.92,3.9633,3.83,0.0
2017-09-04,3.83,3223.0,3.92,3.9633,3.83,1.0
2017-09-05,3.82,2170.0,3.8,3.89,3.8,0.0
2017-09-06,3.72,475.0,3.92,3.92,3.72,0.0
2017-09-07,3.8899,851.0,3.89,3.89,3.8,0.0
2017-09-08,3.86,2030.0,3.8,3.89,3.75,0.0
2017-09-11,3.66,6662.0,3.8,3.93,3.6,0.0
2017-09-12,3.7,2224.0,3.62,3.9,3.62,0.0
2017-09-13,3.71,735.0,3.724,3.91,3.64,0.0
2017-09-14,3.77,3616.0,3.67,3.8,3.67,0.0
2017-09-15,3.95,5108.0,3.78,3.9971,3.77,0.0
2017-09-18,4.02,27413.0,3.88,4.29,3.735,0.0
2017-09-19,3.95,724.0,4.0,4.0,3.8988,0.0
2017-09-20,3.93,1271.0,4.0,4.0,3.87,0.0
2017-09-21,4.02,49921.0,3.97,4.05,3.8878,0.0
2017-09-22,3.98,4245.0,4.0,4.0,3.98,0.0
2017-09-25,3.9401,4637.0,4.0,4.0,3.94,0.0
2017-09-26,3.89,32175.0,3.9807,4.0,3.89,0.0
2017-09-27,3.89,0.0,3.89,3.89,3.89,0.0
2017-09-28,3.94,6896.0,3.86,3.9499,3.86,0.0
2017-09-29,3.9001,860.0,3.9,3.95,3.9,0.0
2017-10-02,3.8076,297.0,3.8076,3.8076,3.8076,0.0
2017-10-03,3.84,849.0,3.89,3.89,3.84,0.0
2017-10-04,3.9,734.0,3.9,3.9,3.8999,0.0
2017-10-05,3.9151,353.0,3.9151,3.9151,3.9151,0.0
2017-10-06,3.91,987.0,3.85,3.91,3.85,0.0
2017-10-09,3.91,0.0,3.91,3.91,3.91,0.0
2017-10-10,3.91,0.0,3.91,3.91,3.91,0.0
2017-10-11,3.95,680.0,3.95,3.95,3.95,0.0
2017-10-12,3.91,2795.0,4.1,4.141,3.91,0.0
2017-10-13,3.97,926.0,3.9811,3.9811,3.96,0.0
2017-10-16,3.9099,303.0,3.9099,3.9099,3.9099,0.0
2017-10-17,3.9,2187.0,3.91,3.91,3.9,0.0
2017-10-18,3.931,1616.0,3.931,3.931,3.931,0.0
2017-10-19,3.939,915.0,3.69,4.0007,3.69,0.0
2017-10-20,3.939,0.0,3.939,3.939,3.939,0.0
2017-10-23,3.8101,573.0,3.8101,3.8101,3.8101,0.0
2017-10-24,3.8101,0.0,3.8101,3.8101,3.8101,0.0
2017-10-25,3.8101,0.0,3.8101,3.8101,3.8101,0.0
2017-10-26,3.8101,0.0,3.8101,3.8101,3.8101,0.0
2017-10-27,3.8101,0.0,3.8101,3.8101,3.8101,0.0
2017-10-30,3.8101,0.0,3.8101,3.8101,3.8101,0.0
2017-10-31,3.87,1700.0,3.8999,3.8999,3.87,0.0
2017-11-01,3.8485,238.0,3.8485,3.8485,3.8485,0.0
2017-11-02,3.8485,0.0,3.8485,3.8485,3.8485,0.0
2017-11-03,3.8485,0.0,3.8485,3.8485,3.8485,0.0
2017-11-06,3.86,193.0,3.86,3.86,3.86,0.0
2017-11-07,3.86,0.0,3.86,3.86,3.86,0.0
2017-11-08,3.8378,237.0,3.8378,3.8378,3.8378,0.0
2017-11-09,3.73,1634.0,3.7782,3.7782,3.73,0.0
2017-11-10,3.7,1903.0,3.7,3.7,3.63,0.0
2017-11-13,3.6,5530.0,3.7,3.7,3.6,0.0
2017-11-14,3.71,1366.0,3.76,3.96,3.6108,0.0
2017-11-15,3.71,0.0,3.71,3.71,3.71,0.0
2017-11-16,3.762,11949.0,3.71,3.96,3.6,0.0
2017-11-17,3.89,10003.0,3.7497,3.89,3.6094,0.0
2017-11-20,3.86,24563.0,3.861,3.99,3.8281,0.0
2017-11-21,3.86,0.0,3.86,3.86,3.86,0.0
2017-11-22,3.8,1819.0,3.8116,3.8201,3.8,0.0
2017-11-23,3.8,1819.0,3.8116,3.8201,3.8,1.0
2017-11-24,3.83,1194.0,3.7,3.89,3.7,0.0
2017-11-27,3.93,24099.0,3.842,4.0354,3.842,0.0
2017-11-28,3.9,375.0,4.0,4.0,3.9,0.0
2017-11-29,4.1,897.0,3.91,4.2,3.91,0.0
2017-11-30,4.1,838.0,4.1018,4.1018,4.1,0.0
2017-12-01,4.3,1120.0,4.1101,4.5,4.1101,0.0
2017-12-04,4.2,3774.0,4.29,4.29,4.14,0.0
2017-12-05,4.1196,9704.0,4.24,4.39,4.1,0.0
2017-12-06,4.34,15274.0,4.2425,4.49,4.18,0.0
2017-12-07,4.4,9341.0,4.35,4.5,4.2584,0.0
2017-12-08,4.45,2933.0,4.464,4.464,4.3679,0.0
2017-12-11,4.42,6530.0,4.45,4.45,4.135,0.0
2017-12-12,4.75,17401.0,4.4212,4.75,4.4118,0.0
2017-12-13,5.1762,3168.0,4.51,5.18,4.51,0.0
2017-12-14,11.85,4007182.0,6.2,11.85,6.2,0.0
2017-12-15,13.25,3983453.0,12.0,14.3,10.22,0.0
2017-12-18,16.44,2786202.0,13.25,18.79,12.05,0.0
2017-12-19,14.31,1292587.0,15.25,18.4,13.5,0.0
2017-12-20,20.0,2753819.0,18.0,21.61,15.4,0.0
2017-12-21,18.2,1181580.0,21.09,21.56,16.7501,0.0
2017-12-22,16.3,677745.0,15.24,17.0,14.31,0.0
2017-12-25,16.3,677745.0,15.24,17.0,14.31,1.0
2017-12-26,15.99,635279.0,17.69,17.8,15.01,0.0
2017-12-27,15.75,139163.0,15.98,15.98,15.11,0.0
2017-12-28,14.0,193055.0,15.07,15.59,13.6,0.0
2017-12-29,13.5,188416.0,14.24,14.2438,12.9,0.0
2018-01-01,13.5,188416.0,14.24,14.2438,12.9,1.0
2018-01-02,15.76,348051.0,13.77,16.19,13.5,0.0
2018-01-03,15.12,371306.0,15.56,16.52,14.56,0.0
2018-01-04,15.01,87945.0,15.14,15.7051,14.4328,0.0
2018-01-05,15.4,155772.0,15.18,16.2999,14.9256,0.0
2018-01-08,15.4,190127.0,15.4,15.99,14.81,0.0
2018-01-09,15.79,185397.0,15.0,15.967,15.0,0.0
2018-01-10,15.11,460194.0,16.0,17.75,15.0,0.0
2018-01-11,14.85,101821.0,14.81,15.5826,14.51,0.0
2018-01-12,14.16,115411.0,14.5,14.79,14.02,0.0
2018-01-15,14.16,115411.0,14.5,14.79,14.02,1.0
2018-01-16,11.82,284437.0,13.75,13.75,11.45,0.0
2018-01-17,13.68,187220.0,11.64,14.29,11.3701,0.0
2018-01-18,13.48,46525.0,13.98,14.2475,13.16,0.0
2018-01-19,13.1,79332.0,13.88,14.1,12.65,0.0
2018-01-22,12.54,78487.0,12.79,13.04,12.22,0.0
2018-01-23,11.51,106924.0,12.18,12.5,11.47,0.0
2018-01-24,11.66,35700.0,11.53,11.87,11.51,0.0
2018-01-25,10.12,123973.0,11.6,11.6396,9.6236,0.0
2018-01-26,9.45,87741.0,9.83,10.0987,9.45,0.0
2018-01-29,9.27,61399.0,9.46,9.63,9.26,0.0
2018-01-30,9.21,27584.0,9.27,9.39,9.2,0.0
2018-01-31,9.17,29631.0,9.18,9.46,9.17,0.0
2018-02-01,9.0,44604.0,9.17,9.34,8.65,0.0
2018-02-02,8.68,45152.0,9.0,9.0,8.54,0.0
2018-02-05,8.24,95778.0,8.75,8.75,8.23,0.0
2018-02-06,8.86,123992.0,8.14,10.25,8.14,0.0
2018-02-07,9.0,87288.0,9.12,9.5,8.76,0.0
2018-02-08,8.69,35501.0,8.99,9.22,8.63,0.0
2018-02-09,8.59,34475.0,8.77,9.07,8.5001,0.0
2018-02-12,8.36,42754.0,8.63,8.77,8.36,0.0
2018-02-13,8.39,18189.0,8.62,8.62,8.35,0.0
2018-02-14,8.5743,209112.0,8.52,9.1,8.48,0.0
2018-02-15,8.5,64726.0,8.53,8.9934,8.24,0.0
2018-02-16,8.1,54410.0,8.45,8.79,8.02,0.0
2018-02-19,8.1,54410.0,8.45,8.79,8.02,1.0
2018-02-20,7.5,51117.0,8.64,8.64,7.4,0.0
2018-02-21,7.8,35067.0,7.46,7.93,7.44,0.0
2018-02-22,7.58,6081.0,8.16,8.16,7.46,0.0
2018-02-23,8.0,38303.0,7.5,8.0,7.5,0.0
2018-02-26,7.82,67836.0,7.96,8.39,7.82,0.0
2018-02-27,7.48,16840.0,7.71,7.8505,7.48,0.0
2018-02-28,7.66,26495.0,7.54,7.9899,7.5101,0.0
2018-03-01,7.55,22931.0,7.67,7.79,7.41,0.0
2018-03-02,7.65,17422.0,7.496,7.88,7.45,0.0
2018-03-05,7.94,13884.0,7.5661,7.98,7.5661,0.0
2018-03-06,9.35,252140.0,7.94,9.6204,7.9,0.0
2018-03-07,8.86,53830.0,9.19,9.315,8.42,0.0
2018-03-08,8.25,42485.0,8.9,8.94,8.21,0.0
2018-03-09,8.44,12967.0,8.3,8.49,8.04,0.0
2018-03-12,8.69,27521.0,8.44,8.8346,8.164,0.0
2018-03-13,8.22,18983.0,8.74,8.74,8.12,0.0
2018-03-14,8.02,24671.0,8.3,8.35,7.6285,0.0
2018-03-15,7.76,30223.0,8.09,8.4,7.76,0.0
2018-03-16,8.04,26308.0,8.0,8.04,7.51,0.0
2018-03-19,7.55,8977.0,7.98,7.98,7.475,0.0
2018-03-20,7.63,17363.0,7.55,7.99,7.26,0.0
2018-03-21,7.99,13983.0,7.7,7.99,7.65,0.0
2018-03-22,7.86,44267.0,7.87,8.4,7.7,0.0
2018-03-23,8.11,17996.0,8.02,8.28,7.88,0.0
2018-03-26,9.23,60114.0,8.26,9.46,7.92,0.0
2018-03-27,8.77,54378.0,9.31,9.31,8.33,0.0
2018-03-28,8.87,34232.0,8.72,9.25,8.43,0.0
2018-03-29,8.43,35859.0,8.87,9.22,8.4,0.0
2018-03-30,8.43,35859.0,8.87,9.22,8.4,1.0
2018-04-02,7.52,52296.0,8.38,8.6403,7.52,0.0
2018-04-03,7.855,51432.0,7.7,8.68,7.6,0.0
2018-04-04,8.1,80342.0,7.75,8.61,7.75,0.0
2018-04-05,7.93,32157.0,8.28,8.28,7.7236,0.0
2018-04-06,7.7,23302.0,8.13,8.34,7.7,0.0
2018-04-09,7.67,25357.0,7.745,7.98,7.58,0.0
2018-04-10,7.73,19699.0,7.84,7.98,7.7,0.0
2018-04-11,7.88,11601.0,7.9016,7.9854,7.71,0.0
2018-04-12,7.79,41399.0,7.72,7.969,7.14,0.0
2018-04-13,7.66,35844.0,7.79,8.23,7.6,0.0
2018-04-16,7.75,9039.0,7.82,8.13,7.59,0.0
2018-04-17,8.1,5167.0,7.8,8.1,7.6545,0.0
2018-04-18,7.81,15469.0,8.07,8.25,7.81,0.0
2018-04-19,8.0,7148.0,7.86,8.12,7.76,0.0
2018-04-20,7.98,1535.0,7.841,8.0,7.841,0.0
2018-04-23,8.2,16780.0,7.98,8.24,7.93,0.0
2018-04-24,8.23,14731.0,7.92,8.29,7.92,0.0
2018-04-25,8.14,11926.0,7.9501,8.5,7.9501,0.0
2018-04-26,8.28,11539.0,8.3,8.3999,8.12,0.0
2018-04-27,8.5,18642.0,8.34,8.5,8.1,0.0
2018-04-30,9.35,24537.0,8.54,9.585,8.54,0.0
2018-05-01,10.39,50170.0,9.01,10.45,8.9335,0.0
2018-05-02,9.49,160070.0,10.33,11.3999,9.12,0.0
2018-05-03,9.27,8631.0,9.56,9.56,9.2571,0.0
2018-05-04,9.68,16494.0,9.37,10.05,9.3001,0.0
2018-05-07,10.28,33852.0,9.95,10.99,9.95,0.0
2018-05-08,11.17,20512.0,10.25,11.19,10.21,0.0
2018-05-09,12.24,57323.0,11.15,12.53,11.15,0.0
2018-05-10,12.5,30296.0,12.4,12.65,12.0,0.0
2018-05-11,11.23,39573.0,12.55,12.55,11.06,0.0
2018-05-14,11.02,11070.0,11.24,11.9919,11.011,0.0
2018-05-15,10.925,28685.0,11.0,11.3352,10.42,0.0
2018-05-16,10.17,28266.0,11.0,11.36,10.17,0.0
2018-05-17,10.45,17725.0,10.51,10.97,10.45,0.0
2018-05-18,9.43,51752.0,10.64,10.64,9.12,0.0
2018-05-21,9.98,10209.0,9.41,10.0,9.2068,0.0
2018-05-22,8.69,43091.0,10.05,10.05,8.51,0.0
2018-05-23,8.94,10903.0,8.54,9.16,8.54,0.0
2018-05-24,9.02,11002.0,8.98,9.27,8.8101,0.0
2018-05-25,8.78,8366.0,9.05,9.179,8.6239,0.0
2018-05-28,8.78,8366.0,9.05,9.179,8.6239,1.0
2018-05-29,8.28,27056.0,8.78,8.84,8.28,0.0
2018-05-30,8.11,23971.0,8.42,8.99,8.05,0.0
2018-05-31,8.195,67880.0,8.67,8.88,8.11,0.0
2018-06-01,8.23,13081.0,8.36,8.36,8.1101,0.0
2018-06-04,8.12,18448.0,8.19,8.3976,7.98,0.0
2018-06-05,7.95,13706.0,8.21,8.25,7.91,0.0
2018-06-06,7.95,18848.0,7.94,8.23,7.94,0.0
2018-06-07,7.61,34600.0,8.04,8.04,7.21,0.0
2018-06-08,7.41,43555.0,7.57,8.16,7.25,0.0
2018-06-11,7.94,25784.0,7.51,8.08,7.51,0.0
2018-06-12,8.78,47714.0,8.12,8.97,8.0802,0.0
2018-06-13,8.57,34745.0,8.81,9.45,8.56,0.0
2018-06-14,8.51,34069.0,8.62,9.08,8.385,0.0
2018-06-15,9.05,28879.0,8.51,9.36,8.51,0.0
2018-06-18,9.06,35496.0,9.09,9.98,8.89,0.0
2018-06-19,9.35,31487.0,9.19,9.59,8.48,0.0
2018-06-20,8.79,33773.0,9.4,9.53,8.73,0.0
2018-06-21,9.42,34726.0,8.85,9.54,8.8,0.0
2018-06-22,10.06,744361.0,9.45,10.06,8.56,0.0
2018-06-25,9.5,45291.0,9.35,9.73,9.0,0.0
2018-06-26,9.85,23972.0,9.54,9.92,9.25,0.0
2018-06-27,9.59,24310.0,9.8902,9.9001,9.45,0.0
2018-06-28,9.88,18246.0,9.491,9.97,9.491,0.0
2018-06-29,10.42,24144.0,9.96,10.45,9.86,0.0
2018-07-02,11.67,46658.0,10.25,11.7475,10.25,0.0
2018-07-03,11.77,25756.0,11.745,11.77,11.201,0.0
2018-07-04,11.77,25756.0,11.745,11.77,11.201,1.0
2018-07-05,12.37,61107.0,11.75,12.44,11.23,0.0
2018-07-06,12.73,70830.0,12.26,13.56,12.25,0.0
2018-07-09,13.38,40277.0,12.75,13.45,12.6152,0.0
2018-07-10,13.22,47613.0,13.39,13.8,12.93,0.0
2018-07-11,12.85,26445.0,12.88,13.2407,12.37,0.0
2018-07-12,13.96,30947.0,13.04,13.98,12.5675,0.0
2018-07-13,15.07,55117.0,13.97,15.1,13.661,0.0
2018-07-16,14.68,65809.0,15.09,15.2099,14.325,0.0
2018-07-17,14.62,16524.0,14.69,14.829,14.27,0.0
2018-07-18,14.78,14572.0,14.4,14.95,13.75,0.0
2018-07-19,14.87,12011.0,14.87,14.915,14.58,0.0
2018-07-20,15.11,38537.0,14.85,15.67,14.7794,0.0
2018-07-23,15.14,18802.0,15.22,15.22,14.92,0.0
2018-07-24,15.67,29638.0,15.08,15.74,14.98,0.0
2018-07-25,15.67,29421.0,15.79,15.79,15.291,0.0
2018-07-26,15.68,18159.0,15.86,15.93,14.39,0.0
2018-07-27,15.57,14160.0,15.478,15.7,15.158,0.0
2018-07-30,15.2,15585.0,15.48,15.57,15.0,0.0
2018-07-31,14.91,23610.0,15.49,15.51,14.54,0.0
2018-08-01,13.77,20327.0,14.93,14.93,13.6581,0.0
2018-08-02,13.21,14736.0,13.67,13.67,12.99,0.0
2018-08-03,13.06,23271.0,13.21,13.23,12.6,0.0
2018-08-06,12.97,6547.0,13.08,13.08,12.6674,0.0
2018-08-07,12.62,4426.0,12.775,12.87,12.56,0.0
2018-08-08,12.17,16596.0,12.55,12.84,12.03,0.0
2018-08-09,12.58,28229.0,12.03,12.69,11.78,0.0
2018-08-10,13.59,26502.0,12.778,13.95,12.7,0.0
2018-08-13,13.21,11550.0,13.328,13.92,13.21,0.0
2018-08-14,13.48,6569.0,12.6763,13.49,12.6753,0.0
2018-08-15,12.94,12685.0,13.32,13.32,12.55,0.0
2018-08-16,13.14,7138.0,13.2541,13.2847,13.01,0.0
2018-08-17,13.1,9695.0,13.04,13.36,12.8827,0.0
2018-08-20,14.65,30498.0,13.25,15.21,13.25,0.0
2018-08-21,15.19,20908.0,14.48,15.26,13.843,0.0
2018-08-22,14.82,6193.0,14.94,15.01,14.6841,0.0
2018-08-23,14.51,4267.0,14.94,14.94,14.33,0.0
2018-08-24,15.44,36736.0,14.78,15.5,14.5,0.0
2018-08-27,15.95,44686.0,15.35,16.0,14.931,0.0
2018-08-28,16.25,30942.0,16.1,16.6864,15.9973,0.0
2018-08-29,16.05,17957.0,16.46,16.46,15.92,0.0
2018-08-30,15.98,7413.0,16.14,16.14,15.82,0.0
2018-08-31,15.8,19134.0,16.0,16.4,15.68,0.0
2018-09-03,15.8,19134.0,16.0,16.4,15.68,1.0
2018-09-04,16.14,7680.0,15.96,16.2,15.96,0.0
2018-09-05,15.85,8777.0,15.78,16.25,15.68,0.0
2018-09-06,15.85,47116.0,15.78,16.37,15.21,0.0
2018-09-07,16.17,25760.0,15.53,16.62,15.29,0.0
2018-09-10,18.84,99528.0,16.5,19.0,16.5,0.0
2018-09-11,19.66,148629.0,18.8,20.3,18.511,0.0
2018-09-12,20.53,86306.0,19.8,20.7,19.6601,0.0
2018-09-13,17.5,100821.0,20.7,20.8,17.08,0.0
2018-09-14,17.39,54459.0,17.76,18.69,16.9,0.0
2018-09-17,16.52,46968.0,17.25,17.82,16.22,0.0
2018-09-18,16.32,63468.0,16.18,16.79,16.1,0.0
2018-09-19,14.38,81880.0,15.85,16.1735,14.18,0.0
2018-09-20,15.23,33907.0,14.27,15.39,14.27,0.0
2018-09-21,14.41,171755.0,15.15,15.2043,13.5825,0.0
2018-09-24,13.65,29940.0,14.2,14.6607,13.2648,0.0
2018-09-25,14.33,24201.0,13.78,14.62,13.45,0.0
2018-09-26,14.05,12599.0,14.01,14.23,14.0,0.0
2018-09-27,14.71,15923.0,14.02,14.87,14.02,0.0
2018-09-28,14.65,27668.0,14.58,14.71,14.4,0.0
2018-10-01,14.35,10262.0,14.6,14.7399,14.121,0.0
2018-10-02,13.83,9830.0,14.28,14.4794,13.81,0.0
2018-10-03,13.77,10022.0,14.12,14.1765,13.38,0.0
2018-10-04,13.72,14612.0,13.75,14.1,13.72,0.0
2018-10-05,13.95,8367.0,14.279,14.9,13.7284,0.0
2018-10-08,13.72,4478.0,13.86,14.27,13.7074,0.0
2018-10-09,13.47,12193.0,13.59,13.82,13.3899,0.0
2018-10-10,13.04,9374.0,13.51,13.88,13.03,0.0
2018-10-11,12.96,10389.0,13.0,13.46,12.95,0.0
2018-10-12,13.09,10455.0,13.27,13.87,13.02,0.0
