"Date","Price","Open","High","Low","Vol.","Change %"
"Oct 13, 2018","6,195.0","6,180.8","6,214.1","6,168.8","2.27K","0.16%"
"Oct 12, 2018","6,184.9","6,152.8","6,238.3","6,109.8","3.25K","0.39%"
"Oct 11, 2018","6,161.0","6,517.5","6,518.4","6,067.0","9.62K","-5.47%"
"Oct 10, 2018","6,517.5","6,588.7","6,589.8","6,400.0","5.18K","-1.08%"
"Oct 09, 2018","6,588.8","6,604.8","6,623.1","6,553.1","2.25K","-0.24%"
"Oct 08, 2018","6,604.8","6,574.1","6,652.0","6,541.1","4.08K","0.46%"
"Oct 07, 2018","6,574.3","6,544.1","6,600.0","6,493.9","2.46K","0.46%"
"Oct 06, 2018","6,544.1","6,584.8","6,594.2","6,526.3","2.02K","-0.65%"
"Oct 05, 2018","6,587.0","6,547.6","6,639.0","6,513.3","3.81K","0.60%"
"Oct 04, 2018","6,547.6","6,456.8","6,594.9","6,450.6","3.84K","1.41%"
"Oct 03, 2018","6,456.8","6,500.0","6,510.0","6,396.3","4.77K","-0.67%"
"Oct 02, 2018","6,500.0","6,571.2","6,597.0","6,447.9","4.12K","-1.08%"
"Oct 01, 2018","6,571.2","6,597.8","6,638.1","6,477.6","4.80K","-0.40%"
"Sep 30, 2018","6,597.8","6,579.4","6,628.0","6,515.2","2.48K","0.28%"
"Sep 29, 2018","6,579.4","6,609.0","6,609.0","6,457.6","3.38K","-0.47%"
"Sep 28, 2018","6,610.8","6,683.4","6,792.3","6,525.7","7.64K","-1.06%"
"Sep 27, 2018","6,681.6","6,461.0","6,733.0","6,432.3","5.67K","3.41%"
"Sep 26, 2018","6,461.0","6,429.0","6,540.0","6,379.4","4.30K","0.50%"
"Sep 25, 2018","6,429.0","6,581.5","6,581.5","6,325.0","8.21K","-2.32%"
"Sep 24, 2018","6,581.5","6,702.2","6,721.7","6,551.0","4.03K","-1.80%"
"Sep 23, 2018","6,702.2","6,710.0","6,774.9","6,659.4","3.25K","-0.12%"
"Sep 22, 2018","6,710.0","6,749.5","6,826.3","6,624.8","5.49K","-0.58%"
"Sep 21, 2018","6,749.5","6,493.0","6,773.0","6,483.8","8.57K","3.95%"
"Sep 20, 2018","6,493.0","6,388.4","6,535.1","6,333.6","5.18K","1.64%"
"Sep 19, 2018","6,388.4","6,332.5","6,508.5","6,104.6","7.24K","0.88%"
"Sep 18, 2018","6,332.5","6,254.5","6,390.0","6,227.1","4.20K","1.25%"
"Sep 17, 2018","6,254.5","6,500.0","6,530.2","6,200.0","4.39K","-3.78%"
"Sep 16, 2018","6,500.0","6,520.1","6,524.8","6,387.9","1.10K","-0.31%"
"Sep 15, 2018","6,520.1","6,477.8","6,570.0","6,466.8","1.33K","0.65%"
"Sep 14, 2018","6,478.2","6,485.7","6,585.0","6,401.3","4.60K","-0.12%"
"Sep 13, 2018","6,485.7","6,322.5","6,533.7","6,322.5","6.99K","2.58%"
"Sep 12, 2018","6,322.5","6,280.0","6,349.0","6,192.9","4.28K","0.68%"
"Sep 11, 2018","6,280.0","6,302.0","6,405.0","6,171.9","7.08K","-0.35%"
"Sep 10, 2018","6,302.0","6,236.0","6,349.5","6,227.1","5.37K","1.06%"
"Sep 09, 2018","6,236.0","6,178.3","6,446.8","6,144.6","4.10K","0.93%"
"Sep 08, 2018","6,178.3","6,401.0","6,465.5","6,115.0","4.30K","-3.29%"
"Sep 07, 2018","6,388.8","6,489.9","6,525.0","6,324.9","6.54K","-1.58%"
"Sep 06, 2018","6,491.3","6,678.9","6,705.6","6,254.0","14.71K","-2.81%"
"Sep 05, 2018","6,679.3","7,361.0","7,387.0","6,650.0","12.41K","-9.26%"
"Sep 04, 2018","7,361.0","7,259.0","7,406.0","7,231.0","4.53K","1.41%"
"Sep 03, 2018","7,259.0","7,290.3","7,333.6","7,192.1","2.83K","-0.43%"
"Sep 02, 2018","7,290.3","7,185.0","7,326.0","7,130.6","3.30K","1.47%"
"Sep 01, 2018","7,185.0","7,015.6","7,300.0","7,015.2","4.59K","2.51%"
"Aug 31, 2018","7,009.0","6,984.0","7,100.0","6,880.0","5.79K","0.36%"
"Aug 30, 2018","6,984.0","7,033.0","7,056.0","6,792.9","6.88K","-0.75%"
"Aug 29, 2018","7,036.5","7,080.9","7,124.1","6,890.6","5.73K","-0.63%"
"Aug 28, 2018","7,080.9","6,903.5","7,125.3","6,862.6","8.23K","2.57%"
"Aug 27, 2018","6,903.5","6,698.2","6,944.4","6,649.7","5.86K","2.99%"
"Aug 26, 2018","6,703.0","6,732.4","6,775.3","6,559.9","3.47K","-0.44%"
"Aug 25, 2018","6,732.4","6,692.0","6,800.0","6,664.3","4.98K","0.65%"
"Aug 24, 2018","6,689.0","6,528.3","6,720.5","6,448.0","6.38K","2.51%"
"Aug 23, 2018","6,525.0","6,356.0","6,550.9","6,344.8","4.03K","2.68%"
"Aug 22, 2018","6,355.0","6,479.3","6,870.0","6,252.0","11.96K","-1.92%"
"Aug 21, 2018","6,479.3","6,260.8","6,513.0","6,246.0","5.66K","3.41%"
"Aug 20, 2018","6,265.7","6,481.6","6,523.0","6,223.9","6.25K","-3.34%"
"Aug 19, 2018","6,482.1","6,399.3","6,543.0","6,314.0","3.14K","1.29%"
"Aug 18, 2018","6,399.3","6,580.1","6,614.7","6,303.0","3.50K","-2.75%"
"Aug 17, 2018","6,580.1","6,313.2","6,580.1","6,290.7","6.64K","4.25%"
"Aug 16, 2018","6,312.1","6,272.3","6,477.6","6,221.7","7.10K","0.64%"
"Aug 15, 2018","6,272.3","6,193.6","6,628.5","6,186.0","12.50K","1.27%"
"Aug 14, 2018","6,193.6","6,252.6","6,252.6","5,888.5","14.24K","-0.94%"
"Aug 13, 2018","6,252.6","6,310.8","6,544.4","6,142.2","8.90K","-0.92%"
"Aug 12, 2018","6,310.8","6,240.0","6,493.8","6,163.4","7.17K","1.23%"
"Aug 11, 2018","6,234.0","6,153.2","6,479.8","6,000.0","6.82K","1.53%"
"Aug 10, 2018","6,140.0","6,543.8","6,584.0","5,995.8","14.10K","-6.17%"
"Aug 09, 2018","6,543.8","6,283.6","6,627.0","6,190.0","9.48K","4.17%"
"Aug 08, 2018","6,282.1","6,717.7","6,717.7","6,125.0","14.67K","-6.49%"
"Aug 07, 2018","6,718.2","6,930.0","7,150.0","6,674.6","10.04K","-3.14%"
"Aug 06, 2018","6,936.1","7,023.4","7,152.0","6,835.1","7.32K","-1.37%"
"Aug 05, 2018","7,032.6","7,010.0","7,081.3","6,888.9","6.04K","0.34%"
"Aug 04, 2018","7,009.0","7,417.0","7,489.5","6,929.3","6.83K","-5.50%"
"Aug 03, 2018","7,417.0","7,536.4","7,542.9","7,286.4","9.59K","-1.58%"
"Aug 02, 2018","7,536.4","7,602.0","7,706.4","7,461.0","5.26K","-0.86%"
"Aug 01, 2018","7,602.0","7,730.7","7,753.7","7,440.2","11.41K","-1.60%"
"Jul 31, 2018","7,725.8","8,162.3","8,162.3","7,634.4","11.99K","-5.32%"
"Jul 30, 2018","8,160.2","8,209.7","8,295.0","7,853.0","11.79K","-0.60%"
"Jul 29, 2018","8,209.7","8,241.2","8,299.9","8,112.1","3.98K","-0.38%"
"Jul 28, 2018","8,241.2","8,178.1","8,249.4","8,056.0","2.77K","0.78%"
"Jul 27, 2018","8,177.2","7,926.0","8,275.0","7,800.0","8.70K","3.17%"
"Jul 26, 2018","7,926.0","8,174.1","8,300.0","7,856.0","8.09K","-3.00%"
"Jul 25, 2018","8,171.1","8,403.9","8,475.0","8,050.0","10.35K","-2.64%"
"Jul 24, 2018","8,392.9","7,719.6","8,450.7","7,691.1","18.71K","8.72%"
"Jul 23, 2018","7,719.6","7,396.6","7,800.0","7,374.5","12.57K","4.37%"
"Jul 22, 2018","7,396.6","7,409.9","7,581.0","7,336.1","5.11K","-0.17%"
"Jul 21, 2018","7,409.0","7,330.8","7,458.0","7,213.0","4.05K","1.05%"
"Jul 20, 2018","7,332.0","7,474.3","7,676.3","7,266.0","9.38K","-1.87%"
"Jul 19, 2018","7,471.8","7,374.9","7,562.1","7,278.8","8.80K","1.18%"
"Jul 18, 2018","7,385.0","7,311.8","7,590.0","7,239.1","13.34K","1.00%"
"Jul 17, 2018","7,311.8","6,700.9","7,467.9","6,658.0","12.70K","8.62%"
"Jul 16, 2018","6,731.5","6,353.3","6,754.7","6,333.6","9.40K","5.99%"
"Jul 15, 2018","6,350.8","6,244.0","6,391.9","6,229.3","3.55K","1.71%"
"Jul 14, 2018","6,244.0","6,211.7","6,317.5","6,180.0","2.59K","0.47%"
"Jul 13, 2018","6,214.5","6,249.8","6,337.3","6,130.0","5.90K","-0.57%"
"Jul 12, 2018","6,250.0","6,380.0","6,380.0","6,072.2","7.79K","-2.04%"
"Jul 11, 2018","6,379.9","6,304.5","6,400.0","6,286.4","6.37K","1.20%"
"Jul 10, 2018","6,304.5","6,656.9","6,683.9","6,270.8","9.16K","-5.23%"
"Jul 09, 2018","6,652.1","6,706.6","6,809.3","6,624.5","7.17K","-0.73%"
"Jul 08, 2018","6,701.3","6,760.0","6,782.3","6,674.6","5.15K","-0.87%"
"Jul 07, 2018","6,760.0","6,596.5","6,807.2","6,510.0","4.84K","2.48%"
"Jul 06, 2018","6,596.5","6,533.7","6,636.1","6,450.0","5.46K","1.06%"
"Jul 05, 2018","6,527.0","6,584.3","6,700.0","6,445.3","7.69K","-0.87%"
"Jul 04, 2018","6,584.3","6,507.4","6,790.6","6,413.2","6.71K","1.18%"
"Jul 03, 2018","6,507.4","6,613.0","6,663.3","6,464.4","5.93K","-1.57%"
"Jul 02, 2018","6,611.0","6,350.0","6,667.6","6,270.7","8.80K","4.11%"
"Jul 01, 2018","6,350.0","6,385.7","6,438.5","6,259.4","4.16K","-0.56%"
"Jun 30, 2018","6,385.7","6,205.8","6,499.2","6,190.3","6.92K","2.90%"
"Jun 29, 2018","6,205.8","5,845.2","6,299.0","5,789.2","12.07K","6.19%"
"Jun 28, 2018","5,844.0","6,135.6","6,164.8","5,818.1","8.87K","-4.75%"
"Jun 27, 2018","6,135.6","6,068.0","6,180.8","5,985.0","7.46K","0.99%"
"Jun 26, 2018","6,075.4","6,253.6","6,277.0","6,050.0","7.75K","-2.85%"
"Jun 25, 2018","6,253.6","6,153.4","6,324.0","6,085.6","9.69K","1.63%"
"Jun 24, 2018","6,153.4","6,177.4","6,254.0","5,780.0","11.42K","-0.39%"
"Jun 23, 2018","6,177.4","6,050.4","6,261.0","6,048.8","4.59K","2.10%"
"Jun 22, 2018","6,050.4","6,718.3","6,738.0","5,947.1","18.54K","-9.94%"
"Jun 21, 2018","6,718.3","6,756.6","6,792.2","6,677.9","4.84K","-0.57%"
"Jun 20, 2018","6,756.6","6,736.5","6,809.3","6,559.0","5.20K","0.30%"
"Jun 19, 2018","6,736.5","6,707.5","6,841.8","6,660.8","5.45K","0.40%"
"Jun 18, 2018","6,709.8","6,453.4","6,783.2","6,381.3","5.94K","3.97%"
"Jun 17, 2018","6,453.4","6,488.1","6,574.8","6,429.2","2.83K","-0.53%"
"Jun 16, 2018","6,488.1","6,390.6","6,557.0","6,333.7","3.55K","1.53%"
"Jun 15, 2018","6,390.6","6,646.1","6,660.0","6,370.0","7.13K","-3.81%"
"Jun 14, 2018","6,644.0","6,308.5","6,706.1","6,270.7","14.19K","5.36%"
"Jun 13, 2018","6,305.8","6,557.7","6,624.5","6,132.0","19.19K","-3.84%"
"Jun 12, 2018","6,557.7","6,880.6","6,880.8","6,461.4","8.83K","-4.69%"
"Jun 11, 2018","6,880.6","6,781.2","6,920.0","6,636.1","11.42K","1.42%"
"Jun 10, 2018","6,784.1","7,492.7","7,498.0","6,640.3","14.39K","-9.46%"
"Jun 09, 2018","7,492.7","7,618.1","7,686.5","7,468.3","2.71K","-1.65%"
"Jun 08, 2018","7,618.1","7,689.3","7,697.0","7,542.0","4.68K","-0.93%"
"Jun 07, 2018","7,689.3","7,658.6","7,750.0","7,619.0","7.55K","0.39%"
"Jun 06, 2018","7,659.3","7,619.0","7,695.5","7,485.9","7.06K","0.54%"
"Jun 05, 2018","7,618.0","7,489.3","7,665.0","7,361.2","9.97K","1.65%"
"Jun 04, 2018","7,494.3","7,703.9","7,743.0","7,450.0","6.99K","-2.72%"
"Jun 03, 2018","7,703.9","7,642.1","7,790.0","7,583.0","4.73K","0.78%"
"Jun 02, 2018","7,643.9","7,511.6","7,697.0","7,438.9","4.01K","1.76%"
"Jun 01, 2018","7,511.6","7,492.3","7,617.5","7,351.8","6.76K","0.30%"
"May 31, 2018","7,488.9","7,375.7","7,600.0","7,330.2","7.34K","1.53%"
"May 30, 2018","7,375.7","7,469.5","7,559.0","7,273.9","8.94K","-1.21%"
"May 29, 2018","7,465.8","7,112.5","7,537.0","7,044.5","11.05K","4.97%"
"May 28, 2018","7,112.5","7,347.4","7,444.4","7,085.0","6.58K","-3.20%"
"May 27, 2018","7,347.4","7,336.0","7,412.6","7,214.8","3.14K","0.16%"
"May 26, 2018","7,336.0","7,471.2","7,619.0","7,280.9","4.04K","-1.81%"
"May 25, 2018","7,471.2","7,586.9","7,661.1","7,328.1","10.09K","-1.52%"
"May 24, 2018","7,586.9","7,502.9","7,734.0","7,270.3","11.65K","1.05%"
"May 23, 2018","7,508.3","7,984.1","8,028.7","7,443.4","17.64K","-5.96%"
"May 22, 2018","7,984.1","8,403.2","8,417.1","7,951.8","9.10K","-4.97%"
"May 21, 2018","8,401.9","8,518.5","8,589.1","8,321.3","6.13K","-1.37%"
"May 20, 2018","8,518.5","8,231.2","8,588.9","8,170.7","5.31K","3.49%"
"May 19, 2018","8,231.2","8,248.9","8,395.0","8,142.8","3.78K","-0.21%"
"May 18, 2018","8,248.9","8,067.0","8,275.0","7,929.5","7.18K","2.30%"
"May 17, 2018","8,063.4","8,346.6","8,497.1","7,989.1","8.26K","-3.39%"
"May 16, 2018","8,346.6","8,475.0","8,505.3","8,101.0","12.71K","-1.44%"
"May 15, 2018","8,468.7","8,674.4","8,865.0","8,417.0","12.39K","-2.37%"
"May 14, 2018","8,674.4","8,696.6","8,900.0","8,289.9","18.86K","-0.26%"
"May 13, 2018","8,696.6","8,481.5","8,761.4","8,335.6","9.84K","2.58%"
"May 12, 2018","8,477.8","8,409.0","8,650.0","8,209.0","15.46K","0.82%"
"May 11, 2018","8,409.0","9,021.0","9,021.0","8,351.0","20.38K","-6.78%"
"May 10, 2018","9,021.0","9,308.5","9,393.0","8,987.7","11.76K","-3.09%"
"May 09, 2018","9,308.5","9,176.2","9,368.8","8,974.6","11.37K","1.38%"
"May 08, 2018","9,181.6","9,359.5","9,450.0","9,028.9","11.42K","-1.90%"
"May 07, 2018","9,359.5","9,627.3","9,634.5","9,175.0","13.62K","-2.78%"
"May 06, 2018","9,627.3","9,823.3","9,917.8","9,377.8","8.16K","-2.00%"
"May 05, 2018","9,823.3","9,689.0","9,949.0","9,670.7","7.40K","1.31%"
"May 04, 2018","9,696.6","9,732.4","9,783.8","9,535.0","7.33K","-0.37%"
"May 03, 2018","9,732.4","9,222.0","9,790.0","9,165.2","11.67K","5.54%"
"May 02, 2018","9,222.0","9,072.5","9,259.2","8,975.2","10.58K","1.65%"
"May 01, 2018","9,072.0","9,242.2","9,243.5","8,850.0","12.14K","-1.84%"
"Apr 30, 2018","9,242.2","9,389.7","9,444.0","9,111.0","8.09K","-1.57%"
"Apr 29, 2018","9,389.7","9,345.1","9,538.7","9,180.0","10.94K","0.48%"
"Apr 28, 2018","9,345.1","8,921.4","9,442.3","8,854.5","15.56K","4.75%"
"Apr 27, 2018","8,921.4","9,275.0","9,387.8","8,901.1","11.39K","-3.81%"
"Apr 26, 2018","9,275.1","8,861.5","9,320.0","8,650.8","20.03K","4.67%"
"Apr 25, 2018","8,861.5","9,644.6","9,755.5","8,757.2","33.04K","-8.12%"
"Apr 24, 2018","9,644.6","8,947.0","9,737.2","8,931.0","20.46K","7.80%"
"Apr 23, 2018","8,947.0","8,790.0","9,006.4","8,771.2","10.29K","1.79%"
"Apr 22, 2018","8,790.0","8,920.7","9,036.4","8,760.0","9.35K","-1.50%"
"Apr 21, 2018","8,923.5","8,868.9","9,023.4","8,608.0","15.34K","0.71%"
"Apr 20, 2018","8,861.0","8,271.3","8,934.0","8,219.4","16.06K","7.13%"
"Apr 19, 2018","8,271.3","8,172.8","8,297.6","8,098.2","9.44K","1.20%"
"Apr 18, 2018","8,172.8","7,890.9","8,235.0","7,870.4","9.23K","3.57%"
"Apr 17, 2018","7,890.9","8,054.5","8,160.9","7,806.8","9.28K","-1.94%"
"Apr 16, 2018","8,046.6","8,354.2","8,420.0","7,905.0","10.87K","-3.68%"
"Apr 15, 2018","8,354.2","8,000.4","8,415.0","8,000.4","7.54K","4.42%"
"Apr 14, 2018","8,000.4","7,877.3","8,230.0","7,835.0","8.94K","1.47%"
"Apr 13, 2018","7,884.4","7,923.8","8,239.3","7,753.3","19.61K","-0.50%"
"Apr 12, 2018","7,923.8","6,940.9","8,069.3","6,758.5","19.03K","14.16%"
"Apr 11, 2018","6,940.9","6,835.7","6,969.5","6,809.3","5.83K","1.54%"
"Apr 10, 2018","6,836.0","6,780.1","6,900.0","6,653.2","6.48K","0.82%"
"Apr 09, 2018","6,780.1","7,027.3","7,174.7","6,612.0","10.10K","-3.52%"
"Apr 08, 2018","7,027.3","6,904.2","7,104.2","6,894.8","4.35K","1.78%"
"Apr 07, 2018","6,904.2","6,618.3","7,069.1","6,604.2","7.68K","4.32%"
"Apr 06, 2018","6,618.3","6,771.7","6,847.7","6,510.0","8.48K","-2.26%"
"Apr 05, 2018","6,771.7","6,799.5","6,928.7","6,579.3","11.90K","-0.41%"
"Apr 04, 2018","6,799.5","7,416.3","7,430.0","6,710.4","15.78K","-8.32%"
"Apr 03, 2018","7,416.3","7,052.8","7,506.1","7,001.3","16.09K","5.15%"
"Apr 02, 2018","7,052.8","6,813.5","7,106.5","6,760.0","13.62K","3.51%"
"Apr 01, 2018","6,813.5","6,928.6","7,045.7","6,427.4","18.05K","-1.66%"
"Mar 31, 2018","6,928.6","6,850.0","7,229.0","6,794.6","11.58K","1.15%"
"Mar 30, 2018","6,850.0","7,088.4","7,300.0","6,581.0","29.10K","-3.36%"
"Mar 29, 2018","7,088.4","7,932.4","7,968.0","6,915.3","22.14K","-10.59%"
"Mar 28, 2018","7,928.1","7,791.7","8,105.0","7,723.1","8.44K","1.75%"
"Mar 27, 2018","7,791.7","8,136.3","8,211.6","7,744.4","12.39K","-4.24%"
"Mar 26, 2018","8,136.3","8,453.9","8,500.0","7,831.1","17.69K","-3.76%"
"Mar 25, 2018","8,453.9","8,547.4","8,679.6","8,371.1","9.16K","-1.09%"
"Mar 24, 2018","8,547.4","8,916.9","9,011.9","8,505.0","9.73K","-4.14%"
"Mar 23, 2018","8,916.9","8,704.7","8,916.9","8,268.3","13.75K","2.42%"
"Mar 22, 2018","8,706.0","8,893.8","9,099.6","8,503.5","12.59K","-2.11%"
"Mar 21, 2018","8,893.8","8,904.0","9,188.1","8,778.7","12.10K","-0.12%"
"Mar 20, 2018","8,904.2","8,604.4","9,051.0","8,313.0","13.46K","3.48%"
"Mar 19, 2018","8,604.4","8,188.2","8,713.3","8,114.6","19.40K","5.08%"
"Mar 18, 2018","8,188.2","7,860.8","8,300.0","7,325.4","19.55K","4.17%"
"Mar 17, 2018","7,860.8","8,258.5","8,350.0","7,734.0","12.05K","-4.82%"
"Mar 16, 2018","8,258.5","8,265.0","8,612.4","7,914.5","16.50K","-0.08%"
"Mar 15, 2018","8,265.0","8,196.7","8,425.0","7,682.0","18.39K","0.83%"
"Mar 14, 2018","8,196.7","9,142.3","9,356.1","7,948.0","21.19K","-10.34%"
"Mar 13, 2018","9,142.3","9,120.8","9,482.8","8,848.0","16.00K","0.24%"
"Mar 12, 2018","9,120.8","9,535.0","9,892.0","8,765.0","18.75K","-4.34%"
"Mar 11, 2018","9,534.4","8,791.5","9,767.0","8,450.0","16.41K","8.45%"
"Mar 10, 2018","8,791.5","9,231.2","9,509.0","8,697.0","12.89K","-4.76%"
"Mar 09, 2018","9,231.2","9,285.3","9,419.7","8,366.0","29.01K","-0.58%"
"Mar 08, 2018","9,285.3","9,913.0","10,146.1","9,079.7","22.52K","-6.33%"
"Mar 07, 2018","9,913.0","10,723.8","10,911.8","9,455.0","26.12K","-7.56%"
"Mar 06, 2018","10,723.8","11,425.0","11,425.0","10,560.2","14.76K","-6.14%"
"Mar 05, 2018","11,425.0","11,463.3","11,688.0","11,389.0","9.90K","-0.33%"
"Mar 04, 2018","11,462.4","11,445.0","11,511.0","11,056.0","6.83K","0.15%"
"Mar 03, 2018","11,445.0","11,030.0","11,501.7","11,022.8","7.79K","3.76%"
"Mar 02, 2018","11,030.0","10,903.1","11,175.0","10,774.1","8.33K","1.16%"
"Mar 01, 2018","10,903.1","10,314.9","11,090.0","10,247.6","9.48K","5.70%"
"Feb 28, 2018","10,314.9","10,556.8","11,060.2","10,255.1","10.50K","-2.29%"
"Feb 27, 2018","10,556.8","10,324.7","10,850.0","10,150.0","10.39K","2.25%"
"Feb 26, 2018","10,324.7","9,597.4","10,462.0","9,376.3","16.16K","7.66%"
"Feb 25, 2018","9,590.0","9,690.0","9,883.4","9,260.0","11.03K","-1.03%"
"Feb 24, 2018","9,690.0","10,166.1","10,540.5","9,373.5","13.97K","-4.68%"
"Feb 23, 2018","10,166.1","9,843.5","10,405.3","9,600.0","16.04K","3.28%"
"Feb 22, 2018","9,843.5","10,449.4","10,935.0","9,731.2","20.20K","-5.80%"
"Feb 21, 2018","10,449.4","11,230.6","11,275.7","10,256.9","19.96K","-6.96%"
"Feb 20, 2018","11,230.6","11,173.0","11,780.0","11,080.4","15.88K","0.52%"
"Feb 19, 2018","11,173.0","10,421.0","11,258.0","10,332.2","11.70K","7.22%"
"Feb 18, 2018","10,421.0","11,101.0","11,300.0","10,153.2","17.62K","-6.13%"
"Feb 17, 2018","11,101.0","10,205.3","11,134.3","10,063.0","14.51K","8.78%"
"Feb 16, 2018","10,205.3","10,018.0","10,300.0","9,710.0","11.86K","1.75%"
"Feb 15, 2018","10,030.0","9,491.0","10,231.9","9,350.0","21.04K","5.68%"
"Feb 14, 2018","9,491.0","8,523.0","9,515.0","8,504.6","17.47K","11.36%"
"Feb 13, 2018","8,523.0","8,911.8","8,951.9","8,360.1","11.37K","-4.22%"
"Feb 12, 2018","8,898.9","8,067.0","8,992.9","8,067.0","15.07K","10.31%"
"Feb 11, 2018","8,067.0","8,560.0","8,560.0","7,820.0","12.71K","-5.76%"
"Feb 10, 2018","8,560.0","8,694.0","9,090.8","8,170.9","14.67K","-1.54%"
"Feb 09, 2018","8,694.0","8,259.8","8,760.1","7,753.3","18.42K","5.26%"
"Feb 08, 2018","8,259.8","7,588.0","8,640.2","7,579.6","22.75K","8.85%"
"Feb 07, 2018","7,588.0","7,729.6","8,648.9","7,219.0","32.64K","-1.83%"
"Feb 06, 2018","7,729.6","6,874.3","8,137.8","5,920.7","70.96K","12.44%"
"Feb 05, 2018","6,874.3","8,191.0","8,335.6","6,600.0","46.54K","-16.08%"
"Feb 04, 2018","8,191.0","9,225.9","9,350.0","7,835.2","19.11K","-11.22%"
"Feb 03, 2018","9,225.9","8,838.8","9,491.2","8,170.7","16.21K","4.38%"
"Feb 02, 2018","8,838.8","8,999.0","9,096.8","7,625.3","44.41K","-1.78%"
"Feb 01, 2018","8,999.0","10,153.6","10,187.6","8,455.0","26.36K","-11.37%"
"Jan 31, 2018","10,153.6","9,971.0","10,324.0","9,519.0","12.74K","1.83%"
"Jan 30, 2018","9,971.0","11,162.9","11,222.4","9,750.0","21.08K","-10.68%"
"Jan 29, 2018","11,162.9","11,685.6","11,819.8","10,992.0","10.00K","-4.47%"
"Jan 28, 2018","11,685.6","11,446.5","11,989.1","11,360.5","9.96K","2.09%"
"Jan 27, 2018","11,446.5","11,093.0","11,630.5","10,834.7","10.31K","3.19%"
"Jan 26, 2018","11,093.0","11,155.5","11,635.0","10,280.9","15.07K","-0.56%"
"Jan 25, 2018","11,155.5","11,407.5","11,741.8","10,870.3","10.22K","-2.25%"
"Jan 24, 2018","11,412.6","10,851.8","11,500.0","10,488.1","11.64K","5.17%"
"Jan 23, 2018","10,851.8","10,810.0","11,400.0","9,948.0","17.25K","0.49%"
"Jan 22, 2018","10,799.2","11,555.0","11,900.0","10,028.4","17.06K","-6.54%"
"Jan 21, 2018","11,555.0","12,776.0","12,791.9","11,100.0","11.60K","-9.56%"
"Jan 20, 2018","12,776.0","11,552.0","13,041.3","11,525.9","10.32K","10.60%"
"Jan 19, 2018","11,552.0","11,247.6","12,050.0","11,025.2","13.20K","2.31%"
"Jan 18, 2018","11,290.9","11,114.1","12,140.0","10,693.0","22.20K","1.59%"
"Jan 17, 2018","11,114.1","11,380.7","11,764.7","9,280.3","41.36K","-2.39%"
"Jan 16, 2018","11,386.3","13,607.0","13,607.0","10,162.0","38.79K","-16.32%"
"Jan 15, 2018","13,607.0","13,648.0","14,394.4","13,429.3","9.44K","-0.30%"
"Jan 14, 2018","13,648.0","14,197.8","14,365.8","13,072.2","7.59K","-3.87%"
"Jan 13, 2018","14,197.8","13,781.4","14,619.1","13,781.4","7.49K","3.02%"
"Jan 12, 2018","13,781.4","13,243.8","14,152.2","12,807.3","13.43K","4.06%"
"Jan 11, 2018","13,243.8","14,890.0","14,973.1","12,800.0","19.63K","-11.06%"
"Jan 10, 2018","14,890.0","14,403.5","14,900.0","13,412.0","18.48K","3.38%"
"Jan 09, 2018","14,403.5","15,000.0","15,367.2","14,124.0","13.91K","-3.98%"
"Jan 08, 2018","15,000.0","16,124.0","16,300.0","13,900.0","16.68K","-6.97%"
"Jan 07, 2018","16,124.0","17,149.7","17,150.0","15,707.2","8.63K","-5.98%"
"Jan 06, 2018","17,149.7","16,928.0","17,235.0","16,220.0","9.50K","1.31%"
"Jan 05, 2018","16,928.0","15,143.7","17,200.0","14,810.0","16.25K","11.78%"
"Jan 04, 2018","15,143.7","15,155.6","15,430.3","14,192.4","15.00K","-0.08%"
"Jan 03, 2018","15,155.6","14,678.9","15,500.0","14,546.3","12.28K","3.25%"
"Jan 02, 2018","14,678.9","13,443.4","15,257.5","12,910.6","16.30K","9.19%"
"Jan 01, 2018","13,443.4","13,880.0","13,941.8","12,801.4","7.69K","-3.15%"
"Dec 31, 2017","13,880.0","12,640.0","14,296.1","12,491.2","11.58K","9.81%"
"Dec 30, 2017","12,640.0","14,340.0","14,463.3","12,050.0","21.75K","-11.85%"
"Dec 29, 2017","14,340.0","14,470.1","15,111.0","13,998.0","13.51K","-0.90%"
"Dec 28, 2017","14,470.1","15,364.9","15,474.2","13,500.0","16.56K","-5.82%"
"Dec 27, 2017","15,364.9","15,764.4","16,480.5","14,484.0","15.64K","-2.53%"
"Dec 26, 2017","15,764.4","13,911.3","16,147.9","13,747.0","15.05K","13.32%"
"Dec 25, 2017","13,911.3","14,157.9","14,650.0","13,210.0","11.56K","-1.74%"
"Dec 24, 2017","14,157.9","14,619.0","14,619.1","12,488.0","18.52K","-3.15%"
"Dec 23, 2017","14,619.0","14,009.8","15,756.2","13,496.5","21.79K","4.35%"
"Dec 22, 2017","14,009.8","15,600.0","15,795.6","11,159.9","57.44K","-10.19%"
"Dec 21, 2017","15,600.0","16,467.0","17,281.2","15,005.0","20.38K","-5.26%"
"Dec 20, 2017","16,467.0","17,700.0","17,950.0","15,343.0","31.17K","-6.97%"
"Dec 19, 2017","17,700.0","18,940.6","19,160.8","16,831.3","21.53K","-6.55%"
"Dec 18, 2017","18,940.6","18,953.0","19,220.0","17,835.2","14.68K","-0.07%"
"Dec 17, 2017","18,953.0","19,187.8","19,666.0","18,465.0","9.75K","-1.22%"
"Dec 16, 2017","19,187.8","17,471.5","19,377.0","17,270.0","9.76K","9.82%"
"Dec 15, 2017","17,471.5","16,405.0","17,934.0","16,337.2","19.00K","6.50%"
"Dec 14, 2017","16,405.0","16,250.0","16,830.4","15,852.7","13.41K","0.95%"
"Dec 13, 2017","16,250.0","16,650.0","17,107.0","15,497.7","17.14K","-2.40%"
"Dec 12, 2017","16,650.0","16,470.0","17,428.4","15,967.3","12.51K","1.09%"
"Dec 11, 2017","16,470.0","14,691.0","17,270.0","14,677.2","16.58K","12.11%"
"Dec 10, 2017","14,691.0","14,607.5","15,385.0","13,011.0","18.49K","0.57%"
"Dec 09, 2017","14,607.5","15,800.0","15,998.5","12,701.0","15.76K","-7.55%"
"Dec 08, 2017","15,800.0","16,600.0","16,666.7","13,482.4","25.47K","-4.82%"
"Dec 07, 2017","16,600.0","13,623.5","16,615.6","13,085.9","24.42K","21.85%"
"Dec 06, 2017","13,623.5","11,677.0","13,700.0","11,659.8","19.78K","16.67%"
"Dec 05, 2017","11,677.0","11,613.1","11,850.0","11,384.3","10.91K","0.55%"
"Dec 04, 2017","11,613.1","11,250.0","11,613.1","10,850.0","13.62K","3.23%"
"Dec 03, 2017","11,250.0","10,872.0","11,800.0","10,513.2","14.24K","3.48%"
"Dec 02, 2017","10,872.0","10,840.5","11,200.0","10,637.7","9.27K","0.29%"
"Dec 01, 2017","10,840.5","9,947.7","10,949.9","9,370.1","16.71K","8.97%"
"Nov 30, 2017","9,947.7","9,824.7","10,618.3","9,000.0","25.43K","1.25%"
"Nov 29, 2017","9,824.7","9,868.8","11,395.0","9,289.0","29.51K","-0.45%"
"Nov 28, 2017","9,868.8","9,708.1","9,968.0","9,582.3","11.21K","1.66%"
"Nov 27, 2017","9,708.1","9,271.1","9,721.7","9,267.0","13.27K","4.71%"
"Nov 26, 2017","9,271.1","8,718.0","9,366.6","8,538.2","12.02K","6.34%"
"Nov 25, 2017","8,718.0","8,199.2","8,737.0","8,114.8","11.61K","6.33%"
"Nov 24, 2017","8,199.2","7,989.0","8,340.0","7,876.0","9.29K","2.63%"
"Nov 23, 2017","7,989.0","8,214.7","8,279.8","7,980.0","7.81K","-2.75%"
"Nov 22, 2017","8,214.7","8,095.2","8,310.9","8,045.8","8.08K","1.48%"
"Nov 21, 2017","8,095.2","8,226.2","8,354.5","7,770.0","13.69K","-1.59%"
"Nov 20, 2017","8,226.2","8,016.6","8,270.0","7,900.0","8.18K","2.61%"
"Nov 19, 2017","8,016.6","7,771.0","8,087.4","7,675.0","8.31K","3.16%"
"Nov 18, 2017","7,771.0","7,675.0","7,858.0","7,431.5","7.33K","1.25%"
"Nov 17, 2017","7,675.0","7,847.0","7,997.0","7,528.5","17.71K","-2.19%"
"Nov 16, 2017","7,847.0","7,294.0","7,976.8","7,120.9","19.27K","7.58%"
"Nov 15, 2017","7,294.0","6,609.0","7,350.0","6,609.0","16.87K","10.36%"
"Nov 14, 2017","6,609.0","6,525.2","6,750.0","6,466.9","12.07K","1.28%"
"Nov 13, 2017","6,525.2","5,870.4","6,775.8","5,846.0","27.16K","11.15%"
"Nov 12, 2017","5,870.4","6,355.1","6,488.9","5,555.5","37.22K","-7.63%"
"Nov 11, 2017","6,355.1","6,588.2","6,820.0","6,218.0","14.89K","-3.54%"
"Nov 10, 2017","6,588.2","7,148.0","7,343.2","6,429.4","26.49K","-7.83%"
"Nov 09, 2017","7,148.0","7,450.3","7,490.0","7,061.2","14.73K","-4.06%"
"Nov 08, 2017","7,450.3","7,130.3","7,888.0","7,080.0","24.60K","4.49%"
"Nov 07, 2017","7,130.3","6,967.7","7,244.7","6,945.0","11.63K","2.33%"
"Nov 06, 2017","6,967.7","7,372.7","7,421.4","6,922.1","19.29K","-5.49%"
"Nov 05, 2017","7,372.7","7,388.8","7,590.0","7,275.2","9.21K","-0.22%"
"Nov 04, 2017","7,388.8","7,146.8","7,569.9","6,994.0","9.18K","3.39%"
"Nov 03, 2017","7,146.8","7,030.0","7,500.0","6,925.2","15.98K","1.66%"
"Nov 02, 2017","7,030.0","6,741.6","7,354.1","6,700.0","26.44K","4.28%"
"Nov 01, 2017","6,741.6","6,434.2","6,756.4","6,340.0","12.94K","4.78%"
"Oct 31, 2017","6,434.2","6,120.0","6,449.8","6,072.8","13.39K","5.13%"
"Oct 30, 2017","6,120.0","6,137.4","6,229.8","6,024.0","9.57K","-0.28%"
"Oct 29, 2017","6,137.4","5,730.7","6,316.9","5,683.0","16.07K","7.10%"
"Oct 28, 2017","5,730.7","5,771.9","5,875.7","5,646.2","5.91K","-0.71%"
"Oct 27, 2017","5,771.9","5,890.0","5,994.1","5,674.1","11.88K","-2.01%"
"Oct 26, 2017","5,890.0","5,735.9","5,988.0","5,683.0","11.74K","2.69%"
"Oct 25, 2017","5,735.9","5,523.4","5,748.0","5,366.0","12.31K","3.85%"
"Oct 24, 2017","5,523.4","5,871.2","5,871.2","5,453.0","17.26K","-5.92%"
"Oct 23, 2017","5,871.2","5,969.0","6,045.3","5,617.8","15.26K","-1.64%"
"Oct 22, 2017","5,969.0","6,013.5","6,071.1","5,700.0","12.21K","-0.74%"
"Oct 21, 2017","6,013.5","5,977.3","6,180.0","5,871.0","15.31K","0.61%"
"Oct 20, 2017","5,977.3","5,698.7","6,074.0","5,589.8","15.05K","4.89%"
"Oct 19, 2017","5,698.7","5,582.0","5,735.1","5,512.1","9.88K","2.09%"
"Oct 18, 2017","5,582.0","5,597.3","5,617.8","5,101.4","18.91K","-0.27%"
"Oct 17, 2017","5,597.3","5,745.7","5,776.3","5,506.8","9.09K","-2.58%"
"Oct 16, 2017","5,745.7","5,679.7","5,807.1","5,548.0","9.05K","1.16%"
"Oct 15, 2017","5,679.7","5,801.3","5,830.0","5,415.0","11.53K","-2.10%"
"Oct 14, 2017","5,801.3","5,653.6","5,817.3","5,558.3","8.39K","2.61%"
"Oct 13, 2017","5,653.6","5,445.0","5,846.4","5,380.0","27.80K","3.83%"
"Oct 12, 2017","5,445.0","4,822.0","5,445.0","4,793.7","19.89K","12.92%"
"Oct 11, 2017","4,822.0","4,749.3","4,869.8","4,700.0","9.85K","1.53%"
"Oct 10, 2017","4,749.3","4,764.7","4,910.0","4,700.0","11.66K","-0.32%"
"Oct 09, 2017","4,764.7","4,598.0","4,865.0","4,541.0","12.90K","3.63%"
"Oct 08, 2017","4,598.0","4,423.3","4,612.0","4,404.5","10.07K","3.95%"
"Oct 07, 2017","4,423.3","4,363.0","4,463.0","4,312.8","4.62K","1.38%"
"Oct 06, 2017","4,363.0","4,301.1","4,425.0","4,278.4","8.37K","1.44%"
"Oct 05, 2017","4,301.1","4,219.5","4,359.0","4,138.0","8.40K","1.93%"
"Oct 04, 2017","4,219.5","4,315.8","4,343.0","4,170.1","8.50K","-2.23%"
"Oct 03, 2017","4,315.8","4,391.5","4,425.0","4,218.0","12.44K","-1.72%"
"Oct 02, 2017","4,391.5","4,377.2","4,453.0","4,352.0","8.26K","0.33%"
"Oct 01, 2017","4,377.2","4,326.1","4,377.2","4,216.0","7.19K","1.18%"
"Sep 30, 2017","4,326.1","4,164.8","4,349.0","4,154.3","7.48K","3.87%"
"Sep 29, 2017","4,164.8","4,184.8","4,227.6","4,022.0","12.15K","-0.48%"
"Sep 28, 2017","4,184.8","4,199.3","4,270.0","4,123.5","9.61K","-0.34%"
"Sep 27, 2017","4,199.3","3,888.0","4,226.7","3,870.0","15.05K","8.01%"
"Sep 26, 2017","3,888.0","3,918.0","3,970.0","3,850.6","9.98K","-0.76%"
"Sep 25, 2017","3,918.0","3,664.2","3,968.6","3,658.4","14.93K","6.93%"
"Sep 24, 2017","3,664.2","3,779.2","3,783.3","3,615.0","6.51K","-3.04%"
"Sep 23, 2017","3,779.2","3,612.2","3,810.3","3,552.0","10.11K","4.62%"
"Sep 22, 2017","3,612.2","3,617.1","3,761.8","3,514.0","14.96K","-0.13%"
"Sep 21, 2017","3,617.1","3,874.5","3,914.0","3,573.0","17.90K","-6.64%"
"Sep 20, 2017","3,874.5","3,888.8","4,050.0","3,820.6","11.64K","-0.37%"
"Sep 19, 2017","3,888.8","4,101.6","4,119.7","3,848.4","15.25K","-5.19%"
"Sep 18, 2017","4,101.6","3,663.0","4,122.7","3,659.4","17.18K","11.97%"
"Sep 17, 2017","3,663.0","3,678.9","3,772.5","3,463.0","11.76K","-0.43%"
"Sep 16, 2017","3,678.9","3,700.0","3,872.9","3,500.0","23.10K","-0.57%"
"Sep 15, 2017","3,700.0","3,227.8","3,820.0","2,977.0","59.78K","14.63%"
"Sep 14, 2017","3,227.8","3,865.3","3,921.7","3,210.0","41.20K","-16.49%"
"Sep 13, 2017","3,865.3","4,172.6","4,179.1","3,720.0","29.52K","-7.36%"
"Sep 12, 2017","4,172.6","4,207.3","4,377.6","4,080.0","13.25K","-0.83%"
"Sep 11, 2017","4,207.3","4,226.2","4,353.5","4,092.4","11.15K","-0.45%"
"Sep 10, 2017","4,226.2","4,308.7","4,322.4","4,010.0","14.71K","-1.91%"
"Sep 09, 2017","4,308.7","4,312.0","4,379.8","4,164.0","9.97K","-0.08%"
"Sep 08, 2017","4,312.0","4,615.0","4,680.0","4,126.0","23.65K","-6.57%"
"Sep 07, 2017","4,615.0","4,605.8","4,674.3","4,475.0","9.25K","0.20%"
"Sep 06, 2017","4,605.8","4,396.5","4,649.2","4,356.4","16.61K","4.76%"
"Sep 05, 2017","4,396.5","4,277.0","4,474.9","4,001.9","20.87K","2.79%"
"Sep 04, 2017","4,277.0","4,606.3","4,614.0","4,058.5","25.01K","-7.15%"
"Sep 03, 2017","4,606.3","4,599.9","4,700.0","4,385.0","11.22K","0.14%"
"Sep 02, 2017","4,599.9","4,921.7","4,979.9","4,488.5","16.97K","-6.54%"
"Sep 01, 2017","4,921.7","4,734.3","4,935.0","4,671.1","15.35K","3.96%"
"Aug 31, 2017","4,734.3","4,573.2","4,765.2","4,566.7","8.90K","3.52%"
"Aug 30, 2017","4,573.2","4,578.8","4,642.2","4,479.0","8.59K","-0.12%"
"Aug 29, 2017","4,578.8","4,380.0","4,649.8","4,336.3","11.88K","4.54%"
"Aug 28, 2017","4,380.0","4,337.7","4,399.7","4,169.0","8.64K","0.98%"
"Aug 27, 2017","4,337.7","4,333.4","4,393.3","4,290.3","3.94K","0.10%"
"Aug 26, 2017","4,333.4","4,356.0","4,369.8","4,232.4","6.56K","-0.52%"
"Aug 25, 2017","4,356.0","4,300.3","4,450.0","4,270.0","9.69K","1.29%"
"Aug 24, 2017","4,300.3","4,108.1","4,350.0","4,082.6","10.78K","4.68%"
"Aug 23, 2017","4,108.1","4,085.0","4,249.0","4,051.9","14.97K","0.57%"
"Aug 22, 2017","4,085.0","3,987.5","4,139.3","3,600.0","23.50K","2.44%"
"Aug 21, 2017","3,987.5","4,058.7","4,080.0","3,949.8","9.78K","-1.75%"
"Aug 20, 2017","4,058.7","4,099.5","4,126.0","4,000.0","6.24K","-1.00%"
"Aug 19, 2017","4,099.5","4,100.0","4,188.0","3,900.0","15.03K","-0.01%"
"Aug 18, 2017","4,100.0","4,276.5","4,368.0","3,965.0","17.33K","-4.13%"
"Aug 17, 2017","4,276.5","4,378.8","4,480.0","4,167.2","14.57K","-2.34%"
"Aug 16, 2017","4,378.8","4,155.7","4,379.8","3,926.1","12.92K","5.37%"
"Aug 15, 2017","4,155.7","4,306.2","4,400.0","3,800.0","25.50K","-3.50%"
"Aug 14, 2017","4,306.2","4,053.9","4,329.4","3,965.0","14.21K","6.23%"
"Aug 13, 2017","4,053.9","3,855.1","4,190.0","3,841.7","15.88K","5.16%"
"Aug 12, 2017","3,855.1","3,645.1","3,934.0","3,586.9","12.34K","5.76%"
"Aug 11, 2017","3,645.1","3,413.0","3,705.0","3,390.7","11.92K","6.80%"
"Aug 10, 2017","3,413.0","3,343.0","3,448.0","3,311.2","9.03K","2.10%"
"Aug 09, 2017","3,343.0","3,412.4","3,423.1","3,178.7","14.27K","-2.03%"
"Aug 08, 2017","3,412.4","3,387.6","3,490.0","3,300.0","15.83K","0.73%"
"Aug 07, 2017","3,387.6","3,222.8","3,430.0","3,186.0","12.04K","5.11%"
"Aug 06, 2017","3,222.8","3,263.6","3,296.5","3,146.1","6.00K","-1.25%"
"Aug 05, 2017","3,263.6","2,855.0","3,339.7","2,848.3","16.99K","14.31%"
"Aug 04, 2017","2,855.0","2,793.4","2,877.5","2,765.9","7.64K","2.21%"
"Aug 03, 2017","2,793.4","2,703.5","2,807.4","2,698.8","7.96K","3.32%"
"Aug 02, 2017","2,703.5","2,731.0","2,760.0","2,650.0","9.48K","-1.01%"
"Aug 01, 2017","2,731.0","2,855.8","2,929.2","2,615.0","12.52K","-4.37%"
"Jul 31, 2017","2,855.8","2,742.4","2,890.0","2,680.0","11.11K","4.14%"
"Jul 30, 2017","2,742.4","2,680.6","2,774.4","2,569.7","9.68K","2.31%"
"Jul 29, 2017","2,680.6","2,777.0","2,785.6","2,631.8","10.78K","-3.47%"
"Jul 28, 2017","2,777.0","2,666.3","2,825.0","2,655.8","14.06K","4.15%"
"Jul 27, 2017","2,666.3","2,525.0","2,695.0","2,509.6","11.83K","5.60%"
"Jul 26, 2017","2,525.0","2,564.8","2,609.0","2,400.0","17.71K","-1.55%"
"Jul 25, 2017","2,564.8","2,760.0","2,775.8","2,450.0","21.33K","-7.07%"
"Jul 24, 2017","2,760.0","2,749.0","2,800.0","2,701.0","10.00K","0.40%"
"Jul 23, 2017","2,749.0","2,832.7","2,855.0","2,640.0","11.00K","-2.95%"
"Jul 22, 2017","2,832.7","2,670.0","2,882.0","2,644.6","12.81K","6.09%"
"Jul 21, 2017","2,670.0","2,875.0","2,887.4","2,611.4","20.71K","-7.13%"
"Jul 20, 2017","2,875.0","2,265.2","2,938.0","2,265.2","30.97K","26.92%"
"Jul 19, 2017","2,265.2","2,303.7","2,402.5","2,223.0","17.01K","-1.67%"
"Jul 18, 2017","2,303.7","2,226.0","2,392.0","2,164.0","25.19K","3.49%"
"Jul 17, 2017","2,226.0","1,917.6","2,230.0","1,910.6","26.43K","16.08%"
"Jul 16, 2017","1,917.6","1,970.5","2,044.4","1,830.0","25.56K","-2.68%"
"Jul 15, 2017","1,970.5","2,213.4","2,220.0","1,967.7","19.88K","-10.97%"
"Jul 14, 2017","2,213.4","2,340.0","2,357.8","2,140.0","12.61K","-5.41%"
"Jul 13, 2017","2,340.0","2,388.0","2,425.2","2,312.9","8.43K","-2.01%"
"Jul 12, 2017","2,388.0","2,306.0","2,408.8","2,239.5","12.88K","3.56%"
"Jul 11, 2017","2,306.0","2,323.4","2,399.0","2,242.6","17.58K","-0.75%"
"Jul 10, 2017","2,323.4","2,502.3","2,527.9","2,261.9","17.29K","-7.15%"
"Jul 09, 2017","2,502.3","2,550.1","2,564.6","2,500.5","4.48K","-1.87%"
"Jul 08, 2017","2,550.1","2,501.5","2,555.0","2,462.0","5.40K","1.94%"
"Jul 07, 2017","2,501.5","2,600.4","2,605.0","2,475.0","9.43K","-3.80%"
"Jul 06, 2017","2,600.4","2,602.9","2,614.0","2,522.0","8.33K","-0.10%"
"Jul 05, 2017","2,602.9","2,596.1","2,623.0","2,530.1","10.88K","0.26%"
"Jul 04, 2017","2,596.1","2,550.5","2,639.5","2,540.1","9.65K","1.79%"
"Jul 03, 2017","2,550.5","2,504.4","2,595.0","2,472.7","11.52K","1.84%"
"Jul 02, 2017","2,504.4","2,412.4","2,528.7","2,374.3","8.74K","3.81%"
"Jul 01, 2017","2,412.4","2,465.5","2,517.1","2,390.0","8.86K","-2.15%"
"Jun 30, 2017","2,465.5","2,541.6","2,564.6","2,451.0","8.71K","-2.99%"
"Jun 29, 2017","2,541.6","2,559.9","2,594.8","2,500.3","8.12K","-0.72%"
"Jun 28, 2017","2,559.9","2,565.0","2,593.0","2,468.0","12.25K","-0.20%"
"Jun 27, 2017","2,565.0","2,421.2","2,565.0","2,291.0","19.11K","5.94%"
"Jun 26, 2017","2,421.2","2,502.0","2,550.0","2,315.0","22.09K","-3.23%"
"Jun 25, 2017","2,502.0","2,557.7","2,635.7","2,432.0","10.34K","-2.18%"
"Jun 24, 2017","2,557.7","2,685.1","2,725.0","2,512.1","13.34K","-4.74%"
"Jun 23, 2017","2,685.1","2,713.5","2,745.0","2,657.5","8.23K","-1.05%"
"Jun 22, 2017","2,713.5","2,657.0","2,740.0","2,594.6","10.79K","2.12%"
"Jun 21, 2017","2,657.0","2,740.0","2,789.0","2,611.0","15.67K","-3.03%"
"Jun 20, 2017","2,740.0","2,598.0","2,783.0","2,581.0","15.89K","5.47%"
"Jun 19, 2017","2,598.0","2,517.0","2,598.0","2,481.0","10.56K","3.22%"
"Jun 18, 2017","2,517.0","2,630.0","2,665.0","2,460.6","9.42K","-4.30%"
"Jun 17, 2017","2,630.0","2,484.7","2,674.4","2,420.5","11.14K","5.85%"
"Jun 16, 2017","2,484.7","2,424.9","2,540.0","2,307.7","13.80K","2.46%"
"Jun 15, 2017","2,424.9","2,450.0","2,516.2","2,120.0","36.74K","-1.02%"
"Jun 14, 2017","2,450.0","2,703.0","2,801.0","2,320.0","29.47K","-9.36%"
"Jun 13, 2017","2,703.0","2,667.1","2,783.6","2,638.6","16.04K","1.35%"
"Jun 12, 2017","2,667.1","2,954.2","2,980.0","2,480.0","31.53K","-9.72%"
"Jun 11, 2017","2,954.2","2,900.0","2,967.5","2,861.5","6.83K","1.87%"
"Jun 10, 2017","2,900.0","2,822.3","2,913.0","2,800.0","9.59K","2.75%"
"Jun 09, 2017","2,822.3","2,806.0","2,868.2","2,780.4","8.04K","0.58%"
"Jun 08, 2017","2,806.0","2,683.0","2,815.0","2,613.1","13.25K","4.58%"
"Jun 07, 2017","2,683.0","2,880.7","2,893.3","2,612.5","16.96K","-6.86%"
"Jun 06, 2017","2,880.7","2,698.0","2,933.0","2,689.4","26.67K","6.77%"
"Jun 05, 2017","2,698.0","2,530.3","2,699.4","2,525.3","12.22K","6.63%"
"Jun 04, 2017","2,530.3","2,540.9","2,569.0","2,460.0","8.83K","-0.42%"
"Jun 03, 2017","2,540.9","2,488.9","2,584.3","2,445.0","10.81K","2.09%"
"Jun 02, 2017","2,488.9","2,413.6","2,489.0","2,370.0","12.42K","3.12%"
"Jun 01, 2017","2,413.6","2,298.0","2,456.4","2,296.8","18.39K","5.03%"
"May 31, 2017","2,298.0","2,203.5","2,334.0","2,154.3","16.28K","4.29%"
"May 30, 2017","2,203.5","2,292.1","2,339.1","2,160.0","13.89K","-3.87%"
"May 29, 2017","2,292.1","2,178.8","2,350.0","2,110.0","12.12K","5.20%"
"May 28, 2017","2,178.8","2,042.0","2,314.0","2,041.5","15.37K","6.70%"
"May 27, 2017","2,042.0","2,279.8","2,339.9","1,850.0","26.21K","-10.43%"
"May 26, 2017","2,279.8","2,292.5","2,599.1","2,060.0","28.13K","-0.55%"
"May 25, 2017","2,292.5","2,420.3","2,760.1","2,221.0","32.94K","-5.28%"
"May 24, 2017","2,420.3","2,264.2","2,481.8","2,264.2","22.14K","6.89%"
"May 23, 2017","2,264.2","2,100.0","2,275.0","2,088.4","14.14K","7.82%"
"May 22, 2017","2,100.0","2,017.6","2,230.3","2,008.8","15.31K","4.09%"
"May 21, 2017","2,017.6","2,014.0","2,063.1","1,961.5","6.76K","0.18%"
"May 20, 2017","2,014.0","1,958.0","2,021.0","1,914.0","12.31K","2.86%"
"May 19, 2017","1,958.0","1,879.0","1,970.0","1,875.0","14.12K","4.20%"
"May 18, 2017","1,879.0","1,783.0","1,881.8","1,766.3","11.92K","5.38%"
"May 17, 2017","1,783.0","1,700.0","1,840.4","1,670.0","17.79K","4.88%"
"May 16, 2017","1,700.0","1,705.5","1,750.0","1,641.2","16.47K","-0.32%"
"May 15, 2017","1,705.5","1,784.0","1,784.0","1,682.6","13.31K","-4.40%"
"May 14, 2017","1,784.0","1,776.9","1,815.0","1,753.0","4.82K","0.40%"
"May 13, 2017","1,776.9","1,691.5","1,785.8","1,601.5","10.53K","5.05%"
"May 12, 2017","1,691.5","1,828.4","1,832.0","1,650.0","17.06K","-7.49%"
"May 11, 2017","1,828.4","1,772.6","1,892.0","1,745.0","14.74K","3.15%"
"May 10, 2017","1,772.6","1,720.3","1,794.2","1,682.0","11.26K","3.04%"
"May 09, 2017","1,720.3","1,649.5","1,760.4","1,616.1","16.79K","4.29%"
"May 08, 2017","1,649.5","1,554.0","1,654.0","1,554.0","19.23K","6.15%"
"May 07, 2017","1,554.0","1,558.0","1,565.0","1,525.0","7.67K","-0.26%"
"May 06, 2017","1,558.0","1,514.9","1,579.0","1,505.0","7.90K","2.85%"
"May 05, 2017","1,514.9","1,537.2","1,609.0","1,495.0","15.60K","-1.45%"
"May 04, 2017","1,537.2","1,503.2","1,623.0","1,444.9","18.82K","2.26%"
"May 03, 2017","1,503.2","1,447.8","1,516.0","1,431.0","11.05K","3.83%"
"May 02, 2017","1,447.8","1,390.9","1,481.7","1,388.0","8.92K","4.09%"
"May 01, 2017","1,390.9","1,350.2","1,425.0","1,341.2","8.60K","3.01%"
"Apr 30, 2017","1,350.2","1,333.0","1,356.0","1,315.7","3.54K","1.29%"
"Apr 29, 2017","1,333.0","1,330.7","1,342.8","1,316.0","3.93K","0.17%"
"Apr 28, 2017","1,330.7","1,331.5","1,347.0","1,299.0","8.23K","-0.06%"
"Apr 27, 2017","1,331.5","1,288.0","1,342.0","1,285.0","6.67K","3.38%"
"Apr 26, 2017","1,288.0","1,269.0","1,330.0","1,265.0","8.69K","1.50%"
"Apr 25, 2017","1,269.0","1,253.6","1,280.0","1,251.1","5.25K","1.23%"
"Apr 24, 2017","1,253.6","1,242.0","1,254.0","1,234.0","3.05K","0.93%"
"Apr 23, 2017","1,242.0","1,233.2","1,249.0","1,223.4","2.60K","0.71%"
"Apr 22, 2017","1,233.2","1,243.6","1,247.2","1,199.0","4.12K","-0.84%"
"Apr 21, 2017","1,243.6","1,234.2","1,252.3","1,231.7","4.98K","0.76%"
"Apr 20, 2017","1,234.2","1,204.0","1,243.9","1,201.7","5.97K","2.51%"
"Apr 19, 2017","1,204.0","1,202.6","1,210.0","1,190.0","6.05K","0.12%"
"Apr 18, 2017","1,202.6","1,176.5","1,210.0","1,175.9","5.51K","2.21%"
"Apr 17, 2017","1,176.5","1,162.3","1,192.5","1,161.0","3.57K","1.22%"
"Apr 16, 2017","1,162.3","1,173.4","1,179.3","1,150.0","2.66K","-0.95%"
"Apr 15, 2017","1,173.4","1,170.3","1,192.5","1,165.0","1.80K","0.27%"
"Apr 14, 2017","1,170.3","1,172.9","1,193.0","1,142.0","8.98K","-0.22%"
"Apr 13, 2017","1,172.9","1,212.2","1,219.4","1,141.0","7.14K","-3.24%"
"Apr 12, 2017","1,212.2","1,219.0","1,224.6","1,208.0","3.48K","-0.56%"
"Apr 11, 2017","1,219.0","1,209.3","1,229.0","1,198.0","3.49K","0.81%"
"Apr 10, 2017","1,209.3","1,206.2","1,219.7","1,195.0","3.66K","0.25%"
"Apr 09, 2017","1,206.2","1,184.0","1,216.9","1,174.0","4.82K","1.87%"
"Apr 08, 2017","1,184.0","1,190.7","1,197.3","1,166.7","2.72K","-0.56%"
"Apr 07, 2017","1,190.7","1,190.8","1,202.0","1,176.0","5.45K","-0.02%"
"Apr 06, 2017","1,190.8","1,134.6","1,201.4","1,134.4","9.13K","4.96%"
"Apr 05, 2017","1,134.6","1,143.0","1,145.0","1,111.0","5.58K","-0.74%"
"Apr 04, 2017","1,143.0","1,144.8","1,162.9","1,118.8","7.42K","-0.15%"
"Apr 03, 2017","1,144.8","1,078.0","1,152.0","1,076.2","11.08K","6.19%"
"Apr 02, 2017","1,078.0","1,083.9","1,100.0","1,066.5","7.64K","-0.55%"
"Apr 01, 2017","1,083.9","1,070.3","1,097.0","1,061.6","5.21K","1.27%"
"Mar 31, 2017","1,070.3","1,033.7","1,081.0","1,031.4","12.06K","3.54%"
"Mar 30, 2017","1,033.7","1,036.0","1,050.2","1,017.1","8.64K","-0.22%"
"Mar 29, 2017","1,036.0","1,044.0","1,059.4","1,008.2","9.38K","-0.77%"
"Mar 28, 2017","1,044.0","1,039.9","1,068.3","1,014.9","9.11K","0.39%"
"Mar 27, 2017","1,039.9","960.0","1,043.0","953.0","8.69K","8.33%"
"Mar 26, 2017","960.0","956.0","997.0","937.5","9.01K","0.42%"
"Mar 25, 2017","956.0","929.1","963.4","891.3","13.51K","2.90%"
"Mar 24, 2017","929.1","1,029.7","1,032.0","920.0","16.07K","-9.77%"
"Mar 23, 2017","1,029.7","1,037.6","1,054.4","1,010.7","5.92K","-0.76%"
"Mar 22, 2017","1,037.6","1,114.4","1,114.4","988.0","14.52K","-6.89%"
"Mar 21, 2017","1,114.4","1,036.0","1,117.9","1,034.9","11.13K","7.57%"
"Mar 20, 2017","1,036.0","1,018.0","1,053.0","1,010.0","7.49K","1.77%"
"Mar 19, 2017","1,018.0","969.4","1,063.7","969.4","12.20K","5.01%"
"Mar 18, 2017","969.4","1,071.0","1,099.0","944.4","21.29K","-9.49%"
"Mar 17, 2017","1,071.0","1,172.6","1,173.2","1,063.0","16.70K","-8.66%"
"Mar 16, 2017","1,172.6","1,257.3","1,259.0","1,130.0","15.24K","-6.74%"
"Mar 15, 2017","1,257.3","1,245.9","1,260.0","1,238.3","3.92K","0.92%"
"Mar 14, 2017","1,245.9","1,242.5","1,260.0","1,226.5","5.75K","0.27%"
"Mar 13, 2017","1,242.5","1,226.6","1,249.0","1,215.4","5.63K","1.29%"
"Mar 12, 2017","1,226.6","1,176.6","1,241.8","1,170.9","5.79K","4.26%"
"Mar 11, 2017","1,176.6","1,117.0","1,198.0","1,106.5","7.35K","5.33%"
"Mar 10, 2017","1,117.0","1,190.9","1,350.0","975.0","33.19K","-6.21%"
"Mar 09, 2017","1,190.9","1,150.1","1,208.0","1,135.0","7.65K","3.55%"
"Mar 08, 2017","1,150.1","1,233.1","1,245.5","1,145.5","13.39K","-6.73%"
"Mar 07, 2017","1,233.1","1,278.5","1,281.6","1,176.0","14.45K","-3.55%"
"Mar 06, 2017","1,278.5","1,273.0","1,285.0","1,251.0","4.25K","0.43%"
"Mar 05, 2017","1,273.0","1,260.0","1,275.0","1,240.0","3.03K","1.03%"
"Mar 04, 2017","1,260.0","1,285.3","1,289.6","1,230.0","4.95K","-1.97%"
"Mar 03, 2017","1,285.3","1,257.6","1,298.0","1,255.0","7.55K","2.20%"
"Mar 02, 2017","1,257.6","1,226.4","1,283.3","1,215.0","7.76K","2.54%"
"Mar 01, 2017","1,226.4","1,191.2","1,231.0","1,188.3","6.01K","2.95%"
"Feb 28, 2017","1,191.2","1,194.6","1,210.0","1,176.3","7.56K","-0.29%"
"Feb 27, 2017","1,194.6","1,179.1","1,198.0","1,169.0","4.64K","1.32%"
"Feb 26, 2017","1,179.1","1,152.2","1,185.0","1,133.0","3.54K","2.33%"
"Feb 25, 2017","1,152.2","1,180.1","1,184.7","1,127.0","6.24K","-2.37%"
"Feb 24, 2017","1,180.1","1,188.1","1,220.0","1,091.1","19.60K","-0.67%"
"Feb 23, 2017","1,188.1","1,130.0","1,193.9","1,120.7","11.75K","5.14%"
"Feb 22, 2017","1,130.0","1,124.6","1,143.0","1,098.2","11.67K","0.48%"
"Feb 21, 2017","1,124.6","1,084.0","1,126.9","1,077.0","8.39K","3.75%"
"Feb 20, 2017","1,084.0","1,051.8","1,090.0","1,044.4","3.66K","3.06%"
"Feb 19, 2017","1,051.8","1,056.4","1,061.9","1,039.1","2.27K","-0.44%"
"Feb 18, 2017","1,056.4","1,055.5","1,069.0","1,046.1","4.47K","0.09%"
"Feb 17, 2017","1,055.5","1,032.7","1,065.0","1,032.0","6.09K","2.20%"
"Feb 16, 2017","1,032.7","1,011.5","1,043.2","1,010.8","6.00K","2.09%"
"Feb 15, 2017","1,011.5","1,008.9","1,013.8","1,001.0","3.10K","0.00%"
"Feb 14, 2017","1,011.5","1,000.7","1,019.0","988.0","6.54K","1.13%"
"Feb 13, 2017","1,000.3","1,000.7","1,007.9","975.1","4.54K","-0.14%"
"Feb 12, 2017","1,001.6","1,011.0","1,012.0","992.0","2.66K","-1.02%"
"Feb 11, 2017","1,012.0","995.5","1,020.0","987.6","4.43K","1.44%"
"Feb 10, 2017","997.6","985.7","1,010.7","950.0","10.63K","1.59%"
"Feb 09, 2017","982.0","1,051.7","1,074.7","913.7","24.96K","-7.10%"
"Feb 08, 2017","1,057.0","1,052.5","1,070.0","1,025.0","9.57K","0.27%"
"Feb 07, 2017","1,054.1","1,024.0","1,056.3","1,021.3","5.28K","2.97%"
"Feb 06, 2017","1,023.7","1,010.0","1,031.9","1,005.1","5.07K","0.90%"
"Feb 05, 2017","1,014.6","1,033.7","1,034.6","1,004.7","4.32K","-1.92%"
"Feb 04, 2017","1,034.4","1,015.1","1,044.2","1,004.0","5.73K","2.15%"
"Feb 03, 2017","1,012.6","1,009.2","1,022.6","987.0","10.80K","0.44%"
"Feb 02, 2017","1,008.2","983.8","1,011.7","973.1","8.21K","2.52%"
"Feb 01, 2017","983.4","964.0","987.0","962.0","6.87K","1.90%"
"Jan 31, 2017","965.0","920.0","970.0","917.5","9.32K","4.77%"
"Jan 30, 2017","921.1","913.1","923.0","910.0","3.00K","0.87%"
"Jan 29, 2017","913.1","918.6","920.0","910.5","1.32K","-0.51%"
"Jan 28, 2017","917.8","918.0","921.0","913.1","1.14K","-0.01%"
"Jan 27, 2017","917.8","915.0","924.9","908.0","4.82K","0.16%"
"Jan 26, 2017","916.3","893.3","919.5","892.9","5.11K","2.62%"
"Jan 25, 2017","893.0","885.5","904.0","884.5","5.29K","0.00%"
"Jan 24, 2017","893.0","913.2","923.0","886.3","8.82K","-3.08%"
"Jan 23, 2017","921.4","923.8","927.6","913.2","3.34K","0.22%"
"Jan 22, 2017","919.4","922.0","937.7","886.8","7.07K","-0.19%"
"Jan 21, 2017","921.1","895.8","928.0","895.0","5.82K","2.84%"
"Jan 20, 2017","895.6","902.2","902.4","880.0","6.61K","-0.54%"
"Jan 19, 2017","900.5","887.7","910.0","878.9","11.07K","2.71%"
"Jan 18, 2017","876.7","906.0","916.0","851.7","11.02K","-3.24%"
"Jan 17, 2017","906.1","831.8","908.5","827.0","12.17K","9.22%"
"Jan 16, 2017","829.6","821.9","835.0","818.1","6.14K","0.87%"
"Jan 15, 2017","822.5","819.5","823.5","808.0","4.20K","0.34%"
"Jan 14, 2017","819.7","826.0","837.8","810.0","6.58K","-0.88%"
"Jan 13, 2017","826.9","807.5","831.4","775.0","11.30K","1.34%"
"Jan 12, 2017","816.0","778.7","833.0","751.3","17.30K","3.45%"
"Jan 11, 2017","788.8","905.0","918.4","755.0","35.45K","-13.12%"
"Jan 10, 2017","908.0","896.1","912.5","889.4","7.93K","0.89%"
"Jan 09, 2017","900.0","909.8","912.9","875.0","8.66K","-0.68%"
"Jan 08, 2017","906.2","906.2","941.8","881.3","8.85K","1.01%"
"Jan 07, 2017","897.1","894.0","906.0","812.3","19.70K","0.63%"
"Jan 06, 2017","891.6","1,004.7","1,027.0","871.0","27.60K","-10.31%"
"Jan 05, 2017","994.0","1,114.4","1,136.7","885.4","34.74K","-11.45%"
"Jan 04, 2017","1,122.6","1,035.5","1,139.9","1,028.6","21.37K","8.25%"
"Jan 03, 2017","1,037.0","1,011.4","1,039.0","1,000.0","8.78K","2.26%"
"Jan 02, 2017","1,014.1","997.8","1,032.0","990.0","8.09K","1.53%"
"Jan 01, 2017","998.8","966.3","1,005.0","960.5","6.67K","3.58%"
"Dec 31, 2016","964.3","959.5","966.4","944.1","4.03K","0.55%"
"Dec 30, 2016","959.0","970.0","970.0","931.0","10.69K","-1.03%"
"Dec 29, 2016","969.0","976.5","980.7","950.0","7.79K","-0.72%"
"Dec 28, 2016","976.0","930.3","976.0","929.5","12.02K","4.95%"
"Dec 27, 2016","929.9","897.8","936.4","891.0","7.17K","3.43%"
"Dec 26, 2016","899.1","890.7","905.2","888.0","3.46K","0.83%"
"Dec 25, 2016","891.7","892.6","895.0","859.0","3.97K","-0.11%"
"Dec 24, 2016","892.6","914.5","918.5","878.9","5.99K","-2.55%"
"Dec 23, 2016","916.0","858.9","920.0","858.9","16.19K","6.64%"
"Dec 22, 2016","858.9","832.0","875.0","827.3","12.03K","3.72%"
"Dec 21, 2016","828.1","798.7","830.0","796.8","9.19K","3.38%"
"Dec 20, 2016","801.0","791.0","803.0","787.1","3.98K","1.31%"
"Dec 19, 2016","790.7","788.3","794.4","787.0","3.88K","0.25%"
"Dec 18, 2016","788.7","788.3","791.0","780.0","2.52K","0.04%"
"Dec 17, 2016","788.4","781.3","790.9","780.4","2.39K","1.03%"
"Dec 16, 2016","780.3","776.3","782.5","771.2","3.29K","0.72%"
"Dec 15, 2016","774.8","777.0","779.1","771.0","2.95K","-0.19%"
"Dec 14, 2016","776.3","775.3","781.0","770.7","2.31K","-0.31%"
"Dec 13, 2016","778.7","777.0","793.3","765.1","4.84K","0.10%"
"Dec 12, 2016","777.9","769.0","779.0","769.0","2.79K","1.27%"
"Dec 11, 2016","768.2","772.3","772.3","764.0","1.38K","-0.54%"
"Dec 10, 2016","772.3","769.6","774.1","768.1","2.20K","0.37%"
"Dec 09, 2016","769.5","766.8","774.0","766.3","2.86K","0.20%"
"Dec 08, 2016","768.0","764.0","772.0","762.3","4.48K","0.14%"
"Dec 07, 2016","766.8","759.0","769.6","751.8","4.75K","1.05%"
"Dec 06, 2016","758.9","749.5","759.9","748.0","6.70K","1.19%"
"Dec 05, 2016","750.0","762.0","762.1","743.0","5.54K","-1.57%"
"Dec 04, 2016","762.0","763.0","763.0","752.4","3.14K","-0.10%"
"Dec 03, 2016","762.8","770.9","771.0","752.4","2.76K","-0.94%"
"Dec 02, 2016","770.0","751.5","778.1","750.8","8.06K","2.45%"
"Dec 01, 2016","751.6","742.1","755.0","740.2","6.10K","1.29%"
"Nov 30, 2016","742.1","730.7","744.5","727.0","6.21K","1.51%"
"Nov 29, 2016","731.0","731.0","733.3","721.0","5.19K","0.00%"
"Nov 28, 2016","731.0","727.3","732.4","724.1","4.74K","0.67%"
"Nov 27, 2016","726.1","729.9","732.0","722.4","3.44K","-0.51%"
"Nov 26, 2016","729.9","737.0","737.6","722.3","2.27K","-0.97%"
"Nov 25, 2016","737.0","735.6","737.0","728.0","3.33K","0.18%"
"Nov 24, 2016","735.7","740.2","741.2","729.0","4.00K","-0.60%"
"Nov 23, 2016","740.2","749.1","750.0","729.9","4.42K","-0.86%"
"Nov 22, 2016","746.6","736.9","750.0","730.3","4.97K","1.31%"
"Nov 21, 2016","737.0","727.1","739.2","727.0","4.01K","1.36%"
"Nov 20, 2016","727.1","750.1","753.8","714.0","5.52K","-3.00%"
"Nov 19, 2016","749.6","749.0","755.1","742.6","1.96K","0.48%"
"Nov 18, 2016","746.0","736.0","753.0","731.3","4.25K","1.22%"
"Nov 17, 2016","737.0","739.7","750.0","732.2","6.64K","-0.13%"
"Nov 16, 2016","738.0","711.1","742.9","708.4","11.34K","3.82%"
"Nov 15, 2016","710.8","705.0","716.5","703.0","5.63K","0.87%"
"Nov 14, 2016","704.7","700.4","705.9","697.1","7.28K","0.45%"
"Nov 13, 2016","701.5","701.2","702.9","683.2","6.02K","-0.21%"
"Nov 12, 2016","703.0","716.4","716.4","701.0","2.74K","-1.79%"
"Nov 11, 2016","715.8","714.5","720.9","712.2","3.28K","0.18%"
"Nov 10, 2016","714.5","721.5","722.0","707.0","4.90K","-0.82%"
"Nov 09, 2016","720.4","708.2","740.9","705.5","9.70K","1.44%"
"Nov 08, 2016","710.2","702.9","712.9","701.0","5.51K","0.52%"
"Nov 07, 2016","706.5","709.9","709.9","698.3","2.98K","-0.52%"
"Nov 06, 2016","710.2","703.3","714.4","697.9","2.29K","0.94%"
"Nov 05, 2016","703.6","703.0","707.3","694.7","1.90K","0.09%"
"Nov 04, 2016","703.0","684.8","707.7","681.0","5.28K","3.22%"
"Nov 03, 2016","681.0","742.0","745.2","670.3","12.06K","-7.09%"
"Nov 02, 2016","733.0","726.6","735.9","717.3","3.99K","0.88%"
"Nov 01, 2016","726.6","697.0","737.0","695.4","6.51K","4.15%"
"Oct 31, 2016","697.7","697.1","707.0","683.6","4.63K","0.19%"
"Oct 30, 2016","696.4","711.1","711.8","691.5","3.70K","-2.20%"
"Oct 29, 2016","712.1","685.9","718.0","684.9","4.01K","3.91%"
"Oct 28, 2016","685.3","684.7","687.2","677.0","3.53K","0.38%"
"Oct 27, 2016","682.7","674.6","685.9","665.6","4.36K","1.42%"
"Oct 26, 2016","673.1","652.0","677.0","651.7","6.68K","3.83%"
"Oct 25, 2016","648.3","649.0","657.6","643.0","5.96K","0.03%"
"Oct 24, 2016","648.1","648.7","652.3","640.0","4.62K","-0.24%"
"Oct 23, 2016","649.7","654.5","656.0","647.5","2.52K","-0.81%"
"Oct 22, 2016","655.0","629.0","656.0","628.6","4.33K","4.14%"
"Oct 21, 2016","629.0","628.0","632.4","627.5","3.02K","0.20%"
"Oct 20, 2016","627.7","627.8","630.2","625.0","2.03K","-0.04%"
"Oct 19, 2016","628.0","636.0","638.0","624.1","4.44K","-1.20%"
"Oct 18, 2016","635.6","637.0","637.8","631.5","2.72K","-0.02%"
"Oct 17, 2016","635.7","639.0","640.0","632.1","3.95K","-0.38%"
"Oct 16, 2016","638.1","635.3","641.4","635.2","1.28K","0.33%"
"Oct 15, 2016","636.0","638.2","642.0","635.3","1.42K","-0.37%"
"Oct 14, 2016","638.4","635.2","640.0","630.5","3.13K","0.44%"
"Oct 13, 2016","635.6","634.5","636.0","630.0","2.37K","0.09%"
"Oct 12, 2016","635.1","638.3","640.0","628.8","2.65K","-0.60%"
"Oct 11, 2016","638.9","616.4","639.0","614.6","8.07K","3.83%"
"Oct 10, 2016","615.4","612.1","616.5","612.1","2.21K","0.29%"
"Oct 09, 2016","613.6","614.3","615.0","610.0","1.17K","-0.14%"
"Oct 08, 2016","614.5","614.9","617.0","612.5","0.88K","0.04%"
"Oct 07, 2016","614.2","610.3","616.3","607.5","4.02K","0.64%"
"Oct 06, 2016","610.3","608.0","610.5","607.1","2.00K","-0.10%"
"Oct 05, 2016","611.0","607.2","612.0","605.8","2.26K","0.63%"
"Oct 04, 2016","607.2","612.8","612.8","605.0","2.94K","-0.63%"
"Oct 03, 2016","611.1","608.6","611.6","606.6","1.99K","0.41%"
"Oct 02, 2016","608.6","613.0","613.0","605.0","1.40K","-0.56%"
"Oct 01, 2016","612.0","608.2","614.3","608.2","1.46K","0.61%"
"Sep 30, 2016","608.3","605.6","608.4","603.2","2.62K","0.55%"
"Sep 29, 2016","605.0","603.9","606.0","601.0","2.70K","0.21%"
"Sep 28, 2016","603.7","604.3","605.3","601.4","2.18K","-0.14%"
"Sep 27, 2016","604.6","606.7","608.4","600.0","3.02K","0.05%"
"Sep 26, 2016","604.3","599.0","607.3","596.1","4.01K","1.15%"
"Sep 25, 2016","597.4","600.0","602.0","596.0","1.07K","-0.45%"
"Sep 24, 2016","600.1","600.5","603.6","597.8","1.09K","-0.40%"
"Sep 23, 2016","602.5","595.4","602.9","593.0","3.97K","1.44%"
"Sep 22, 2016","594.0","595.5","596.4","592.5","2.31K","-0.12%"
"Sep 21, 2016","594.7","601.0","601.0","592.1","3.65K","-2.02%"
"Sep 20, 2016","607.0","608.7","608.9","605.3","2.43K","-0.15%"
"Sep 19, 2016","607.9","608.0","609.5","603.0","2.47K","-0.02%"
"Sep 18, 2016","608.0","602.9","609.1","602.0","1.29K","0.66%"
"Sep 17, 2016","604.0","607.0","607.6","601.1","1.11K","-0.31%"
"Sep 16, 2016","605.9","606.7","609.0","603.5","2.59K","0.11%"
"Sep 15, 2016","605.2","608.5","609.0","602.3","3.07K","-0.44%"
"Sep 14, 2016","607.9","607.5","610.7","606.0","2.89K","0.03%"
"Sep 13, 2016","607.7","606.4","609.6","603.3","3.45K","0.12%"
"Sep 12, 2016","607.0","604.1","609.2","602.0","3.51K","0.53%"
"Sep 11, 2016","603.8","621.7","629.0","594.6","5.29K","-2.93%"
"Sep 10, 2016","622.0","622.0","625.0","618.7","1.52K","0.00%"
"Sep 09, 2016","622.0","625.7","627.5","612.9","3.27K","-0.58%"
"Sep 08, 2016","625.7","614.4","629.0","611.7","4.35K","1.83%"
"Sep 07, 2016","614.4","608.9","615.9","604.7","4.37K","0.89%"
"Sep 06, 2016","609.0","605.0","609.7","601.0","4.03K","0.86%"
"Sep 05, 2016","603.7","605.7","607.3","592.5","3.83K","-0.08%"
"Sep 04, 2016","604.3","596.3","609.0","590.9","3.91K","1.98%"
"Sep 03, 2016","592.5","572.0","598.6","569.0","4.58K","3.58%"
"Sep 02, 2016","572.0","571.0","574.2","567.0","2.94K","0.07%"
"Sep 01, 2016","571.6","570.8","572.9","566.9","2.77K","0.15%"
"Aug 31, 2016","570.8","575.9","576.5","568.4","3.63K","-0.78%"
"Aug 30, 2016","575.2","570.7","576.5","568.5","4.41K","0.65%"
"Aug 29, 2016","571.5","573.2","575.0","568.6","2.33K","-0.26%"
"Aug 28, 2016","573.0","567.5","573.0","566.8","1.00K","0.99%"
"Aug 27, 2016","567.4","577.9","579.1","564.8","2.69K","-1.81%"
"Aug 26, 2016","577.8","575.8","582.5","574.1","3.27K","0.15%"
"Aug 25, 2016","577.0","577.7","578.8","571.2","4.19K","-0.02%"
"Aug 24, 2016","577.1","580.3","582.1","575.4","2.97K","-0.62%"
"Aug 23, 2016","580.7","582.8","585.0","576.0","4.18K","-0.54%"
"Aug 22, 2016","583.8","577.5","586.0","572.5","5.05K","0.93%"
"Aug 21, 2016","578.5","577.7","584.0","576.0","1.13K","-0.26%"
"Aug 20, 2016","580.0","573.0","580.0","568.5","2.35K","1.38%"
"Aug 19, 2016","572.1","571.5","574.9","552.3","4.63K","0.42%"
"Aug 18, 2016","569.7","570.9","575.9","568.8","3.96K","-0.13%"
"Aug 17, 2016","570.5","575.0","577.9","566.0","4.10K","-1.22%"
"Aug 16, 2016","577.5","564.2","579.8","563.0","4.79K","2.07%"
"Aug 15, 2016","565.8","568.8","573.7","554.9","4.53K","-0.29%"
"Aug 14, 2016","567.5","583.5","583.9","556.2","4.80K","-2.52%"
"Aug 13, 2016","582.1","585.3","590.0","581.7","0.95K","-0.66%"
"Aug 12, 2016","586.0","585.3","591.2","580.5","2.13K","-0.27%"
"Aug 11, 2016","587.6","590.5","597.8","585.2","2.51K","-0.70%"
"Aug 10, 2016","591.7","582.7","603.0","580.0","5.15K","1.40%"
"Aug 09, 2016","583.5","591.8","591.8","579.4","3.16K","-1.01%"
"Aug 08, 2016","589.5","592.5","594.0","583.6","3.17K","-0.53%"
"Aug 07, 2016","592.6","589.5","598.8","582.1","2.90K","0.65%"
"Aug 06, 2016","588.8","573.0","592.0","562.6","6.01K","2.11%"
"Aug 05, 2016","576.6","578.1","578.2","562.0","4.73K","0.19%"
"Aug 04, 2016","575.5","564.0","584.0","552.0","8.43K","1.75%"
"Aug 03, 2016","565.6","540.0","572.3","521.0","15.29K","9.84%"
"Aug 02, 2016","515.0","606.8","613.0","465.3","20.39K","-15.24%"
"Aug 01, 2016","607.6","622.5","630.0","604.0","5.34K","-2.00%"
"Jul 31, 2016","620.0","654.0","654.7","620.0","4.52K","-5.25%"
"Jul 30, 2016","654.4","654.9","657.5","652.2","0.70K","-0.40%"
"Jul 29, 2016","657.0","654.8","657.5","653.0","1.29K","0.55%"
"Jul 28, 2016","653.4","655.1","657.9","652.4","1.88K","-0.33%"
"Jul 27, 2016","655.6","651.2","660.0","646.3","2.62K","0.52%"
"Jul 26, 2016","652.2","655.0","656.9","645.0","3.38K","-0.33%"
"Jul 25, 2016","654.4","659.6","662.0","652.3","2.43K","-0.78%"
"Jul 24, 2016","659.5","655.5","665.0","652.0","1.40K","0.87%"
"Jul 23, 2016","653.8","647.9","656.8","646.0","1.27K","0.13%"
"Jul 22, 2016","653.0","663.3","666.3","645.0","5.03K","-1.70%"
"Jul 21, 2016","664.3","667.0","667.1","660.1","2.49K","-0.42%"
"Jul 20, 2016","667.0","674.8","675.0","660.0","3.40K","-1.02%"
"Jul 19, 2016","673.9","673.5","675.8","666.0","1.86K","0.06%"
"Jul 18, 2016","673.5","679.5","682.2","666.1","2.99K","-0.70%"
"Jul 17, 2016","678.2","662.5","684.2","661.3","3.41K","2.45%"
"Jul 16, 2016","662.0","664.6","666.7","655.0","1.64K","-0.45%"
"Jul 15, 2016","665.0","660.3","670.0","658.4","3.21K","0.68%"
"Jul 14, 2016","660.5","652.2","664.9","650.0","2.38K","-0.15%"
"Jul 13, 2016","661.5","663.5","670.0","654.5","6.37K","-1.52%"
"Jul 12, 2016","671.7","649.3","678.0","646.0","4.15K","3.75%"
"Jul 11, 2016","647.4","648.8","659.6","639.3","2.97K","0.13%"
"Jul 10, 2016","646.5","647.8","650.9","636.8","2.27K","-0.92%"
"Jul 09, 2016","652.5","663.0","664.0","626.0","6.11K","-1.73%"
"Jul 08, 2016","664.0","638.9","665.0","635.0","6.48K","4.34%"
"Jul 07, 2016","636.4","674.7","678.4","605.5","12.65K","-5.64%"
"Jul 06, 2016","674.5","669.1","679.0","662.1","3.54K","1.18%"
"Jul 05, 2016","666.6","678.7","682.4","661.6","3.10K","-1.79%"
"Jul 04, 2016","678.7","659.8","682.3","640.1","4.18K","2.20%"
"Jul 03, 2016","664.1","702.5","705.0","646.3","7.21K","-5.46%"
"Jul 02, 2016","702.5","674.5","704.9","672.7","5.43K","3.76%"
"Jul 01, 2016","677.0","666.3","684.1","659.7","6.42K","1.52%"
"Jun 30, 2016","666.8","635.9","671.2","628.1","7.43K","5.11%"
"Jun 29, 2016","634.4","644.3","645.0","621.1","9.09K","-1.70%"
"Jun 28, 2016","645.4","657.5","665.5","635.5","5.46K","-0.43%"
"Jun 27, 2016","648.2","630.2","653.5","618.0","8.48K","3.12%"
"Jun 26, 2016","628.6","658.8","662.9","608.6","5.28K","-5.22%"
"Jun 25, 2016","663.2","660.8","684.5","639.4","6.56K","0.99%"
"Jun 24, 2016","656.7","622.6","683.9","620.8","16.06K","5.13%"
"Jun 23, 2016","624.7","602.8","632.7","540.2","23.80K","5.15%"
"Jun 22, 2016","594.1","665.4","677.6","593.0","15.62K","-11.12%"
"Jun 21, 2016","668.4","725.0","728.2","625.0","32.75K","-9.06%"
"Jun 20, 2016","735.0","759.1","764.0","725.0","7.84K","-3.36%"
"Jun 19, 2016","760.5","753.5","764.9","740.1","2.61K","0.73%"
"Jun 18, 2016","755.0","745.0","778.8","723.0","5.83K","1.07%"
"Jun 17, 2016","747.0","767.4","778.7","706.4","14.63K","-2.43%"
"Jun 16, 2016","765.6","695.0","773.1","689.8","17.75K","10.47%"
"Jun 15, 2016","693.0","685.3","695.8","672.1","5.75K","1.07%"
"Jun 14, 2016","685.7","703.8","704.5","655.0","10.61K","-2.33%"
"Jun 13, 2016","702.0","668.7","725.0","655.0","17.25K","5.11%"
"Jun 12, 2016","667.9","610.0","683.0","603.2","13.88K","12.80%"
"Jun 11, 2016","592.1","576.5","594.0","575.9","2.77K","2.46%"
"Jun 10, 2016","577.9","576.1","580.0","572.0","3.46K","0.26%"
"Jun 09, 2016","576.4","583.0","583.1","573.0","3.76K","-1.17%"
"Jun 08, 2016","583.2","577.5","584.3","571.9","3.25K","1.13%"
"Jun 07, 2016","576.8","584.1","594.4","563.0","6.66K","-1.16%"
"Jun 06, 2016","583.5","573.8","586.0","573.8","4.42K","1.70%"
"Jun 05, 2016","573.8","573.5","582.0","566.0","5.34K","-0.02%"
"Jun 04, 2016","573.9","569.9","588.7","558.5","6.19K","1.04%"
"Jun 03, 2016","567.9","538.0","578.4","535.7","8.72K","5.37%"
"Jun 02, 2016","539.0","537.0","540.0","529.1","3.91K","0.06%"
"Jun 01, 2016","538.7","532.4","542.9","525.5","5.39K","1.24%"
"May 31, 2016","532.1","527.6","548.5","515.0","12.01K","0.96%"
"May 30, 2016","527.0","517.6","535.0","510.0","6.06K","2.56%"
"May 29, 2016","513.8","522.1","540.0","485.0","8.12K","-1.47%"
"May 28, 2016","521.5","470.6","529.1","468.0","12.46K","10.33%"
"May 27, 2016","472.7","452.1","478.2","452.1","12.12K","4.49%"
"May 26, 2016","452.4","448.3","453.0","446.8","3.76K","0.97%"
"May 25, 2016","448.0","445.3","449.6","444.3","3.66K","0.61%"
"May 24, 2016","445.3","442.6","446.4","441.0","3.05K","0.68%"
"May 23, 2016","442.3","438.7","442.9","436.4","2.56K","1.01%"
"May 22, 2016","437.9","442.7","443.5","435.0","2.29K","-1.13%"
"May 21, 2016","442.8","442.8","444.0","435.3","1.91K","0.20%"
"May 20, 2016","442.0","436.3","444.4","435.1","3.41K","0.08%"
"May 19, 2016","441.6","452.5","453.9","441.0","5.47K","-2.50%"
"May 18, 2016","452.9","453.0","455.7","452.0","2.59K","-0.02%"
"May 17, 2016","453.0","454.0","456.1","452.1","3.17K","-0.56%"
"May 16, 2016","455.6","457.6","458.0","451.1","3.08K","-0.42%"
"May 15, 2016","457.5","456.3","458.1","454.7","1.60K","0.46%"
"May 14, 2016","455.4","456.4","457.3","453.5","1.34K","-0.14%"
"May 13, 2016","456.0","455.2","456.8","452.0","2.82K","0.25%"
"May 12, 2016","454.9","453.0","455.1","448.9","3.40K","0.64%"
"May 11, 2016","452.0","450.9","458.0","450.3","3.34K","0.47%"
"May 10, 2016","449.9","461.5","463.0","447.4","5.66K","-2.54%"
"May 09, 2016","461.6","457.8","464.8","455.6","3.52K","0.83%"
"May 08, 2016","457.8","459.0","459.7","456.0","1.29K","-0.07%"
"May 07, 2016","458.1","459.0","461.0","456.0","1.99K","-0.34%"
"May 06, 2016","459.7","448.5","464.0","447.0","5.52K","2.43%"
"May 05, 2016","448.8","447.4","450.0","445.1","2.37K","0.56%"
"May 04, 2016","446.3","451.2","451.7","444.1","3.30K","-1.20%"
"May 03, 2016","451.7","444.1","452.0","440.8","5.57K","1.84%"
"May 02, 2016","443.5","453.0","453.8","438.6","6.33K","-1.74%"
"May 01, 2016","451.4","448.4","453.8","446.8","1.18K","1.05%"
"Apr 30, 2016","446.7","456.5","456.9","446.5","2.41K","-1.77%"
"Apr 29, 2016","454.8","449.9","456.0","445.6","2.92K","1.06%"
"Apr 28, 2016","450.0","445.4","451.0","435.0","8.73K","0.57%"
"Apr 27, 2016","447.5","467.4","469.0","445.4","6.75K","-4.39%"
"Apr 26, 2016","468.0","462.3","469.9","462.1","4.61K","0.43%"
"Apr 25, 2016","466.0","460.0","469.5","455.1","5.51K","1.43%"
"Apr 24, 2016","459.4","451.9","470.0","447.1","7.01K","1.79%"
"Apr 23, 2016","451.3","447.2","452.2","444.5","2.23K","0.78%"
"Apr 22, 2016","447.8","451.0","451.4","443.0","5.48K","-0.71%"
"Apr 21, 2016","451.0","442.0","452.1","440.0","5.39K","2.21%"
"Apr 20, 2016","441.3","435.7","444.0","433.1","7.28K","1.38%"
"Apr 19, 2016","435.3","428.1","436.8","426.2","3.73K","1.68%"
"Apr 18, 2016","428.1","427.1","430.0","425.8","3.18K","0.31%"
"Apr 17, 2016","426.8","430.2","430.9","424.2","1.48K","-0.91%"
"Apr 16, 2016","430.7","429.3","432.9","427.1","1.82K","0.33%"
"Apr 15, 2016","429.3","424.4","430.0","423.1","4.38K","1.12%"
"Apr 14, 2016","424.5","423.6","425.4","420.6","3.84K","0.30%"
"Apr 13, 2016","423.3","425.3","426.0","422.3","3.89K","-0.62%"
"Apr 12, 2016","425.9","422.8","426.7","421.0","6.05K","0.91%"
"Apr 11, 2016","422.1","420.4","422.8","418.0","3.46K","0.31%"
"Apr 10, 2016","420.8","418.6","421.8","417.2","1.74K","0.57%"
"Apr 09, 2016","418.4","417.8","418.7","412.0","3.58K","0.06%"
"Apr 08, 2016","418.1","420.0","424.0","416.3","4.50K","-0.41%"
"Apr 07, 2016","419.8","420.6","422.0","418.1","3.09K","-0.42%"
"Apr 06, 2016","421.6","422.7","422.9","420.0","2.39K","-0.23%"
"Apr 05, 2016","422.6","418.8","423.0","416.6","3.93K","0.94%"
"Apr 04, 2016","418.6","418.5","419.9","416.0","3.43K","-0.08%"
"Apr 03, 2016","419.0","419.4","419.4","416.1","1.30K","-0.05%"
"Apr 02, 2016","419.2","416.3","420.0","416.0","2.05K","0.92%"
"Apr 01, 2016","415.4","414.7","417.0","413.4","3.66K","-0.03%"
"Mar 31, 2016","415.5","413.7","417.0","411.4","3.67K","0.59%"
"Mar 30, 2016","413.1","415.4","415.9","408.6","4.79K","-0.56%"
"Mar 29, 2016","415.4","422.9","424.4","407.2","5.89K","-1.58%"
"Mar 28, 2016","422.0","424.6","424.8","420.3","3.23K","-0.53%"
"Mar 27, 2016","424.3","417.0","428.0","415.8","5.03K","1.81%"
"Mar 26, 2016","416.8","415.6","417.0","414.0","1.25K","0.12%"
"Mar 25, 2016","416.3","415.2","416.9","412.0","2.55K","0.07%"
"Mar 24, 2016","416.0","417.6","418.1","412.9","2.77K","-0.30%"
"Mar 23, 2016","417.2","416.4","419.0","413.4","4.91K","0.32%"
"Mar 22, 2016","415.9","411.1","417.0","410.4","3.86K","1.19%"
"Mar 21, 2016","411.0","410.6","412.0","406.5","3.49K","-0.09%"
"Mar 20, 2016","411.3","408.4","412.0","406.6","2.56K","0.59%"
"Mar 19, 2016","408.9","407.5","410.0","404.1","2.84K","0.18%"
"Mar 18, 2016","408.2","418.5","418.5","403.3","6.32K","-2.46%"
"Mar 17, 2016","418.5","416.5","419.0","415.7","3.70K","0.48%"
"Mar 16, 2016","416.5","415.8","416.6","413.1","4.07K","0.14%"
"Mar 15, 2016","415.9","414.8","417.4","412.1","4.50K","0.49%"
"Mar 14, 2016","413.9","413.0","415.2","410.5","4.22K","0.29%"
"Mar 13, 2016","412.6","410.0","417.0","409.7","3.25K","0.53%"
"Mar 12, 2016","410.5","419.1","420.9","406.6","4.58K","-1.82%"
"Mar 11, 2016","418.1","416.0","421.9","415.1","5.91K","0.38%"
"Mar 10, 2016","416.5","413.0","416.9","409.3","5.11K","0.93%"
"Mar 09, 2016","412.7","412.1","413.5","408.8","4.83K","0.13%"
"Mar 08, 2016","412.1","414.0","415.0","408.5","5.55K","-0.63%"
"Mar 07, 2016","414.8","406.1","415.0","403.0","5.79K","2.47%"
"Mar 06, 2016","404.8","399.8","412.3","393.1","5.66K","1.58%"
"Mar 05, 2016","398.5","408.2","409.0","382.0","16.21K","-2.80%"
"Mar 04, 2016","410.0","420.3","423.9","407.5","7.47K","-2.45%"
"Mar 03, 2016","420.3","422.4","424.5","415.9","7.30K","-1.15%"
"Mar 02, 2016","425.2","433.3","434.5","424.0","5.22K","-1.88%"
"Mar 01, 2016","433.3","436.8","437.5","427.0","6.76K","-0.76%"
"Feb 29, 2016","436.6","430.3","441.0","428.1","8.26K","1.03%"
"Feb 28, 2016","432.2","431.1","435.0","422.3","3.44K","0.26%"
"Feb 27, 2016","431.1","432.0","435.0","428.2","4.12K","0.76%"
"Feb 26, 2016","427.8","423.4","428.4","418.0","4.31K","1.01%"
"Feb 25, 2016","423.5","423.8","426.8","415.8","5.54K","0.21%"
"Feb 24, 2016","422.6","419.1","424.3","409.1","7.24K","0.61%"
"Feb 23, 2016","420.0","438.3","440.0","414.0","10.43K","-4.09%"
"Feb 22, 2016","438.0","438.3","439.5","431.1","5.82K","0.06%"
"Feb 21, 2016","437.7","434.6","448.0","426.0","10.24K","-0.58%"
"Feb 20, 2016","440.2","420.0","444.0","419.5","10.80K","5.00%"
"Feb 19, 2016","419.3","421.1","422.0","414.0","4.97K","-0.25%"
"Feb 18, 2016","420.3","415.6","424.9","413.4","8.54K","1.15%"
"Feb 17, 2016","415.5","407.5","421.1","404.0","11.27K","2.23%"
"Feb 16, 2016","406.5","399.5","407.8","396.0","8.21K","1.87%"
"Feb 15, 2016","399.0","405.5","409.7","393.4","7.88K","-1.23%"
"Feb 14, 2016","404.0","391.0","404.0","390.6","9.56K","3.71%"
"Feb 13, 2016","389.5","383.0","390.1","382.0","6.94K","1.73%"
"Feb 12, 2016","382.9","378.0","383.0","377.1","5.71K","1.29%"
"Feb 11, 2016","378.0","379.3","380.5","373.5","6.95K","-0.49%"
"Feb 10, 2016","379.9","373.7","383.9","372.1","9.98K","1.80%"
"Feb 09, 2016","373.2","371.0","377.0","369.1","5.72K","0.54%"
"Feb 08, 2016","371.2","375.0","379.0","370.0","6.91K","-1.13%"
"Feb 07, 2016","375.4","375.4","380.0","373.0","2.86K","0.30%"
"Feb 06, 2016","374.3","385.0","385.0","371.4","5.70K","-3.01%"
"Feb 05, 2016","385.9","388.0","389.5","383.0","7.25K","-1.06%"
"Feb 04, 2016","390.0","368.4","391.9","368.0","13.13K","6.08%"
"Feb 03, 2016","367.6","373.0","374.0","365.0","7.03K","-1.48%"
"Feb 02, 2016","373.2","371.8","375.0","369.7","5.66K","0.45%"
"Feb 01, 2016","371.5","368.5","378.2","366.5","7.01K","0.41%"
"Jan 31, 2016","370.0","376.4","379.3","367.8","3.75K","-1.75%"
"Jan 30, 2016","376.6","378.1","380.4","373.0","2.35K","-0.75%"
"Jan 29, 2016","379.4","379.5","384.0","363.7","13.50K","0.07%"
"Jan 28, 2016","379.2","394.6","395.6","376.0","11.33K","-4.01%"
"Jan 27, 2016","395.0","391.8","397.0","390.3","4.23K","1.11%"
"Jan 26, 2016","390.7","390.1","397.7","386.2","6.36K","-0.49%"
"Jan 25, 2016","392.6","402.2","402.3","385.5","7.94K","-2.46%"
"Jan 24, 2016","402.5","386.4","406.0","385.4","5.36K","4.03%"
"Jan 23, 2016","386.9","382.9","395.0","381.0","7.02K","1.35%"
"Jan 22, 2016","381.8","409.4","410.1","374.5","14.31K","-6.89%"
"Jan 21, 2016","410.0","418.9","421.3","404.6","9.30K","-0.22%"
"Jan 20, 2016","410.9","376.8","423.0","372.5","24.59K","8.17%"
"Jan 19, 2016","379.9","385.5","386.9","375.6","6.85K","-1.33%"
"Jan 18, 2016","385.0","380.2","388.5","373.6","6.97K","0.56%"
"Jan 17, 2016","382.9","387.3","391.1","376.0","7.96K","-0.93%"
"Jan 16, 2016","386.4","360.0","387.5","352.0","23.68K","3.64%"
"Jan 15, 2016","372.9","429.5","429.8","365.0","35.22K","-13.13%"
"Jan 14, 2016","429.2","432.6","434.0","427.0","4.39K","-0.77%"
"Jan 13, 2016","432.5","434.9","438.4","424.5","10.00K","-3.08%"
"Jan 12, 2016","446.3","448.0","448.0","442.9","4.10K","-0.61%"
"Jan 11, 2016","449.0","448.8","451.1","438.0","7.90K","0.40%"
"Jan 10, 2016","447.2","448.8","449.9","440.8","3.99K","-0.61%"
"Jan 09, 2016","450.0","452.0","454.0","446.7","4.33K","-0.30%"
"Jan 08, 2016","451.3","457.0","465.0","444.5","10.26K","-1.41%"
"Jan 07, 2016","457.8","430.0","457.8","429.3","15.94K","6.01%"
"Jan 06, 2016","431.8","432.5","432.7","426.5","5.33K","-0.01%"
"Jan 05, 2016","431.9","434.2","435.4","429.5","3.86K","-0.48%"
"Jan 04, 2016","434.0","430.8","435.9","428.4","5.70K","0.72%"
"Jan 03, 2016","430.9","433.2","434.1","424.1","4.50K","-0.67%"
"Jan 02, 2016","433.7","434.9","436.0","430.4","2.91K","-0.29%"
"Jan 01, 2016","435.0","430.9","436.0","427.2","3.74K","1.02%"
"Dec 31, 2015","430.6","426.1","433.9","420.0","6.59K","0.82%"
"Dec 30, 2015","427.0","431.7","435.0","420.8","7.64K","-0.70%"
"Dec 29, 2015","430.0","420.8","433.2","418.5","10.13K","2.22%"
"Dec 28, 2015","420.7","421.6","429.9","417.0","7.44K","-0.61%"
"Dec 27, 2015","423.3","417.1","425.4","410.5","6.83K","1.41%"
"Dec 26, 2015","417.4","455.5","457.5","407.3","26.41K","-8.36%"
"Dec 25, 2015","455.5","455.4","458.3","448.0","2.87K","-0.05%"
"Dec 24, 2015","455.7","442.5","459.5","442.5","10.12K","2.79%"
"Dec 23, 2015","443.3","435.2","445.5","434.4","6.93K","1.65%"
"Dec 22, 2015","436.1","438.1","443.6","433.1","7.98K","-0.32%"
"Dec 21, 2015","437.6","442.5","450.0","425.5","18.77K","-0.89%"
"Dec 20, 2015","441.5","461.8","462.0","433.8","16.56K","-4.23%"
"Dec 19, 2015","461.0","463.0","465.9","452.0","6.71K","-0.44%"
"Dec 18, 2015","463.0","455.9","466.6","453.5","12.84K","1.53%"
"Dec 17, 2015","456.0","455.6","458.8","448.8","6.55K","0.20%"
"Dec 16, 2015","455.1","464.5","465.0","436.9","23.31K","-1.84%"
"Dec 15, 2015","463.6","443.4","465.0","442.9","17.60K","4.80%"
"Dec 14, 2015","442.4","432.9","448.1","428.4","13.16K","1.51%"
"Dec 13, 2015","435.8","436.1","443.0","422.0","11.23K","-0.02%"
"Dec 12, 2015","435.9","453.0","467.8","403.0","29.63K","-3.50%"
"Dec 11, 2015","451.7","415.4","454.4","415.1","28.32K","8.50%"
"Dec 10, 2015","416.3","417.0","419.8","408.9","8.30K","0.05%"
"Dec 09, 2015","416.1","418.8","425.0","400.0","20.84K","1.73%"
"Dec 08, 2015","409.0","395.0","409.0","388.3","9.66K","3.52%"
"Dec 07, 2015","395.1","387.2","399.9","381.0","14.78K","0.13%"
"Dec 06, 2015","394.6","388.0","399.9","383.0","14.21K","2.58%"
"Dec 05, 2015","384.7","363.6","389.9","363.0","16.36K","6.17%"
"Dec 04, 2015","362.3","361.5","364.3","355.9","9.92K","0.27%"
"Dec 03, 2015","361.3","359.1","370.5","356.2","12.11K","0.38%"
"Dec 02, 2015","360.0","363.1","363.1","348.6","12.04K","-0.82%"
"Dec 01, 2015","363.0","376.7","379.0","354.6","15.39K","-3.98%"
"Nov 30, 2015","378.0","371.5","383.0","367.1","17.78K","1.87%"
"Nov 29, 2015","371.0","356.8","373.1","354.5","7.67K","4.11%"
"Nov 28, 2015","356.4","357.1","359.4","350.4","6.23K","-0.97%"
"Nov 27, 2015","359.9","353.9","364.8","347.8","13.11K","0.98%"
"Nov 26, 2015","356.4","328.9","369.7","328.5","35.56K","8.56%"
"Nov 25, 2015","328.3","319.7","330.8","316.0","12.22K","3.10%"
"Nov 24, 2015","318.4","323.5","323.5","317.0","8.50K","-1.42%"
"Nov 23, 2015","323.0","324.2","326.1","320.4","5.00K","-0.03%"
"Nov 22, 2015","323.1","326.5","326.6","320.1","3.92K","-0.58%"
"Nov 21, 2015","325.0","322.0","328.9","318.5","4.92K","1.09%"
"Nov 20, 2015","321.5","326.5","327.7","310.0","21.07K","-1.06%"
"Nov 19, 2015","325.0","334.5","336.5","324.9","26.67K","-3.59%"
"Nov 18, 2015","337.1","336.0","337.9","330.3","26.87K","0.48%"
"Nov 17, 2015","335.4","331.0","350.4","329.0","27.39K","1.37%"
"Nov 16, 2015","330.9","319.3","332.2","315.0","20.09K","4.38%"
"Nov 15, 2015","317.0","333.0","335.0","314.6","27.06K","-4.41%"
"Nov 14, 2015","331.6","336.3","356.1","325.5","25.22K","-0.57%"
"Nov 13, 2015","333.5","337.2","342.0","325.0","24.27K","-0.43%"
"Nov 12, 2015","334.9","309.9","344.8","308.4","36.44K","10.54%"
"Nov 11, 2015","303.0","336.7","341.4","294.0","50.86K","-10.27%"
"Nov 10, 2015","337.7","378.3","381.4","323.6","47.57K","-11.11%"
"Nov 09, 2015","379.9","372.9","386.8","360.5","25.18K","2.15%"
"Nov 08, 2015","371.9","384.6","390.5","366.2","27.16K","-3.60%"
"Nov 07, 2015","385.8","374.4","392.8","371.1","26.23K","3.76%"
"Nov 06, 2015","371.8","387.8","396.7","353.3","46.75K","-2.98%"
"Nov 05, 2015","383.2","408.0","448.8","364.4","59.35K","-5.21%"
"Nov 04, 2015","404.3","404.5","502.0","368.1","102.84K","1.53%"
"Nov 03, 2015","398.2","361.7","420.8","360.4","75.17K","10.01%"
"Nov 02, 2015","362.0","325.8","369.0","320.0","44.13K","10.03%"
"Nov 01, 2015","329.0","309.3","329.9","303.0","14.02K","6.10%"
"Oct 31, 2015","310.1","328.1","334.7","303.0","28.65K","-5.69%"
"Oct 30, 2015","328.8","315.0","334.0","313.5","38.14K","4.80%"
"Oct 29, 2015","313.7","304.8","319.6","301.7","31.66K","3.18%"
"Oct 28, 2015","304.0","295.6","308.5","294.4","30.68K","3.01%"
"Oct 27, 2015","295.2","286.9","300.0","286.1","33.68K","3.27%"
"Oct 26, 2015","285.8","284.0","287.0","279.3","20.79K","-0.85%"
"Oct 25, 2015","288.3","283.0","296.0","282.2","28.72K","2.01%"
"Oct 24, 2015","282.6","278.6","283.0","278.2","20.06K","1.76%"
"Oct 23, 2015","277.7","275.1","280.2","273.5","21.43K","0.88%"
"Oct 22, 2015","275.3","267.9","280.0","267.4","28.00K","2.80%"
"Oct 21, 2015","267.8","270.3","272.7","264.0","20.29K","-0.90%"
"Oct 20, 2015","270.2","264.3","273.0","262.7","28.66K","2.19%"
"Oct 19, 2015","264.4","261.0","266.0","259.8","16.35K","1.31%"
"Oct 18, 2015","261.0","270.0","271.2","260.0","9.65K","-2.97%"
"Oct 17, 2015","269.0","263.1","273.0","260.8","25.10K","2.47%"
"Oct 16, 2015","262.5","254.5","267.0","253.7","33.66K","3.17%"
"Oct 15, 2015","254.4","252.5","256.5","250.3","21.90K","0.78%"
"Oct 14, 2015","252.5","250.0","255.9","248.1","26.88K","1.52%"
"Oct 13, 2015","248.7","245.8","250.9","242.8","25.79K","1.31%"
"Oct 12, 2015","245.5","248.1","248.5","245.0","10.51K","-0.95%"
"Oct 11, 2015","247.8","245.7","248.5","244.5","18.95K","0.86%"
"Oct 10, 2015","245.7","244.5","246.4","243.0","17.28K","0.50%"
"Oct 09, 2015","244.5","243.3","244.9","242.2","14.08K","0.44%"
"Oct 08, 2015","243.4","243.5","244.8","242.1","13.79K","-0.02%"
"Oct 07, 2015","243.5","246.8","247.6","242.3","23.73K","-1.40%"
"Oct 06, 2015","246.9","240.9","248.2","239.5","26.66K","2.66%"
"Oct 05, 2015","240.5","238.6","240.6","236.1","20.08K","0.89%"
"Oct 04, 2015","238.4","239.1","240.0","237.6","14.94K","-0.15%"
"Oct 03, 2015","238.8","237.8","239.9","236.3","17.81K","0.45%"
"Oct 02, 2015","237.7","237.1","239.1","235.0","16.89K","0.07%"
"Oct 01, 2015","237.5","236.2","239.4","235.0","20.05K","0.37%"
"Sep 30, 2015","236.6","236.8","238.3","234.7","20.60K","-0.03%"
"Sep 29, 2015","236.7","239.1","240.6","235.1","19.56K","-0.96%"
"Sep 28, 2015","239.0","232.4","239.7","231.7","17.52K","3.06%"
"Sep 27, 2015","231.9","233.8","234.6","231.2","17.28K","-0.85%"
"Sep 26, 2015","233.9","235.1","235.7","233.0","15.03K","-0.53%"
"Sep 25, 2015","235.1","233.9","237.3","232.6","22.47K","0.83%"
"Sep 24, 2015","233.2","229.4","235.5","228.9","23.96K","1.65%"
"Sep 23, 2015","229.4","230.1","231.5","228.0","13.54K","-0.08%"
"Sep 22, 2015","229.6","226.1","232.0","223.1","18.90K","1.62%"
"Sep 21, 2015","225.9","230.3","230.3","225.0","13.98K","-1.89%"
"Sep 20, 2015","230.3","230.2","231.7","229.0","13.16K","0.03%"
"Sep 19, 2015","230.2","232.8","233.8","230.0","11.24K","-1.11%"
"Sep 18, 2015","232.8","232.4","234.4","230.8","19.33K","0.16%"
"Sep 17, 2015","232.4","227.9","235.0","227.0","14.59K","2.01%"
"Sep 16, 2015","227.9","229.3","230.0","223.0","15.08K","-0.63%"
"Sep 15, 2015","229.3","229.5","231.2","226.5","16.36K","-0.09%"
"Sep 14, 2015","229.5","230.2","232.9","224.0","17.59K","-0.29%"
"Sep 13, 2015","230.2","235.6","236.1","228.0","18.65K","-2.31%"
"Sep 12, 2015","235.6","239.9","240.0","233.0","12.45K","-1.80%"
"Sep 11, 2015","239.9","238.5","240.9","237.5","13.81K","0.60%"
"Sep 10, 2015","238.5","238.0","241.6","234.8","20.54K","0.23%"
"Sep 09, 2015","238.0","244.0","244.2","237.0","23.26K","-2.49%"
"Sep 08, 2015","244.0","240.1","246.2","239.9","23.71K","1.63%"
"Sep 07, 2015","240.1","240.4","242.9","238.4","23.16K","-0.14%"
"Sep 06, 2015","240.4","235.4","244.2","235.0","25.52K","2.12%"
"Sep 05, 2015","235.4","231.1","237.2","229.2","20.03K","1.89%"
"Sep 04, 2015","231.1","226.8","231.4","226.3","20.89K","1.90%"
"Sep 03, 2015","226.8","228.8","230.0","226.5","19.71K","-0.87%"
"Sep 02, 2015","228.8","227.6","230.8","226.0","21.57K","0.49%"
"Sep 01, 2015","227.6","229.8","231.7","226.2","23.82K","-0.95%"
"Aug 31, 2015","229.8","228.4","232.5","224.4","15.22K","0.62%"
"Aug 30, 2015","228.4","229.2","232.8","225.0","15.80K","-0.35%"
"Aug 29, 2015","229.2","232.1","233.9","226.7","15.40K","-1.23%"
"Aug 28, 2015","232.1","223.8","235.9","220.3","22.72K","3.70%"
"Aug 27, 2015","223.8","225.2","228.9","223.2","14.44K","-0.61%"
"Aug 26, 2015","225.2","221.6","231.1","219.8","24.50K","1.59%"
"Aug 25, 2015","221.6","211.8","228.0","198.1","42.10K","4.65%"
"Aug 24, 2015","211.8","228.5","229.0","207.7","37.27K","-7.30%"
"Aug 23, 2015","228.5","230.5","234.0","227.1","7.47K","-0.87%"
"Aug 22, 2015","230.5","233.3","235.2","223.0","16.00K","-1.20%"
"Aug 21, 2015","233.3","235.9","236.7","231.8","10.04K","-1.14%"
"Aug 20, 2015","235.9","227.1","236.7","226.0","16.01K","3.90%"
"Aug 19, 2015","227.1","246.0","246.0","221.1","28.56K","-7.68%"
"Aug 18, 2015","246.0","256.7","257.0","245.1","11.56K","-4.15%"
"Aug 17, 2015","256.7","256.1","259.1","254.6","8.54K","0.22%"
"Aug 16, 2015","256.1","261.0","262.2","254.0","9.78K","-1.89%"
"Aug 15, 2015","261.0","265.7","266.5","260.5","5.33K","-1.76%"
"Aug 14, 2015","265.7","264.6","267.0","262.0","8.08K","0.40%"
"Aug 13, 2015","264.6","268.5","269.4","262.3","11.01K","-1.44%"
"Aug 12, 2015","268.5","270.0","271.5","265.7","8.96K","-0.55%"
"Aug 11, 2015","270.0","264.3","270.9","263.6","8.31K","2.15%"
"Aug 10, 2015","264.3","265.4","266.8","261.6","9.76K","-0.39%"
"Aug 09, 2015","265.4","261.7","269.0","261.0","8.99K","1.39%"
"Aug 08, 2015","261.7","279.0","280.0","260.4","10.20K","-6.20%"
"Aug 07, 2015","279.0","282.0","282.0","277.4","4.15K","-1.06%"
"Aug 06, 2015","282.0","282.0","282.0","282.0","-","0.00%"
"Aug 05, 2015","282.0","284.6","285.9","280.6","6.27K","-0.93%"
"Aug 04, 2015","284.6","282.7","285.9","280.3","6.34K","0.68%"
"Aug 03, 2015","282.7","281.5","285.8","279.5","6.19K","0.43%"
"Aug 02, 2015","281.5","280.8","282.9","276.6","4.50K","0.26%"
"Aug 01, 2015","280.8","284.4","285.2","276.7","7.10K","-1.27%"
"Jul 31, 2015","284.4","287.7","289.0","281.8","7.81K","-1.16%"
"Jul 30, 2015","287.7","289.6","290.2","284.5","7.99K","-0.66%"
"Jul 29, 2015","289.6","293.8","294.7","287.3","10.20K","-1.43%"
"Jul 28, 2015","293.8","294.3","297.0","292.2","8.97K","-0.15%"
"Jul 27, 2015","294.3","292.8","297.4","286.4","14.48K","0.49%"
"Jul 26, 2015","292.8","289.3","294.0","287.4","5.45K","1.21%"
"Jul 25, 2015","289.3","290.0","292.0","286.5","6.91K","-0.21%"
"Jul 24, 2015","290.0","276.7","290.0","275.9","13.54K","4.80%"
"Jul 23, 2015","276.7","277.9","278.5","275.8","6.58K","-0.45%"
"Jul 22, 2015","277.9","276.5","277.9","275.0","8.40K","0.52%"
"Jul 21, 2015","276.5","277.7","281.1","276.3","8.83K","-0.45%"
"Jul 20, 2015","277.7","275.5","279.2","274.6","8.91K","0.81%"
"Jul 19, 2015","275.5","276.7","278.1","275.1","4.92K","-0.44%"
"Jul 18, 2015","276.7","279.4","283.0","276.7","9.44K","-0.97%"
"Jul 17, 2015","279.4","278.3","280.7","272.3","11.79K","0.79%"
"Jul 16, 2015","277.2","285.5","292.4","274.9","21.31K","-2.91%"
"Jul 15, 2015","285.5","288.0","293.7","285.4","9.14K","-0.84%"
"Jul 14, 2015","288.0","292.0","297.1","286.0","10.33K","-1.38%"
"Jul 13, 2015","292.0","310.2","310.7","281.0","29.75K","-5.88%"
"Jul 12, 2015","310.2","292.0","318.0","291.6","22.48K","6.24%"
"Jul 11, 2015","292.0","286.6","298.0","283.9","11.47K","1.89%"
"Jul 10, 2015","286.6","269.6","294.7","268.6","29.18K","6.29%"
"Jul 09, 2015","269.6","269.4","272.0","265.9","13.97K","0.10%"
"Jul 08, 2015","269.4","266.2","273.0","263.0","14.42K","1.21%"
"Jul 07, 2015","266.2","269.5","271.7","264.0","13.61K","-1.22%"
"Jul 06, 2015","269.5","270.3","278.5","267.1","20.31K","-0.32%"
"Jul 05, 2015","270.3","260.7","274.7","258.8","20.91K","3.68%"
"Jul 04, 2015","260.7","255.9","261.3","254.1","7.84K","1.91%"
"Jul 03, 2015","255.9","254.7","256.4","252.4","8.65K","0.46%"
"Jul 02, 2015","254.7","257.1","260.8","253.2","9.72K","-0.93%"
"Jul 01, 2015","257.1","264.1","265.3","253.8","13.37K","-2.67%"
"Jun 30, 2015","264.1","256.4","268.0","255.0","19.96K","3.02%"
"Jun 29, 2015","256.4","248.9","256.9","248.1","15.34K","3.01%"
"Jun 28, 2015","248.9","251.2","251.4","247.0","5.87K","-0.90%"
"Jun 27, 2015","251.2","243.2","252.0","242.4","7.11K","3.28%"
"Jun 26, 2015","243.2","241.6","243.4","240.0","5.14K","0.64%"
"Jun 25, 2015","241.6","240.7","242.9","239.2","5.16K","0.40%"
"Jun 24, 2015","240.7","243.8","244.1","238.2","6.60K","-1.27%"
"Jun 23, 2015","243.8","247.1","247.3","242.1","5.07K","-1.34%"
"Jun 22, 2015","247.1","243.4","248.0","242.6","4.98K","1.53%"
"Jun 21, 2015","243.4","244.7","245.0","241.1","1.96K","-0.54%"
"Jun 20, 2015","244.7","243.4","245.6","239.9","4.50K","0.52%"
"Jun 19, 2015","243.4","248.1","249.9","242.1","6.75K","-1.88%"
"Jun 18, 2015","248.1","245.8","251.6","240.0","11.16K","0.94%"
"Jun 17, 2015","245.8","248.8","257.4","243.2","17.47K","-1.19%"
"Jun 16, 2015","248.8","235.9","252.1","234.4","17.38K","5.44%"
"Jun 15, 2015","235.9","231.8","237.1","231.6","10.45K","1.79%"
"Jun 14, 2015","231.8","231.5","234.0","230.9","3.54K","0.11%"
"Jun 13, 2015","231.5","229.6","232.0","228.1","3.93K","0.83%"
"Jun 12, 2015","229.6","229.0","230.7","228.3","5.89K","0.26%"
"Jun 11, 2015","229.0","227.5","229.6","227.3","4.72K","0.66%"
"Jun 10, 2015","227.5","229.5","229.8","226.8","6.35K","-0.86%"
"Jun 09, 2015","229.5","228.1","230.8","226.7","9.12K","0.60%"
"Jun 08, 2015","228.1","222.9","229.4","222.1","8.95K","2.36%"
"Jun 07, 2015","222.9","224.4","225.5","221.9","3.47K","-0.67%"
"Jun 06, 2015","224.4","224.5","225.3","223.1","2.59K","-0.06%"
"Jun 05, 2015","224.5","222.4","225.9","219.0","7.89K","0.95%"
"Jun 04, 2015","222.4","225.1","226.0","222.0","4.89K","-1.22%"
"Jun 03, 2015","225.1","224.8","227.0","222.6","5.73K","0.15%"
"Jun 02, 2015","224.8","223.7","226.4","221.3","7.80K","0.50%"
"Jun 01, 2015","223.7","229.1","231.2","220.6","12.14K","-2.36%"
"May 31, 2015","229.1","232.1","232.5","228.0","4.39K","-1.29%"
"May 30, 2015","232.1","236.0","236.2","231.0","4.26K","-1.67%"
"May 29, 2015","236.0","236.5","236.5","234.0","6.21K","-0.19%"
"May 28, 2015","236.5","235.3","236.8","234.9","4.98K","0.48%"
"May 27, 2015","235.3","236.2","237.4","234.0","8.62K","-0.37%"
"May 26, 2015","236.2","235.5","236.2","235.0","0.47K","0.31%"
"May 25, 2015","235.5","239.7","240.1","233.1","5.30K","-1.75%"
"May 24, 2015","239.7","237.7","241.6","237.7","2.86K","0.83%"
"May 23, 2015","237.7","239.0","240.7","237.4","3.30K","-0.54%"
"May 22, 2015","239.0","235.5","240.9","232.9","10.42K","1.49%"
"May 21, 2015","235.5","233.8","236.5","233.8","4.59K","0.72%"
"May 20, 2015","233.8","231.7","234.9","231.0","7.68K","0.91%"
"May 19, 2015","231.7","232.2","234.2","230.9","5.56K","-0.24%"
"May 18, 2015","232.2","236.1","236.9","231.4","7.42K","-1.61%"
"May 17, 2015","236.1","235.6","237.0","234.1","2.63K","0.19%"
"May 16, 2015","235.6","237.1","237.4","234.0","3.12K","-0.64%"
"May 15, 2015","237.1","236.9","239.3","235.1","4.52K","0.07%"
"May 14, 2015","236.9","236.9","239.7","232.2","7.71K","0.02%"
"May 13, 2015","236.9","241.3","244.1","235.1","9.23K","-1.82%"
"May 12, 2015","241.3","240.1","242.0","238.6","5.82K","0.96%"
"May 11, 2015","239.0","239.1","241.0","238.0","5.17K","-0.03%"
"May 10, 2015","239.1","241.4","245.0","238.0","3.49K","-0.96%"
"May 09, 2015","241.4","243.2","247.0","238.6","5.56K","-0.72%"
"May 08, 2015","243.2","236.8","246.6","235.3","9.62K","2.68%"
"May 07, 2015","236.8","229.8","240.0","227.4","10.90K","3.06%"
"May 06, 2015","229.8","234.4","236.0","227.0","8.71K","-1.96%"
"May 05, 2015","234.4","237.9","239.0","229.7","8.79K","-1.50%"
"May 04, 2015","237.9","239.2","242.2","236.1","7.16K","-0.52%"
"May 03, 2015","239.2","233.9","242.3","232.3","4.42K","2.26%"
"May 02, 2015","233.9","232.0","234.9","229.9","4.38K","0.84%"
"May 01, 2015","232.0","235.8","239.2","231.0","6.62K","-1.61%"
"Apr 30, 2015","235.8","225.5","240.0","224.6","12.47K","4.55%"
"Apr 29, 2015","225.5","225.1","227.0","221.8","8.66K","0.17%"
"Apr 28, 2015","225.1","226.0","228.1","221.4","9.60K","-0.40%"
"Apr 27, 2015","226.0","219.5","229.9","217.5","13.50K","2.97%"
"Apr 26, 2015","219.5","226.3","227.3","215.0","11.26K","-3.00%"
"Apr 25, 2015","226.3","231.1","232.3","225.7","5.38K","-2.07%"
"Apr 24, 2015","231.1","235.1","236.0","228.0","8.56K","-1.74%"
"Apr 23, 2015","235.1","233.0","236.2","232.0","8.02K","0.92%"
"Apr 22, 2015","233.0","234.1","238.6","229.1","11.07K","-0.48%"
"Apr 21, 2015","234.1","224.1","235.6","223.9","9.53K","4.49%"
"Apr 20, 2015","224.1","222.9","226.5","221.4","6.01K","0.53%"
"Apr 19, 2015","222.9","223.1","227.4","221.9","5.87K","-0.11%"
"Apr 18, 2015","223.1","221.9","224.7","220.3","4.25K","0.58%"
"Apr 17, 2015","221.9","227.6","228.3","220.0","5.77K","-2.52%"
"Apr 16, 2015","227.6","221.5","229.7","221.5","11.00K","2.74%"
"Apr 15, 2015","221.5","216.4","222.4","214.1","9.77K","2.35%"
"Apr 14, 2015","216.4","222.9","224.8","210.0","18.43K","-2.89%"
"Apr 13, 2015","222.9","236.3","236.9","219.6","13.82K","-5.68%"
"Apr 12, 2015","236.3","237.3","237.5","233.4","2.85K","-0.44%"
"Apr 11, 2015","237.3","234.8","239.4","233.0","4.10K","1.09%"
"Apr 10, 2015","234.8","243.5","243.9","231.0","11.53K","-3.60%"
"Apr 09, 2015","243.5","244.1","246.3","238.5","7.99K","-0.23%"
"Apr 08, 2015","244.1","254.4","255.0","243.1","11.65K","-4.07%"
"Apr 07, 2015","254.4","255.8","256.6","251.5","5.99K","-0.54%"
"Apr 06, 2015","255.8","260.5","263.0","254.0","5.99K","-1.79%"
"Apr 05, 2015","260.5","253.4","261.0","251.6","5.81K","2.78%"
"Apr 04, 2015","253.4","253.8","255.9","250.8","2.58K","-0.13%"
"Apr 03, 2015","253.8","253.2","256.7","251.2","5.06K","0.25%"
"Apr 02, 2015","253.2","246.0","257.0","244.5","9.88K","2.92%"
"Apr 01, 2015","246.0","244.0","246.8","239.3","6.11K","0.82%"
"Mar 31, 2015","244.0","247.7","248.6","238.6","8.18K","-1.50%"
"Mar 30, 2015","247.7","242.2","248.9","236.5","7.88K","2.27%"
"Mar 29, 2015","242.2","252.3","253.0","240.0","6.59K","-4.01%"
"Mar 28, 2015","252.3","248.1","253.8","247.2","5.94K","1.70%"
"Mar 27, 2015","248.1","249.5","250.5","245.1","5.85K","-0.55%"
"Mar 26, 2015","249.5","247.7","253.8","244.9","8.40K","0.72%"
"Mar 25, 2015","247.7","246.9","250.0","236.4","13.45K","0.30%"
"Mar 24, 2015","246.9","265.8","266.5","241.8","17.59K","-7.11%"
"Mar 23, 2015","265.8","269.4","270.1","259.5","8.90K","-1.32%"
"Mar 22, 2015","269.4","259.8","272.0","259.2","5.71K","3.69%"
"Mar 21, 2015","259.8","262.1","262.6","256.3","4.62K","-0.87%"
"Mar 20, 2015","262.1","262.0","265.3","257.0","5.68K","0.03%"
"Mar 19, 2015","262.0","257.3","266.0","249.0","14.75K","1.83%"
"Mar 18, 2015","257.3","284.5","284.5","249.0","21.12K","-9.55%"
"Mar 17, 2015","284.5","289.7","293.0","281.9","6.47K","-1.81%"
"Mar 16, 2015","289.7","286.4","294.3","285.8","6.47K","1.15%"
"Mar 15, 2015","286.4","282.7","287.8","281.4","2.43K","1.31%"
"Mar 14, 2015","282.7","284.4","287.7","280.5","5.62K","-0.60%"
"Mar 13, 2015","284.4","295.6","295.8","283.0","9.18K","-3.78%"
"Mar 12, 2015","295.6","295.1","298.0","289.0","8.15K","0.15%"
"Mar 11, 2015","295.1","290.2","296.7","285.8","6.78K","1.68%"
"Mar 10, 2015","290.2","287.0","296.8","284.0","12.86K","1.13%"
"Mar 09, 2015","287.0","274.9","289.0","274.2","11.98K","4.41%"
"Mar 08, 2015","274.9","275.6","277.6","271.1","4.46K","-0.25%"
"Mar 07, 2015","275.6","273.3","279.5","270.0","5.61K","0.85%"
"Mar 06, 2015","273.3","273.8","276.5","269.0","7.00K","-0.20%"
"Mar 05, 2015","273.8","269.8","280.5","262.2","11.36K","1.47%"
"Mar 04, 2015","269.8","279.0","283.9","264.9","14.28K","-3.29%"
"Mar 03, 2015","279.0","274.0","285.0","265.9","22.21K","1.82%"
"Mar 02, 2015","274.0","258.3","274.8","256.0","9.78K","7.11%"
"Mar 01, 2015","255.8","253.5","260.0","245.0","5.06K","1.12%"
"Feb 28, 2015","253.0","253.1","254.3","245.2","3.61K","-0.03%"
"Feb 27, 2015","253.1","236.7","256.1","236.2","22.02K","6.91%"
"Feb 26, 2015","236.7","238.0","238.6","234.0","3.50K","-0.55%"
"Feb 25, 2015","238.0","239.9","240.6","236.0","1.74K","-0.71%"
"Feb 24, 2015","239.7","239.6","240.9","236.3","2.43K","0.32%"
"Feb 23, 2015","238.9","236.7","240.7","232.1","3.71K","0.95%"
"Feb 22, 2015","236.7","245.4","247.4","232.5","6.74K","-3.74%"
"Feb 21, 2015","245.9","245.5","247.5","244.0","1.55K","-0.09%"
"Feb 20, 2015","246.1","240.6","249.0","239.4","4.56K","1.41%"
"Feb 19, 2015","242.7","237.4","245.0","235.7","4.73K","2.92%"
"Feb 18, 2015","235.8","245.0","247.0","232.2","6.77K","-3.74%"
"Feb 17, 2015","245.0","236.6","248.8","232.0","11.90K","3.56%"
"Feb 16, 2015","236.6","234.0","241.2","229.2","12.32K","1.09%"
"Feb 15, 2015","234.0","257.0","265.9","227.8","18.47K","-9.26%"
"Feb 14, 2015","257.9","237.0","259.3","236.9","10.81K","8.88%"
"Feb 13, 2015","236.9","223.0","242.4","221.4","8.08K","6.47%"
"Feb 12, 2015","222.5","219.6","223.1","218.2","4.01K","1.52%"
"Feb 11, 2015","219.1","220.9","223.4","218.0","9.30K","-0.83%"
"Feb 10, 2015","220.9","220.7","222.0","215.0","6.33K","0.10%"
"Feb 09, 2015","220.7","224.2","226.0","215.0","19.48K","-1.55%"
"Feb 08, 2015","224.2","228.3","232.9","219.7","5.46K","-1.93%"
"Feb 07, 2015","228.6","223.4","231.1","221.8","6.36K","2.57%"
"Feb 06, 2015","222.9","216.8","225.9","214.9","4.73K","2.71%"
"Feb 05, 2015","217.0","227.0","228.9","213.6","4.31K","-4.41%"
"Feb 04, 2015","227.0","227.4","231.0","220.0","14.31K","-0.15%"
"Feb 03, 2015","227.4","238.0","244.4","223.8","17.76K","-4.46%"
"Feb 02, 2015","238.0","214.8","242.0","214.8","6.42K","10.79%"
"Feb 01, 2015","214.8","218.0","220.8","208.5","6.19K","-1.46%"