"date","close","volume","open","high","low"

"2018/10/12","246.5400","15121060.0000","245.5066","249.5412","239.6500"
"2018/10/11","235.1300","18063810.0000","242.1700","247.5600","234.2610"
"2018/10/10","245.6900","16970790.0000","261.2600","263.1100","245.6000"
"2018/10/09","265.5400","6832411.0000","264.9400","268.7600","262.8000"
"2018/10/08","265.7700","10197000.0000","266.5000","271.1600","260.0800"
"2018/10/05","269.8600","10648470.0000","278.2900","280.8000","267.5400"
"2018/10/04","279.2900","9765506.0000","285.2700","286.2500","276.1800"
"2018/10/03","286.7300","8007264.0000","289.3200","289.6200","282.5300"
"2018/10/02","286.4800","9578570.0000","288.2500","292.7600","285.5800"
"2018/10/01","289.3600","15449620.0000","284.1600","292.0600","282.6000"
"2018/09/28","281.0200","17709440.0000","272.7300","281.9152","271.6000"
"2018/09/27","267.4000","5355734.0000","268.3400","269.2000","266.1295"
"2018/09/26","266.9200","6703440.0000","268.6100","270.2400","266.2800"
"2018/09/25","268.4100","6982105.0000","268.3700","269.4200","264.9100"
"2018/09/24","265.7000","7338846.0000","262.2000","265.8400","258.6800"
"2018/09/21","263.4500","10810840.0000","266.7600","268.6000","262.1100"
"2018/09/20","266.2800","10748300.0000","267.0500","268.7600","264.1000"
"2018/09/19","271.9800","5586932.0000","270.2730","272.6990","268.2500"
"2018/09/18","271.0200","7480150.0000","274.0900","278.2400","270.7500"
"2018/09/17","273.9300","5114584.0000","275.4020","277.3800","273.1500"
"2018/09/14","276.4300","9643641.0000","274.9900","279.1000","273.5000"
"2018/09/13","271.3400","7620646.0000","270.8600","275.0000","270.1610"
"2018/09/12","268.2000","10464790.0000","271.1900","271.9800","261.9200"
"2018/09/11","272.8000","6069344.0000","272.8600","276.3999","272.0200"
"2018/09/10","274.7300","5499810.0000","272.7700","275.9300","271.0000"
"2018/09/07","271.8600","7380320.0000","269.0000","276.9300","267.1900"
"2018/09/06","272.7200","8062587.0000","277.7600","277.8600","271.3910"
"2018/09/05","278.4200","9820991.0000","282.9900","284.4200","275.1500"
"2018/09/04","283.7000","9786503.0000","280.1500","285.2200","279.0000"
"2018/08/31","280.6800","7652371.0000","277.0000","281.2000","276.6000"
"2018/08/30","277.8100","8636618.0000","277.2300","281.7170","276.3200"
"2018/08/29","278.4900","10472850.0000","273.9200","279.5000","273.0800"
"2018/08/28","274.3800","11865880.0000","275.6600","276.5800","269.5300"
"2018/08/27","275.9000","12605800.0000","273.4200","278.9000","272.1450"
"2018/08/24","272.2200","13274550.0000","267.1800","272.8100","267.0000"
"2018/08/23","266.8400","17982880.0000","261.2600","269.4800","260.7012"
"2018/08/22","262.8200","18677870.0000","252.0000","263.0200","251.8600"
"2018/08/21","253.3200","16708670.0000","248.5000","253.5000","247.7000"
"2018/08/20","247.8400","21327460.0000","243.1800","253.2000","238.7200"
"2018/08/17","244.8200","28534440.0000","252.9400","252.9700","243.7300"
"2018/08/16","257.4400","19284410.0000","261.9000","262.0000","255.0100"
"2018/08/15","259.0800","14725470.0000","262.2700","263.6390","255.9000"
"2018/08/14","261.4300","11455960.0000","260.3800","262.0000","257.0200"
"2018/08/13","256.1200","9340989.0000","255.1400","261.0000","255.0700"
"2018/08/10","254.7900","6386582.0000","253.1500","256.1000","252.7000"
"2018/08/09","256.4600","5053904.0000","259.1400","259.2500","256.1500"
"2018/08/08","258.4200","6539742.0000","257.0000","260.2400","255.5900"
"2018/08/07","256.9500","6444551.0000","256.0000","257.7000","254.9201"
"2018/08/06","254.0300","5180456.0000","251.5900","254.1700","249.7059"
"2018/08/03","252.1000","5352096.0000","251.6100","253.0600","250.9300"
"2018/08/02","250.6200","6716843.0000","243.5900","250.7800","241.2100"
"2018/08/01","246.4700","7033931.0000","246.1300","248.3599","243.8860"
"2018/07/31","244.8600","7068792.0000","243.7100","247.8800","242.1411"
"2018/07/30","244.1300","8488547.0000","252.5900","252.8300","242.7200"
"2018/07/27","252.0200","7379861.0000","256.3200","256.6000","249.8400"
"2018/07/26","254.8400","8078255.0000","251.0600","256.3300","250.3800"
"2018/07/25","251.8700","7922327.0000","249.0900","252.3800","246.7500"
"2018/07/24","248.7100","8858607.0000","251.3500","254.8500","248.0000"
"2018/07/23","249.4100","7517739.0000","249.8200","249.8900","243.2800"
"2018/07/20","250.8900","5557066.0000","251.9300","253.5000","250.4500"
"2018/07/19","252.0300","5843641.0000","250.9400","253.3900","250.3300"
"2018/07/18","251.7000","6926710.0000","253.3900","253.9500","249.6400"
"2018/07/17","253.6900","9024701.0000","246.2100","254.3000","245.1800"
"2018/07/16","248.2000","4894964.0000","248.2000","250.3400","247.7000"
"2018/07/13","249.3200","6171143.0000","251.9800","251.9800","247.6200"
"2018/07/12","251.2300","8627571.0000","249.3600","253.1700","248.9600"
"2018/07/11","247.5300","9163309.0000","249.5000","250.9000","247.1000"
"2018/07/10","253.2500","8926208.0000","249.7500","254.1400","248.1200"
"2018/07/09","249.2500","7573336.0000","250.3297","250.7200","246.0707"
"2018/07/06","247.3300","7402409.0000","241.7400","247.6650","240.8800"
"2018/07/05","242.7300","7560279.0000","239.0700","242.9300","237.5000"
"2018/07/03","236.8400","5568325.0000","243.6400","243.8800","236.5000"
"2018/07/02","242.2400","8839790.0000","234.0900","242.3900","233.2649"
"2018/06/29","236.9000","9791462.0000","243.4900","244.0000","236.8500"
"2018/06/28","240.8600","8437758.0000","235.3200","241.3400","235.0100"
"2018/06/27","235.7200","11327200.0000","243.7500","246.4300","235.5000"
"2018/06/26","241.9900","11952140.0000","243.7000","245.6500","239.9101"
"2018/06/25","239.1200","16625690.0000","246.6500","246.8000","235.5400"
"2018/06/22","250.9500","10837880.0000","257.9500","258.4900","250.3301"
"2018/06/21","257.1100","8966437.0000","263.6000","264.3400","256.8000"
"2018/06/20","262.3100","9232006.0000","261.8320","264.4500","260.2808"
"2018/06/19","260.1700","14851320.0000","260.9200","263.6400","255.0200"
"2018/06/18","265.0900","8888520.0000","263.4800","265.8000","262.3800"
"2018/06/15","265.2600","10788750.0000","264.6000","267.4800","263.3484"
"2018/06/14","266.9100","10728560.0000","264.2200","269.2000","263.6200"
"2018/06/13","262.4000","8341655.0000","262.6400","265.6700","262.0310"
"2018/06/12","262.5800","7947871.0000","261.6900","263.0700","259.6600"
"2018/06/11","260.6200","6609487.0000","261.7700","263.4500","260.1000"
"2018/06/08","262.2800","9005600.0000","259.9600","264.0000","259.2000"
"2018/06/07","262.9000","9224480.0000","265.0000","265.4785","259.2500"
"2018/06/06","265.1500","9278588.0000","261.4300","265.2800","260.7700"
"2018/06/05","265.0700","9774369.0000","264.9800","266.5900","263.1700"
"2018/06/04","264.8500","16018210.0000","259.0000","265.7400","257.7000"
"2018/06/01","257.6200","10523260.0000","254.0000","257.8700","253.6500"
"2018/05/31","252.1900","12333940.0000","251.7000","255.2000","251.2700"
"2018/05/30","252.9900","9742477.0000","249.9500","253.3400","248.9515"
"2018/05/29","248.5900","8792677.0000","248.5500","251.3400","246.7000"
"2018/05/25","249.2800","7293316.0000","248.2000","249.9400","246.7600"
"2018/05/24","247.6900","10891210.0000","247.3900","249.4000","245.2410"
"2018/05/23","247.5400","11048920.0000","240.2800","247.5900","240.2500"
"2018/05/22","242.7000","12945660.0000","244.7800","245.7999","240.2500"
"2018/05/21","244.2400","15941740.0000","249.8800","250.0300","240.4900"
"2018/05/18","245.9400","12065350.0000","249.8100","252.3700","245.7400"
"2018/05/17","247.7100","12971510.0000","246.0840","251.5000","245.4300"
"2018/05/16","246.0100","13798350.0000","244.0000","248.5200","242.5100"
"2018/05/15","245.5600","24027430.0000","252.7900","252.9000","241.5000"
"2018/05/14","255.3600","13057840.0000","256.0700","258.4900","254.4000"
"2018/05/11","254.5300","30318590.0000","252.7800","259.7900","250.5400"
"2018/05/10","260.1300","23895980.0000","257.9200","260.5000","257.2000"
"2018/05/09","255.7800","14829150.0000","251.2100","255.8700","250.1100"
"2018/05/08","250.4000","12586470.0000","248.6900","250.5100","246.7100"
"2018/05/07","248.6800","17155980.0000","243.2950","250.9900","242.8900"
"2018/05/04","239.0600","9981546.0000","231.8300","239.1889","231.1300"
"2018/05/03","232.9900","11024750.0000","227.6000","234.0500","225.7700"
"2018/05/02","226.3100","6688802.0000","227.0000","228.8000","225.2500"
"2018/05/01","227.1400","6303007.0000","224.5700","227.2500","222.2000"
"2018/04/30","224.9000","8184552.0000","226.9900","229.0000","224.1200"
"2018/04/27","226.3300","10005030.0000","229.5000","230.3000","224.6200"
"2018/04/26","225.2200","9298213.0000","223.2000","225.5500","220.5300"
"2018/04/25","216.6600","14623440.0000","220.0000","221.5750","210.3000"
"2018/04/24","221.2000","10325830.0000","224.9200","228.8000","218.5600"
"2018/04/23","223.8800","10313610.0000","229.4300","231.5000","222.8300"
"2018/04/20","228.7100","9589917.0000","228.6900","232.1000","227.4500"
"2018/04/19","229.0400","11763020.0000","231.7450","233.1000","226.8000"
"2018/04/18","236.3700","9759053.0000","235.5000","239.2500","232.7700"
"2018/04/17","237.5400","11148810.0000","233.6000","238.4000","231.3500"
"2018/04/16","231.4900","8744735.0000","231.7720","232.8400","227.6800"
"2018/04/13","231.5000","12557680.0000","237.1700","237.5100","229.5500"
"2018/04/12","234.6000","14779600.0000","230.0000","235.3200","228.2149"
"2018/04/11","226.2400","11476820.0000","227.3100","228.9760","224.9210"
"2018/04/10","227.9100","19057190.0000","224.7200","229.0000","222.4100"
"2018/04/09","215.4100","12435730.0000","216.8000","221.9700","214.6000"
"2018/04/06","214.2500","16554640.0000","217.2300","221.6000","213.0735"
"2018/04/05","221.3800","17402790.0000","228.6000","229.1300","218.4900"
"2018/04/04","226.2400","19692540.0000","215.0100","226.6606","214.0000"
"2018/04/03","225.3500","16641470.0000","227.8000","230.3500","221.3500"
"2018/04/02","221.0500","22947350.0000","228.7400","234.6500","217.5000"
"2018/03/29","231.5900","22809960.0000","224.1050","235.5000","220.7002"
"2018/03/28","221.3500","23603850.0000","224.1300","229.3900","217.0000"
"2018/03/27","225.5200","35119940.0000","247.7500","250.0000","219.8450"
"2018/03/26","244.4800","15254960.0000","238.0000","244.5300","235.9000"
"2018/03/23","232.9700","18371070.0000","242.4000","242.6700","232.5200"
"2018/03/22","241.8500","13714630.0000","246.0000","247.8800","240.3410"
"2018/03/21","248.5600","10947040.0000","249.3200","252.0000","247.3300"
"2018/03/20","249.5800","13825530.0000","241.1200","251.1500","241.1200"
"2018/03/19","241.0000","17704920.0000","248.1800","249.3500","237.0000"
"2018/03/16","250.4800","9972710.0000","250.0000","251.2500","248.4800"
"2018/03/15","249.3400","10026320.0000","249.2900","252.6200","247.6400"
"2018/03/14","248.7400","12610730.0000","249.4500","250.5500","246.2200"
"2018/03/13","247.7100","15453890.0000","251.4900","254.5000","246.0400"
"2018/03/12","249.7600","15093790.0000","247.0000","253.0000","246.6723"
"2018/03/09","245.3300","12620670.0000","243.1000","245.8500","242.4501"
"2018/03/08","241.1800","10342980.0000","242.9500","242.9500","239.3907"
"2018/03/07","241.8400","14517220.0000","238.0000","243.9500","237.9500"
"2018/03/06","242.1600","15633300.0000","239.1000","242.9400","237.3600"
"2018/03/05","235.6500","15489020.0000","234.5100","237.2500","229.5210"
"2018/03/02","236.5400","22808880.0000","227.8600","236.8000","221.8500"
"2018/03/01","232.2100","25981010.0000","241.9100","244.0900","228.1248"
"2018/02/28","242.0000","13018510.0000","246.5000","248.1000","241.5300"
"2018/02/27","246.0600","11359680.0000","245.5000","248.9100","245.1300"
"2018/02/26","246.5800","11677750.0000","247.8000","247.9800","244.0600"
"2018/02/23","245.9300","10345260.0000","244.5700","245.9300","242.5201"
"2018/02/22","242.1500","13333990.0000","242.7300","245.6300","239.5000"
"2018/02/21","241.5100","21106470.0000","251.6900","251.9675","241.3600"
"2018/02/20","249.0800","17117670.0000","244.7500","251.8700","244.6000"
"2018/02/16","243.8400","15926040.0000","245.4000","250.0000","243.4700"
"2018/02/15","246.5000","17428110.0000","244.7850","248.3700","241.5200"
"2018/02/14","241.4200","18567440.0000","231.0000","242.5925","230.5500"
"2018/02/13","232.6300","15615160.0000","226.5600","234.5000","225.2500"
"2018/02/12","228.0300","27253860.0000","235.3550","235.4800","225.0305"
"2018/02/09","232.0800","41816880.0000","238.2500","238.8900","217.5200"
"2018/02/08","217.5200","27093560.0000","233.8800","235.2200","217.5100"
"2018/02/07","228.8000","20029760.0000","229.5800","234.9700","226.7000"
"2018/02/06","225.5800","27645680.0000","204.4000","225.7000","204.0000"
"2018/02/05","213.7000","28976420.0000","227.0000","233.2300","205.0000"
"2018/02/02","233.5200","17890080.0000","237.0000","237.9700","231.1700"
"2018/02/01","240.5000","12890850.0000","238.5200","246.9000","238.0600"
"2018/01/31","245.8000","11907100.0000","245.7700","249.2700","244.4500"
"2018/01/30","242.7200","14227640.0000","241.1100","246.4200","238.4100"
"2018/01/29","246.8500","11360710.0000","242.7400","248.1100","240.6100"
"2018/01/26","243.3300","12874330.0000","238.1200","243.3400","237.6000"
"2018/01/25","236.3500","10219440.0000","238.0000","239.7500","235.7500"
"2018/01/24","235.8000","14497040.0000","239.0400","240.4936","233.5500"
"2018/01/23","238.9100","11796460.0000","235.8500","239.8300","235.1010"
"2018/01/22","233.6900","13734090.0000","230.4300","233.7600","228.1000"
"2018/01/19","230.1100","14741830.0000","228.0900","231.0900","227.0000"
"2018/01/18","224.4400","10184270.0000","223.9400","226.6400","222.6800"
"2018/01/17","224.7200","13429320.0000","220.7000","225.1200","216.9000"
"2018/01/16","220.1100","17249950.0000","224.0500","227.5100","216.6900"
"2018/01/12","222.9800","8984239.0000","223.6000","224.9900","221.3400"
"2018/01/11","224.0800","9949932.0000","225.0000","226.2700","223.2100"
"2018/01/10","223.6800","14467610.0000","218.2000","223.8200","216.0000"
"2018/01/09","221.9400","12406250.0000","222.2200","223.8200","218.6400"
"2018/01/08","222.0000","21763590.0000","220.4000","225.0000","218.5800"
"2018/01/05","215.4000","14427000.0000","214.1900","216.9100","211.0800"
"2018/01/04","213.5900","14551390.0000","215.7600","218.0500","212.6900"
"2018/01/03","212.4700","22749780.0000","204.1000","213.7000","203.7500"
"2018/01/02","199.3500","8715156.0000","195.7800","199.5000","194.5000"
"2017/12/29","193.5000","6977102.0000","198.4600","198.4600","193.5000"
"2017/12/28","197.4000","5997964.0000","198.1300","199.3800","197.1514"
"2017/12/27","197.1700","8220869.0000","196.9000","199.9700","196.3100"
"2017/12/26","197.4400","8859009.0000","193.0300","197.7500","191.8200"
"2017/12/22","195.2700","11645140.0000","194.4000","195.6500","191.2500"
"2017/12/21","195.8900","7510200.0000","196.9400","197.9500","195.5500"
"2017/12/20","196.8000","7212910.0000","197.7000","198.0700","194.5500"
"2017/12/19","196.1100","9282951.0000","197.5200","197.7300","194.9600"
"2017/12/18","197.9000","11889570.0000","193.2000","198.0200","192.0000"
"2017/12/15","191.5600","16718060.0000","188.2510","192.3800","185.6200"
"2017/12/14","186.4700","10922590.0000","185.9200","189.3400","184.6000"
"2017/12/13","186.1800","13823140.0000","192.5000","192.5500","185.8800"
"2017/12/12","190.8400","11339760.0000","192.9000","193.8400","189.8900"
"2017/12/11","194.6600","9268667.0000","192.0600","194.7800","191.4200"
"2017/12/08","191.4900","11531930.0000","194.0100","194.7800","191.1500"
"2017/12/07","191.9900","13393890.0000","191.9600","193.6000","190.1200"
"2017/12/06","189.2600","11595980.0000","185.7000","190.1400","184.8400"
"2017/12/05","187.7400","24512180.0000","182.4000","192.7000","180.5800"
"2017/12/04","186.6600","30960100.0000","200.0500","200.3000","184.5000"
"2017/12/01","197.6800","20251350.0000","199.3100","200.1300","192.4700"
"2017/11/30","200.7100","20567660.0000","199.2000","202.6800","196.6500"
"2017/11/29","196.4200","34867570.0000","210.0100","210.1226","191.2300"
"2017/11/28","210.7100","12795290.0000","214.3500","214.7300","208.2400"
"2017/11/27","214.1400","10557730.0000","217.3100","217.3600","214.0100"
"2017/11/24","216.9600","4518800.0000","215.5900","217.0000","214.6000"
"2017/11/22","214.9300","8909461.0000","217.0000","217.0000","213.6100"
"2017/11/21","216.0500","9955331.0000","215.6900","216.5200","214.4000"
"2017/11/20","214.0800","9872219.0000","211.9900","214.5700","210.5000"
"2017/11/17","211.3600","12863510.0000","213.9200","215.3500","210.7500"
"2017/11/16","211.6100","10985320.0000","212.9800","214.2000","211.2500"
"2017/11/15","209.9800","12513030.0000","211.9500","212.0000","207.8000"
"2017/11/14","214.1800","13197460.0000","213.0000","214.8000","211.2300"
"2017/11/13","212.6300","14527110.0000","216.1400","217.1700","212.0100"
"2017/11/10","216.1400","31295620.0000","213.0800","218.6700","211.6300"
"2017/11/09","205.3200","23767030.0000","205.2700","206.3300","200.3700"
"2017/11/08","209.1600","13032190.0000","211.8500","212.0000","207.2401"
"2017/11/07","212.0300","10668710.0000","210.5500","212.9000","210.0556"
"2017/11/06","209.6300","9729891.0000","207.2000","209.9800","206.7000"
"2017/11/03","208.6900","8811607.0000","207.2000","208.6900","205.3410"
"2017/11/02","205.9400","8532476.0000","206.0000","207.8100","203.6500"
"2017/11/01","207.2000","12465010.0000","209.3500","209.9700","204.6000"
"2017/10/31","206.8100","10257660.0000","205.1300","207.8900","204.9000"
"2017/10/30","203.8400","12582410.0000","201.8600","206.0899","201.2200"
"2017/10/27","201.8600","14283730.0000","197.8000","201.8700","196.7500"
"2017/10/26","195.6900","8012093.0000","194.7800","196.1600","193.8100"
"2017/10/25","193.6600","20678470.0000","197.0800","199.2200","191.1700"
"2017/10/24","198.6800","10094750.0000","196.9900","198.7500","195.9400"
"2017/10/23","196.6200","10690870.0000","197.7800","198.8500","195.8000"
"2017/10/20","196.9000","11255010.0000","198.4900","199.5900","196.5400"
"2017/10/19","197.8000","14176590.0000","194.4400","198.0000","192.4501"
"2017/10/18","197.5800","14158160.0000","198.1100","198.1400","193.3200"
"2017/10/17","197.7500","11629330.0000","197.0900","198.9000","196.3500"
"2017/10/16","197.9300","14352480.0000","195.8000","198.0480","193.2400"
"2017/10/13","194.5900","15683350.0000","193.5500","195.0000","191.6500"
"2017/10/12","191.0300","13124490.0000","191.0800","193.0900","189.9301"
"2017/10/11","190.9400","13207550.0000","189.6000","191.0000","187.7400"
"2017/10/10","188.9300","24317840.0000","191.4300","192.9500","187.2600"
"2017/10/09","185.3900","14024560.0000","182.7900","186.7300","182.0300"
"2017/10/06","181.3000","7950731.0000","179.6500","181.8400","179.0000"
"2017/10/05","180.7700","10910830.0000","181.8600","182.0000","179.5600"
"2017/10/04","180.8700","10680750.0000","179.6200","181.7700","178.1400"
"2017/10/03","179.3700","9731701.0000","179.2500","180.5800","177.5800"
"2017/10/02","179.0000","12567010.0000","180.8000","181.9800","177.0000"
"2017/09/29","178.7700","15447160.0000","179.0800","179.7300","177.2500"
"2017/09/28","175.6800","10862440.0000","176.0200","176.1800","173.7600"
"2017/09/27","175.7300","17756190.0000","175.6200","176.2700","172.7500"
"2017/09/26","171.9600","27800980.0000","176.4500","178.6800","170.3500"
"2017/09/25","171.0000","21820010.0000","177.7500","177.8000","170.1600"
"2017/09/22","179.0000","12260000.0000","180.3000","182.3100","178.6000"
"2017/09/21","180.7600","26862990.0000","181.6400","182.7000","177.6100"
"2017/09/20","185.8400","17255630.0000","187.5000","189.4200","184.2100"
"2017/09/19","187.3500","21789550.0000","185.5100","189.8500","184.6150"
"2017/09/18","187.5500","41889190.0000","185.1400","191.2000","184.8600"
"2017/09/15","180.1100","33954050.0000","172.8600","180.1100","172.6500"
"2017/09/14","169.4000","12790330.0000","168.7900","172.5600","167.8000"
"2017/09/13","170.3700","14503790.0000","168.5900","171.5400","167.2800"
"2017/09/12","169.6100","10263540.0000","170.0000","170.0000","166.9700"
"2017/09/11","169.0000","14162410.0000","165.5400","169.4325","165.3200"
"2017/09/08","163.6900","12415100.0000","166.1100","166.7100","162.7100"
"2017/09/07","166.5800","8811187.0000","166.4900","167.8900","164.9500"
"2017/09/06","165.8100","9896134.0000","167.2400","167.8000","164.4000"
"2017/09/05","165.9100","17393030.0000","168.3800","168.5843","163.5625"
"2017/09/01","170.4600","11129330.0000","169.9500","171.9000","169.6000"
"2017/08/31","169.4400","15296280.0000","166.5000","169.6000","166.2000"
"2017/08/30","165.6800","9566539.0000","165.5000","166.1300","164.2700"
"2017/08/29","164.7000","8074260.0000","162.5900","165.5800","162.2610"
"2017/08/28","164.9700","9632132.0000","164.5800","165.1000","162.3300"
"2017/08/25","163.8100","8909839.0000","166.1700","166.5800","163.5500"
"2017/08/24","165.1900","11721550.0000","167.1000","167.2800","164.1200"
"2017/08/23","165.8000","14461390.0000","161.2000","166.2500","160.8500"
"2017/08/22","162.5500","11230960.0000","160.4900","162.7900","159.7100"
"2017/08/21","159.1500","15562680.0000","162.4900","162.9500","157.3700"
"2017/08/18","161.5000","15005450.0000","163.6700","164.3600","159.6400"
"2017/08/17","161.4700","13040050.0000","164.8100","165.5000","161.3800"
"2017/08/16","165.1500","14877350.0000","167.5900","168.5400","163.8400"
"2017/08/15","166.9800","19078830.0000","168.6100","169.6700","165.5900"
"2017/08/14","168.4000","31882960.0000","159.6700","168.5500","159.2000"
"2017/08/11","155.9600","37380870.0000","157.1400","159.0000","152.9100"
"2017/08/10","164.7400","31552260.0000","172.1600","172.6600","164.3300"
"2017/08/09","172.1100","13182060.0000","168.4300","172.2100","167.6700"
"2017/08/08","170.3000","18793550.0000","173.8900","174.5600","168.7100"
"2017/08/07","172.3500","17856530.0000","168.3900","172.3700","168.0000"
"2017/08/04","167.2100","14705460.0000","167.4000","170.0700","166.4800"
"2017/08/03","166.4800","10994270.0000","164.3700","166.6300","163.6800"
"2017/08/02","164.3900","11640910.0000","165.7500","165.9100","161.2700"
"2017/08/01","164.4900","10727960.0000","162.1250","164.5600","161.0000"
"2017/07/31","162.5100","13951690.0000","164.9400","166.4000","160.6200"
"2017/07/28","164.3900","12820470.0000","160.2900","165.3800","159.2800"
"2017/07/27","161.7400","19071720.0000","168.2700","168.7400","157.5600"
"2017/07/26","167.2600","15892920.0000","167.6800","169.9270","165.8500"
"2017/07/25","165.3500","12329290.0000","165.2200","165.9300","163.5810"
"2017/07/24","166.1500","16207590.0000","168.3900","168.7800","165.7200"
"2017/07/21","168.1000","15955320.0000","166.6700","169.3000","166.0900"
"2017/07/20","167.5000","17404150.0000","165.9300","167.5100","163.9121"
"2017/07/19","165.1000","17110540.0000","166.3300","167.4000","164.6100"
"2017/07/18","165.9600","19386870.0000","161.7800","166.5500","161.3000"
"2017/07/17","164.2500","23138510.0000","166.3300","167.5000","161.7500"
"2017/07/14","164.9500","23507460.0000","161.2900","165.0100","161.0100"
"2017/07/13","160.6300","34184510.0000","163.0000","166.3000","158.7500"
"2017/07/12","162.5100","28481300.0000","158.3000","163.0000","156.5600"
"2017/07/11","155.8800","18916660.0000","153.8500","156.1900","152.1500"
"2017/07/10","153.7000","23880090.0000","149.7400","154.0000","148.6842"
"2017/07/07","146.7600","16279330.0000","145.7800","147.5000","144.8500"
"2017/07/06","143.4800","18621640.0000","141.8700","145.3799","139.7600"
"2017/07/05","143.0500","20474440.0000","141.9000","144.2200","141.1300"
"2017/07/03","139.3300","17726820.0000","145.0500","145.6537","138.5800"
"2017/06/30","144.5600","18234420.0000","147.3800","147.9300","143.5000"
"2017/06/29","146.6800","26519760.0000","150.6000","150.7200","144.0800"
"2017/06/28","151.7500","24828980.0000","149.3200","151.9400","145.7500"
"2017/06/27","146.5800","24948080.0000","151.4400","151.7900","146.3500"
"2017/06/26","152.1500","26577210.0000","155.1600","156.6000","148.3300"
"2017/06/23","153.8300","27171310.0000","158.6800","159.3200","153.2200"
"2017/06/22","158.3700","11708810.0000","159.8000","160.3400","157.4000"
"2017/06/21","159.4700","17004300.0000","158.2100","159.6200","155.7000"
"2017/06/20","157.0900","27348820.0000","159.0300","161.7400","156.9200"
"2017/06/19","157.3200","19333250.0000","153.4100","157.5300","153.2600"
"2017/06/16","151.6200","23019850.0000","152.7600","154.7000","150.2400"
"2017/06/15","152.3700","23993820.0000","146.9600","153.6000","146.5000"
"2017/06/14","151.7200","29514910.0000","151.5200","154.0600","148.5000"
"2017/06/13","151.4000","41739130.0000","154.4000","154.7700","145.6500"
"2017/06/12","149.9700","42268800.0000","145.8800","151.7000","142.1100"
"2017/06/09","149.6000","92203290.0000","164.7400","168.5000","142.7500"
"2017/06/08","159.9400","28761130.0000","153.4600","160.0000","151.7900"
"2017/06/07","149.1200","15165090.0000","148.3300","149.8800","147.7000"
"2017/06/06","147.3400","18932650.0000","147.8200","149.6900","146.8000"
"2017/06/05","148.0100","20399520.0000","142.9800","148.5300","142.5100"
"2017/06/02","143.6400","12173870.0000","144.2400","145.3000","143.4000"
"2017/06/01","144.3600","12509070.0000","144.9900","145.0300","142.5200"
"2017/05/31","144.3500","22094180.0000","146.6900","147.0000","142.0500"
"2017/05/30","144.8700","24689640.0000","143.7000","146.2911","143.0500"
"2017/05/26","141.8400","19449620.0000","137.9300","145.2800","137.1100"
"2017/05/25","138.2600","15184120.0000","140.0000","140.0300","136.4400"
"2017/05/24","138.5700","20415470.0000","140.9600","141.0700","138.0800"
"2017/05/23","137.0300","17013190.0000","139.7000","139.7900","135.7100"
"2017/05/22","138.9000","20883530.0000","137.7700","139.4800","137.3300"
"2017/05/19","136.0000","25292670.0000","137.0250","138.2200","135.2200"
"2017/05/18","133.0700","28831610.0000","129.5000","133.4300","127.0500"
"2017/05/17","127.7200","31705980.0000","134.1000","134.8600","127.5500"
"2017/05/16","136.8100","27972220.0000","136.3800","137.4400","133.3635"
"2017/05/15","134.3100","27089540.0000","129.5600","134.4100","129.3800"
"2017/05/12","127.8900","24042750.0000","126.6300","129.6000","125.7800"
"2017/05/11","126.5000","48380250.0000","120.0500","130.4300","119.9100"
"2017/05/10","121.2900","53131470.0000","114.2900","121.8200","114.0200"
"2017/05/09","102.9400","18674700.0000","103.0000","104.9300","102.6600"
"2017/05/08","102.7700","9112749.0000","104.3400","104.4000","102.3100"
"2017/05/05","103.8600","5695509.0000","103.3800","104.1500","102.7500"
"2017/05/04","103.8500","5239247.0000","104.5000","104.9500","103.5300"
"2017/05/03","104.2500","8401113.0000","103.2000","104.6400","102.6000"
"2017/05/02","103.4800","15614100.0000","105.5500","105.5955","102.5600"
"2017/05/01","106.6400","7670010.0000","104.7400","106.8500","104.4500"
"2017/04/28","104.3000","8685805.0000","105.3600","105.6400","104.0700"
"2017/04/27","105.6400","7984296.0000","104.3200","105.9800","103.5900"
"2017/04/26","104.0200","8164377.0000","105.2900","105.3900","103.9400"
"2017/04/25","104.7400","9702363.0000","103.5400","105.3300","102.6700"
"2017/04/24","102.9500","9286851.0000","102.9600","103.4800","102.1100"
"2017/04/21","101.6800","8539455.0000","100.8400","101.7900","100.3600"
"2017/04/20","101.2600","10093720.0000","100.2700","101.4464","99.4100"
"2017/04/19","99.6800","9515806.0000","100.0000","100.9800","99.4100"
"2017/04/18","99.2900","9240700.0000","98.6500","99.5400","97.6000"
"2017/04/17","99.2300","12414430.0000","96.0100","99.2400","95.8000"
"2017/04/13","95.4900","12655650.0000","96.3300","97.2100","95.4900"
"2017/04/12","97.3100","10340860.0000","98.1200","98.7000","97.1000"
"2017/04/11","98.1200","15432390.0000","96.5500","98.8999","96.3500"
"2017/04/10","97.7700","18878910.0000","100.3600","100.6300","97.6000"
"2017/04/07","100.3300","10630300.0000","101.0200","101.7300","99.7200"
"2017/04/06","100.7600","15861090.0000","100.2400","101.2500","98.4100"
"2017/04/05","100.0300","18651000.0000","100.0150","102.3700","99.5000"
"2017/04/04","100.7800","31683750.0000","103.4000","104.4200","100.3400"
"2017/04/03","108.3800","11124270.0000","108.9500","109.6500","107.4200"
"2017/03/31","108.9300","11012590.0000","109.0100","109.8900","108.4021"
"2017/03/30","109.4000","13105290.0000","107.6300","110.0000","107.4000"
"2017/03/29","107.3400","8740474.0000","107.9900","108.4900","107.2500"
"2017/03/28","107.6900","10806930.0000","108.3000","108.8900","107.2700"
"2017/03/27","108.2500","12654770.0000","105.5800","108.4050","103.5750"
"2017/03/24","107.4700","10977180.0000","108.9700","109.2900","106.4200"
"2017/03/23","107.0900","13315540.0000","107.7500","108.5572","106.7000"
"2017/03/22","108.0700","15377930.0000","105.4600","108.2600","105.3000"
"2017/03/21","105.9100","22808640.0000","108.7500","109.9600","105.5850"
"2017/03/20","109.4500","18673970.0000","106.7800","109.6100","106.1300"
"2017/03/17","106.0700","27946550.0000","104.5200","106.1200","103.8100"
"2017/03/16","103.8100","12986500.0000","102.9800","103.8300","102.4100"
"2017/03/15","102.5500","15351940.0000","102.2500","102.9900","100.3200"
"2017/03/14","101.7800","12998010.0000","102.3700","102.7500","100.4700"
"2017/03/13","101.8500","19311040.0000","99.5400","102.2500","99.5100"
"2017/03/10","99.1200","12480320.0000","99.6100","100.0900","98.3800"
"2017/03/09","98.5400","11939160.0000","97.9100","99.4500","97.4000"
"2017/03/08","98.5600","15525000.0000","100.7000","101.3000","98.4700"
"2017/03/07","98.7400","15069350.0000","97.6700","99.5300","97.1500"
"2017/03/06","97.6700","22077110.0000","96.9600","98.1000","95.1700"
"2017/03/03","98.4300","21624410.0000","98.5700","98.7700","96.2200"
"2017/03/02","99.0000","18829870.0000","102.2700","102.8400","98.8900"
"2017/03/01","102.7900","12607110.0000","103.7900","104.3700","101.1100"
"2017/02/28","101.4800","15620970.0000","104.8000","105.2000","100.7750"
"2017/02/27","104.4100","17874210.0000","102.2000","105.0200","101.5600"
"2017/02/24","101.4600","25720120.0000","97.0700","102.0000","95.7000"
"2017/02/23","100.4900","39555170.0000","105.5000","106.3900","99.6800"
"2017/02/22","110.7600","10659750.0000","111.4200","111.8000","109.9900"
"2017/02/21","111.0700","13786420.0000","108.2300","111.2300","108.2200"
"2017/02/17","107.2300","14074810.0000","106.7000","107.4100","104.7900"
"2017/02/16","107.2500","16153580.0000","109.3900","109.4400","105.6600"
"2017/02/15","109.0000","9312927.0000","108.9000","109.8000","107.7600"
"2017/02/14","108.7800","21256460.0000","107.9900","110.1500","106.2900"
"2017/02/13","108.3800","29455490.0000","113.3900","113.9800","108.2000"
"2017/02/10","113.6200","41248940.0000","119.9300","120.7000","112.6000"
"2017/02/09","116.3800","19951340.0000","118.8600","119.0600","115.6000"
"2017/02/08","118.6100","11223660.0000","118.4000","119.3100","116.3800"
"2017/02/07","119.1300","18630700.0000","118.7000","120.9200","117.9000"
"2017/02/06","117.3100","12650210.0000","114.0000","117.3261","114.0000"
"2017/02/03","114.3800","9312747.0000","115.4500","115.9000","113.9000"
"2017/02/02","115.3900","12066680.0000","113.3000","115.7400","112.0600"
"2017/02/01","113.9500","14711400.0000","110.5800","114.1200","109.8600"
"2017/01/31","109.1800","9051165.0000","108.9500","110.0500","108.2000"
"2017/01/30","110.0200","12391600.0000","110.9200","111.0100","107.9106"
"2017/01/27","111.7700","11781810.0000","109.9300","111.8900","108.8500"
"2017/01/26","109.6500","11459510.0000","107.9000","109.9500","106.7000"
"2017/01/25","107.7900","13074460.0000","109.0500","109.3000","106.3346"
"2017/01/24","107.3300","10666670.0000","105.5000","107.5800","104.9000"
"2017/01/23","105.0900","9154650.0000","103.8000","105.9000","103.7000"
"2017/01/20","104.0100","12267130.0000","106.0800","106.8000","103.1200"
"2017/01/19","105.1600","16106060.0000","103.0700","106.4600","102.9800"
"2017/01/18","102.9500","16335480.0000","100.2400","103.2300","99.1100"
"2017/01/17","101.1100","14508510.0000","103.0000","103.2000","100.5700"
"2017/01/13","103.4300","11437580.0000","103.6000","105.0000","103.0600"
"2017/01/12","103.4400","15626860.0000","104.2300","104.7000","101.6200"
"2017/01/11","105.1600","13128250.0000","106.0000","106.2000","104.1500"
"2017/01/10","106.4700","21987360.0000","107.8100","109.1900","105.6300"
"2017/01/09","107.2800","22880420.0000","103.5000","108.0000","103.5000"
"2017/01/06","103.1000","20561990.0000","102.8500","104.2500","101.2000"
"2017/01/05","101.7400","24587160.0000","104.5300","105.8200","101.0500"
"2017/01/04","104.3900","29937860.0000","103.4000","105.5000","101.5300"
"2017/01/03","102.0100","37508820.0000","104.4000","106.3700","99.3800"
"2016/12/30","106.7400","30280640.0000","111.3500","111.9200","106.3000"
"2016/12/29","111.4300","54139730.0000","104.9000","111.4900","102.8000"
"2016/12/28","109.2500","57125760.0000","119.6000","119.9300","108.6900"
"2016/12/27","117.3200","29735840.0000","112.0600","117.3600","111.2200"
"2016/12/23","109.7800","16181290.0000","106.3800","109.8350","106.2700"
"2016/12/22","107.1100","17954820.0000","106.8200","108.8700","106.5300"
"2016/12/21","105.8300","14391730.0000","105.6400","105.9500","103.7100"
"2016/12/20","105.1700","21173160.0000","104.5800","106.1300","104.1200"
"2016/12/19","101.6300","18606620.0000","99.7000","102.4499","99.0000"
"2016/12/16","100.4100","27214750.0000","99.8300","100.7000","97.7260"
"2016/12/15","98.7100","18655670.0000","96.9000","99.9400","96.6000"
"2016/12/14","96.4500","24578270.0000","92.5400","97.1100","91.5700"
"2016/12/13","91.1700","9653647.0000","90.0900","92.2900","90.0500"
"2016/12/12","89.5900","15020190.0000","89.8500","89.9500","87.5400"
"2016/12/09","91.8200","9554996.0000","94.2000","94.2700","90.7100"
"2016/12/08","93.4800","9533009.0000","95.1900","96.6200","93.0531"
"2016/12/07","95.0700","12008320.0000","92.8400","95.3000","92.1000"
"2016/12/06","93.3900","12457400.0000","92.2100","93.7300","91.5700"
"2016/12/05","91.8800","15041620.0000","89.9900","92.6100","89.0000"
"2016/12/02","88.4500","11945200.0000","86.2500","88.8000","85.1200"
"2016/12/01","87.6400","25873850.0000","92.1000","92.1700","84.7700"
"2016/11/30","92.2000","10999960.0000","93.6000","94.1600","92.1000"
"2016/11/29","93.2500","11104490.0000","94.0000","94.4400","92.5300"
"2016/11/28","94.1100","6961269.0000","93.8700","94.7400","93.6000"
"2016/11/25","94.1600","4889078.0000","94.4200","95.1000","93.4100"
"2016/11/23","93.9700","11074870.0000","93.7200","95.2499","92.7700"
"2016/11/22","93.6500","8249939.0000","93.3000","93.7396","92.3800"
"2016/11/21","92.9800","10904560.0000","94.0900","94.3500","92.4000"
"2016/11/18","93.3600","14386820.0000","92.3900","94.3300","91.8000"
"2016/11/17","92.3900","20810700.0000","92.3100","94.7923","90.6500"
"2016/11/16","91.6300","24684400.0000","87.3400","92.5550","86.3452"
"2016/11/15","86.1900","15595900.0000","84.2900","87.4500","83.9300"
"2016/11/14","83.6400","33707000.0000","88.0900","88.1900","83.6200"
"2016/11/11","87.9700","54362450.0000","79.5100","88.7700","78.5000"
"2016/11/10","67.7700","20687310.0000","71.4900","71.5000","66.7600"
"2016/11/09","69.9600","11403280.0000","69.2300","70.9000","68.7200"
"2016/11/08","71.1600","10723830.0000","71.5400","71.7700","70.5000"
"2016/11/07","71.2700","12185850.0000","69.5500","71.7200","69.5000"
"2016/11/04","67.5700","8210545.0000","67.5100","68.7305","66.5750"
"2016/11/03","67.9600","7728528.0000","69.0800","69.1400","66.6400"
"2016/11/02","68.7600","7389656.0000","69.5800","70.5200","68.6355"
"2016/11/01","69.0500","11821160.0000","71.4200","71.8100","68.2900"
"2016/10/31","71.1600","6305174.0000","70.7900","71.6250","70.7500"
"2016/10/28","70.5600","7263016.0000","71.0200","72.1000","70.4300"
"2016/10/27","70.6800","9713501.0000","72.7100","72.8500","70.3850"
"2016/10/26","72.1600","8341729.0000","71.2700","72.9500","71.2000"
"2016/10/25","71.8700","9919476.0000","70.5900","72.3000","70.2500"
"2016/10/24","70.7100","8491206.0000","68.0000","70.7900","67.9900"
"2016/10/21","67.5400","6986932.0000","67.4900","67.6600","66.9000"
"2016/10/20","67.7300","7797116.0000","67.2500","67.9500","66.3000"
"2016/10/19","66.4700","4963452.0000","66.1600","66.7800","65.8200"
"2016/10/18","66.6100","6722654.0000","66.5200","66.9900","66.2500"
"2016/10/17","65.6100","4876561.0000","65.9800","66.6000","65.5200"
"2016/10/14","65.9900","8264837.0000","66.1500","66.6000","65.6000"
"2016/10/13","65.3500","9750535.0000","65.6500","65.8000","63.7000"
"2016/10/12","66.4300","10490910.0000","65.8600","66.7791","65.3100"
"2016/10/11","66.1300","9703113.0000","66.8800","66.9800","65.6200"
"2016/10/10","67.1000","7183885.0000","67.2000","67.5600","66.4700"
"2016/10/07","66.8500","7153233.0000","67.7900","67.9700","66.6600"
"2016/10/06","67.3400","8991473.0000","67.4100","67.8300","66.2600"
"2016/10/05","68.2300","7544690.0000","68.8800","69.5800","68.0200"
"2016/10/04","68.3000","7037180.0000","68.5500","69.7000","67.7900"
"2016/10/03","68.4500","6062466.0000","68.5200","69.5100","68.3310"
"2016/09/30","68.5200","10745330.0000","67.7700","69.1900","67.3700"
"2016/09/29","67.4000","8411200.0000","66.6700","67.6100","66.0514"
"2016/09/28","66.7800","7994256.0000","66.6400","66.8300","65.9300"
"2016/09/27","66.5400","10062720.0000","64.0900","66.6400","64.0600"
"2016/09/26","64.3400","5745935.0000","64.2100","64.6000","63.5300"
"2016/09/23","64.9500","6903061.0000","65.1000","65.2900","64.6600"
"2016/09/22","65.0200","7700064.0000","65.2400","65.4400","64.6500"
"2016/09/21","64.8600","8402603.0000","63.2800","64.9800","63.2700"
"2016/09/20","63.0900","8266230.0000","64.4000","64.4000","62.7400"
"2016/09/19","63.6700","10408900.0000","63.5000","65.2600","63.2100"
"2016/09/16","62.8400","22559810.0000","62.9100","63.2500","62.1200"
"2016/09/15","62.6900","12881520.0000","60.5000","62.7600","60.3600"
"2016/09/14","60.4000","7980312.0000","60.0100","60.6000","59.5100"
"2016/09/13","59.8700","11773360.0000","60.6000","61.3000","59.5300"
"2016/09/12","60.7500","14938740.0000","58.7300","60.8650","57.3150"
"2016/09/09","59.5200","17437500.0000","61.9500","62.3000","59.0000"
"2016/09/08","62.6400","7874553.0000","62.1300","62.7400","61.4200"
"2016/09/07","62.1900","9942178.0000","62.9200","63.2285","61.8300"
"2016/09/06","63.1200","7646961.0000","62.7500","63.1200","62.4290"
"2016/09/02","62.5300","8077205.0000","63.2800","63.3500","61.8200"
"2016/09/01","63.1500","10707960.0000","61.3900","63.3800","61.3400"
"2016/08/31","61.3400","9706761.0000","61.7500","61.9200","61.1600"
"2016/08/30","61.6300","7135670.0000","61.9100","62.2426","61.4600"
"2016/08/29","61.9900","6861156.0000","62.2800","62.5300","61.8850"
"2016/08/26","62.0300","7496162.0000","61.6900","62.3800","61.2000"
"2016/08/25","61.5300","10142590.0000","61.9600","61.9900","60.7600"
"2016/08/24","61.9400","7456880.0000","63.1300","63.1600","61.6500"
"2016/08/23","62.9100","8485669.0000","63.0400","63.3200","62.7300"
"2016/08/22","62.5200","6116999.0000","62.4500","62.6120","61.7110"
"2016/08/19","62.2600","7281832.0000","62.0700","62.7300","61.8000"
"2016/08/18","62.1000","8285031.0000","61.0600","62.2000","60.8200"
"2016/08/17","61.1500","14876310.0000","62.6000","62.7400","60.6550"
"2016/08/16","62.6000","7190588.0000","62.8900","62.9900","62.4100"
"2016/08/15","62.9800","14327290.0000","63.1100","63.4964","62.1302"
"2016/08/12","63.0400","35620280.0000","61.9000","63.3800","60.6300"
"2016/08/11","59.7000","16720840.0000","58.8200","59.9500","58.7000"
"2016/08/10","58.5100","9377007.0000","59.4100","59.5000","58.3237"
"2016/08/09","58.8900","9302198.0000","59.0300","59.4600","58.7400"
"2016/08/08","58.7400","7619657.0000","59.0000","59.1400","58.1200"
"2016/08/05","58.2000","9287250.0000","57.8900","58.2300","57.6100"
"2016/08/04","57.2300","6801407.0000","56.4600","57.4900","56.3500"
"2016/08/03","56.1900","7471585.0000","55.9700","56.3000","55.6600"
"2016/08/02","56.0400","7037858.0000","57.0000","57.0300","55.5000"
"2016/08/01","56.7300","7483607.0000","57.3400","57.5500","56.3600"
"2016/07/29","57.1000","10238130.0000","56.3900","57.2500","55.3800"
"2016/07/28","56.1800","5521195.0000","56.1900","56.6000","56.0137"
"2016/07/27","56.0600","11148780.0000","57.1200","57.2200","55.7200"
"2016/07/26","56.6300","12851430.0000","56.1700","56.9200","56.0900"
"2016/07/25","55.6800","7811128.0000","55.0000","55.8100","54.7600"
"2016/07/22","54.6700","7893017.0000","53.4100","54.6700","53.0200"
"2016/07/21","53.2200","9030995.0000","54.1000","54.2700","53.0400"
"2016/07/20","54.2200","7407687.0000","53.7000","54.5050","53.4800"
"2016/07/19","53.5200","9565107.0000","52.9400","53.7293","52.8400"
"2016/07/18","52.9700","6307341.0000","53.3500","53.4300","52.7700"
"2016/07/15","52.7000","10708740.0000","52.6400","52.9350","51.8410"
"2016/07/14","53.3200","7915882.0000","53.0600","53.8000","52.6200"
"2016/07/13","52.7800","8110763.0000","52.9000","53.2000","52.7000"
"2016/07/12","52.8000","10916430.0000","52.6000","53.2800","51.9400"
"2016/07/11","52.0200","11216600.0000","51.5800","52.4000","51.5200"
"2016/07/08","50.8500","12046170.0000","49.4100","51.0910","49.2200"
"2016/07/07","48.8900","9876120.0000","47.9700","49.0600","47.7500"
"2016/07/06","47.6500","6809474.0000","47.0200","47.9250","46.7800"
"2016/07/05","47.3500","9263345.0000","46.4000","47.4300","46.0300"
"2016/07/01","46.6600","5462048.0000","46.7500","47.3600","46.5000"
"2016/06/30","47.0100","10746720.0000","46.7300","47.3000","46.3500"
"2016/06/29","46.6500","7965538.0000","46.3000","47.0100","46.1800"
"2016/06/28","45.9000","9535051.0000","46.1000","46.1499","45.2700"
"2016/06/27","45.2400","11242870.0000","45.3500","45.7000","44.5700"
"2016/06/24","45.7300","25437510.0000","46.5000","47.3600","45.3000"
"2016/06/23","48.4900","7438020.0000","47.6800","48.5400","47.6500"
"2016/06/22","47.2300","5043816.0000","47.3700","47.6800","47.1500"
"2016/06/21","47.2700","5292266.0000","47.7600","47.8900","47.2000"
"2016/06/20","47.5600","7324196.0000","47.4700","48.1700","47.4400"
"2016/06/17","46.7200","11770950.0000","47.6100","47.6200","46.5300"
"2016/06/16","47.5500","6156518.0000","47.0100","47.6300","46.5510"
"2016/06/15","47.3600","7503918.0000","47.2700","47.7700","46.7500"
"2016/06/14","46.8800","7447111.0000","46.6800","47.1000","46.1550"
"2016/06/13","46.7900","11888250.0000","46.2500","47.6986","46.2500"
"2016/06/10","46.2000","9998942.0000","46.8200","47.2400","46.1400"
"2016/06/09","47.3800","11798570.0000","46.0200","47.4500","45.9200"
"2016/06/08","46.1800","5857931.0000","46.3400","46.5100","45.8000"
"2016/06/07","46.3300","4829112.0000","46.5200","46.7800","46.3100"
"2016/06/06","46.2400","8040066.0000","46.6000","46.9600","46.0000"
"2016/06/03","46.4800","11525580.0000","46.6800","46.7400","45.6600"
"2016/06/02","47.1400","8200177.0000","47.0600","47.5400","46.6000"
"2016/06/01","46.8100","9664611.0000","46.5000","47.2600","46.3600"
"2016/05/31","46.7200","10291400.0000","46.1000","46.8150","46.0700"
"2016/05/27","45.9000","6934092.0000","45.7000","45.9700","45.5500"
"2016/05/26","45.6500","7733591.0000","45.2500","45.9800","45.1200"
"2016/05/25","45.1700","11456330.0000","45.5000","45.6900","44.8100"
"2016/05/24","45.3600","10392280.0000","44.4200","45.5000","44.3000"
"2016/05/23","44.4000","10335990.0000","44.5200","44.6900","44.1300"
"2016/05/20","44.3300","9767772.0000","43.8200","44.5100","43.7500"
"2016/05/19","43.5500","9971735.0000","43.1900","43.8586","43.1300"
"2016/05/18","43.3600","13523970.0000","42.0000","43.8500","42.0000"
"2016/05/17","42.2800","15703560.0000","42.0000","42.5800","41.4601"
"2016/05/16","42.1900","24309450.0000","40.6700","42.8000","40.5400"
"2016/05/13","40.9800","52739240.0000","39.1900","41.0000","39.0000"
"2016/05/12","35.5700","16476690.0000","36.3200","36.4800","34.9300"
"2016/05/11","36.0600","8179029.0000","36.0700","36.4600","35.8700"
"2016/05/10","35.9600","6721589.0000","35.5000","36.0200","35.1600"
"2016/05/09","35.2800","8317419.0000","35.4200","35.5700","34.9900"
"2016/05/06","35.3300","4579228.0000","34.9100","35.4250","34.8400"
"2016/05/05","34.9700","6167013.0000","35.0500","35.3800","34.7100"
"2016/05/04","34.7600","13143910.0000","35.1400","35.1700","34.4000"
"2016/05/03","35.5700","5600585.0000","35.5900","35.7400","35.2610"
"2016/05/02","36.0000","6401838.0000","35.8700","36.2200","35.7000"
"2016/04/29","35.5300","8046832.0000","36.0500","36.1300","35.1400"
"2016/04/28","36.2000","9530203.0000","37.0800","37.3000","36.1100"
"2016/04/27","37.3100","8807215.0000","36.3900","37.3300","36.3230"
"2016/04/26","36.4800","5361348.0000","36.6700","37.0900","36.3200"
"2016/04/25","36.4500","4799739.0000","36.2800","36.6500","36.1800"
"2016/04/22","36.2700","5587298.0000","36.5300","36.7800","36.1450"
"2016/04/21","36.4100","4451850.0000","36.4600","36.6300","36.2500"
"2016/04/20","36.4500","5004408.0000","36.2500","36.6700","36.2100"
"2016/04/19","36.3100","7723813.0000","37.1100","37.1800","36.0800"
"2016/04/18","36.9700","7682758.0000","37.0600","37.0600","36.6100"
"2016/04/15","37.1300","10924070.0000","36.8300","37.4600","36.7120"
"2016/04/14","36.8400","10411130.0000","36.6400","37.0000","36.4900"
"2016/04/13","36.7400","8767486.0000","36.0000","36.7500","36.0000"
"2016/04/12","35.8400","7315391.0000","36.0000","36.0500","35.1400"
"2016/04/11","35.8800","9685544.0000","35.8700","36.4700","35.7600"
"2016/04/08","35.6600","6398373.0000","35.7200","35.9500","35.3050"
"2016/04/07","35.4300","9452069.0000","35.5700","35.8900","35.2800"
"2016/04/06","35.8000","11331540.0000","35.3000","35.8200","34.6300"
"2016/04/05","35.7500","8482847.0000","35.4800","36.0800","35.3400"
"2016/04/04","35.8000","9848541.0000","36.4500","36.6400","35.6600"
"2016/04/01","36.1500","8701021.0000","35.4100","36.1700","35.1400"
"2016/03/31","35.6300","9495247.0000","35.9200","36.0000","35.3500"
"2016/03/30","35.7600","9411942.0000","35.5200","36.2500","35.5000"
"2016/03/29","35.3900","6544993.0000","34.6800","35.4700","34.6000"
"2016/03/28","34.8300","6277015.0000","34.4200","34.9800","34.3800"
"2016/03/24","34.4800","6123604.0000","34.1200","34.5400","34.0100"
"2016/03/23","34.4300","10724620.0000","34.0000","34.6800","33.8500"
"2016/03/22","33.8500","6049366.0000","33.8000","34.0850","33.4300"
"2016/03/21","33.9100","8444339.0000","33.5100","33.9200","33.1500"
"2016/03/18","33.8100","13637610.0000","33.2100","34.2500","33.0000"
"2016/03/17","32.8200","8841135.0000","32.9800","33.1400","32.3739"
"2016/03/16","33.1000","9088670.0000","31.9000","33.2100","31.7500"
"2016/03/15","32.1400","5655005.0000","32.1300","32.3400","31.5700"
"2016/03/14","32.3000","4757764.0000","32.0700","32.4300","31.9200"
"2016/03/11","32.2200","6934651.0000","32.1500","32.2300","31.7700"
"2016/03/10","31.6800","7151977.0000","31.9200","32.1000","31.0400"
"2016/03/09","31.7300","5569603.0000","32.0300","32.0750","31.3200"
"2016/03/08","31.7500","6873378.0000","32.0100","32.2000","31.6450"
"2016/03/07","32.3400","6005231.0000","32.3700","32.5900","31.9150"
"2016/03/04","32.5500","4382584.0000","32.9000","32.9300","32.3000"
"2016/03/03","32.6500","7546417.0000","32.9000","33.0400","32.2100"
"2016/03/02","32.9400","5846707.0000","32.5700","33.0600","32.5100"
"2016/03/01","32.7500","8715012.0000","31.4400","32.7500","31.3900"
"2016/02/29","31.3600","8083499.0000","31.6100","32.0200","31.3400"
"2016/02/26","31.6800","9048098.0000","32.0400","32.1162","31.3600"
"2016/02/25","31.8900","8740267.0000","31.9400","32.0500","31.3200"
"2016/02/24","31.8200","8420680.0000","31.4700","31.8679","30.6000"
"2016/02/23","31.6000","9233330.0000","31.2700","31.9000","31.1200"
"2016/02/22","31.5200","11241320.0000","30.8800","31.8700","30.8200"
"2016/02/19","30.4400","13136030.0000","29.8800","30.7100","29.6500"
"2016/02/18","30.0400","26715700.0000","29.9300","30.9750","29.9000"
"2016/02/17","27.6600","19157140.0000","27.3300","27.9200","27.2200"
"2016/02/16","26.9900","12122030.0000","26.1000","27.0300","26.0200"
"2016/02/12","25.7300","8520355.0000","25.7000","25.7800","24.7500"
"2016/02/11","25.3000","8503497.0000","24.7800","25.5600","24.7800"
"2016/02/10","25.4300","8394980.0000","25.6500","26.3900","25.2900"
"2016/02/09","25.4900","10633990.0000","24.9200","26.5500","24.8000"
"2016/02/08","25.2200","15220490.0000","26.0300","26.1600","24.8500"
"2016/02/05","26.4300","15009110.0000","28.0200","28.3300","26.3500"
"2016/02/04","28.2100","8703432.0000","28.2400","28.8500","27.9300"
"2016/02/03","28.2000","8169351.0000","28.2800","28.4500","27.5500"
"2016/02/02","28.0600","8547710.0000","29.0000","29.1500","27.8600"
"2016/02/01","29.3000","7246899.0000","29.2600","29.4500","29.0100"
"2016/01/29","29.2900","7761187.0000","28.2900","29.3450","28.1800"
"2016/01/28","28.0500","6919451.0000","28.5900","28.6900","27.5000"
"2016/01/27","28.3600","5791878.0000","28.6600","28.7450","27.8150"
"2016/01/26","28.7000","5699182.0000","28.4800","28.8200","28.1850"
"2016/01/25","28.4200","6765203.0000","28.4400","28.7650","28.3550"
"2016/01/22","28.4500","6449860.0000","28.3300","28.6400","28.2700"
"2016/01/21","27.8000","12036410.0000","27.7800","28.2300","27.2100"
"2016/01/20","27.4800","12029440.0000","26.8100","27.8300","26.4500"
"2016/01/19","27.3300","11343130.0000","27.6700","28.4500","27.2150"
"2016/01/15","27.1100","21034100.0000","27.5200","27.8500","26.6400"
"2016/01/14","28.6700","15002440.0000","28.6600","29.0000","27.8200"
"2016/01/13","29.2600","12041680.0000","30.4100","30.6100","29.2300"
"2016/01/12","30.1800","11731090.0000","30.2100","30.6200","29.9700"
"2016/01/11","29.6800","10234590.0000","29.6600","29.8900","29.1500"
"2016/01/08","29.6300","9959732.0000","30.6700","30.7000","29.5650"
"2016/01/07","30.2800","16129550.0000","30.7400","30.9530","29.8800"
"2016/01/06","31.5300","11230200.0000","32.3500","32.5000","31.1600"
"2016/01/05","32.8900","12237080.0000","32.9800","33.4400","32.5000"
"2016/01/04","32.3700","8950439.0000","32.2900","32.5800","32.0400"
"2015/12/31","32.9600","3713198.0000","33.3400","33.4900","32.9600"
"2015/12/30","33.3900","4505488.0000","33.6500","33.9400","33.3800"
"2015/12/29","33.6800","5090847.0000","33.1600","33.7800","33.0700"
"2015/12/28","33.1400","3550645.0000","32.8200","33.1400","32.3600"
"2015/12/24","33.1700","1311231.0000","32.9600","33.2500","32.9100"
"2015/12/23","33.0550","3062937.0000","32.9800","33.1850","32.9200"
"2015/12/22","32.9300","3235886.0000","33.0000","33.2600","32.7300"
"2015/12/21","32.8950","7105273.0000","32.4900","32.9300","32.2000"
"2015/12/18","32.1400","9760960.0000","32.4400","32.7700","32.1000"
"2015/12/17","32.6700","6353644.0000","33.2200","33.5600","32.6500"
"2015/12/16","33.1700","5906141.0000","33.0400","33.2800","32.7500"
"2015/12/15","32.9700","7674458.0000","32.9400","33.2000","32.7600"
"2015/12/14","32.5700","6905244.0000","32.5200","32.7500","32.1800"
"2015/12/11","32.4900","5682538.0000","32.6500","32.8800","32.4200"
"2015/12/10","32.9800","5912877.0000","32.8100","33.1600","32.7000"
"2015/12/09","32.7100","9316871.0000","33.5500","33.7500","32.3700"
"2015/12/08","33.5600","7862029.0000","32.7000","33.7000","32.4900"
"2015/12/07","33.1100","8337594.0000","33.7400","33.7400","33.0100"
"2015/12/04","33.7500","11467040.0000","32.4300","33.8100","32.4300"
"2015/12/03","32.4300","6166225.0000","32.7600","33.1000","32.2700"
"2015/12/02","32.5000","7355238.0000","32.8000","33.1400","32.4300"
"2015/12/01","32.7500","10237240.0000","32.0000","32.7800","31.9700"
"2015/11/30","31.7200","7943327.0000","31.4200","31.8600","31.3900"
"2015/11/27","31.3900","2175202.0000","31.1900","31.4900","31.0300"
"2015/11/25","31.1300","3457476.0000","31.1100","31.4800","31.0200"
"2015/11/24","31.1700","4885561.0000","30.9200","31.4400","30.7800"
"2015/11/23","30.9200","6063601.0000","31.6500","31.6500","30.8050"
"2015/11/20","31.3900","5993531.0000","31.3500","31.5700","31.1600"
"2015/11/19","31.1200","6351403.0000","31.1400","31.4300","30.8899"
"2015/11/18","31.0300","8754462.0000","30.4100","31.0700","30.0750"
"2015/11/17","30.4000","6426163.0000","30.4800","30.6600","30.2735"
"2015/11/16","30.4000","8605338.0000","30.1900","30.4200","29.9500"
"2015/11/13","29.8000","7321767.0000","30.4300","30.5600","29.6500"
"2015/11/12","30.4000","7276445.0000","30.4400","30.7200","30.2700"
"2015/11/11","30.5100","15498960.0000","30.8300","31.0500","30.4000"
"2015/11/10","30.8100","13805390.0000","31.0000","31.1700","30.1501"
"2015/11/09","31.4100","12314090.0000","31.2400","31.5000","30.9700"
"2015/11/06","31.5500","29303440.0000","30.4500","31.9400","29.8200"
"2015/11/05","27.7100","11930480.0000","28.1700","28.2450","27.6300"
"2015/11/04","28.0300","11056520.0000","28.4200","28.6300","27.9000"
"2015/11/03","28.5000","9418730.0000","28.5300","28.6900","28.1800"
"2015/11/02","28.7000","4752197.0000","28.4600","28.7300","28.2900"
"2015/10/30","28.3700","7528965.0000","27.9800","28.5700","27.7700"
"2015/10/29","27.6800","8179117.0000","28.2100","28.5000","27.6300"
"2015/10/28","28.6700","5425852.0000","28.6200","28.6700","28.2000"
"2015/10/27","28.4400","5206678.0000","28.3200","28.6175","28.3000"
"2015/10/26","28.4600","6097946.0000","28.6100","28.6800","28.2000"
"2015/10/23","28.5900","9543577.0000","28.6500","28.7800","28.2200"
"2015/10/22","28.4000","7668188.0000","27.7300","28.4900","27.6900"
"2015/10/21","27.4100","9659894.0000","27.9400","28.1100","27.3600"
"2015/10/20","27.7700","6619913.0000","27.6900","27.9000","27.4800"
"2015/10/19","27.8100","7365780.0000","27.9500","28.0750","27.4900"
"2015/10/16","27.8600","11209310.0000","27.5200","28.1200","27.4500"
"2015/10/15","27.4300","13150950.0000","27.4100","27.9900","27.1300"
"2015/10/14","27.3600","15303700.0000","26.4300","27.7850","26.4000"
"2015/10/13","26.4000","7460821.0000","26.1400","26.5550","26.0500"
"2015/10/12","26.3500","5687527.0000","26.1000","26.5000","25.9050"
"2015/10/09","26.0700","10581210.0000","26.0300","26.2800","25.5800"
"2015/10/08","26.1700","11500240.0000","25.9100","26.2399","25.4700"
"2015/10/07","26.0200","7753799.0000","25.8100","26.2800","25.3900"
"2015/10/06","25.7500","11360500.0000","25.1500","25.8600","25.0500"
"2015/10/05","25.4200","12050020.0000","24.9600","25.7300","24.8300"
"2015/10/02","24.8000","9652880.0000","24.0400","24.8006","23.7900"
"2015/10/01","24.1700","12208030.0000","24.6500","24.7200","23.4700"
"2015/09/30","24.6500","13908610.0000","23.9300","24.6800","23.7900"
"2015/09/29","23.7100","9516973.0000","23.5500","23.7500","23.2200"
"2015/09/28","23.3000","9818827.0000","23.6100","23.7550","23.1500"
"2015/09/25","23.6100","9242068.0000","23.7300","24.0700","23.3800"
"2015/09/24","23.4400","9560631.0000","22.8600","23.6800","22.5000"
"2015/09/23","23.0000","4040849.0000","22.9100","23.1400","22.8201"
"2015/09/22","22.8900","5660428.0000","23.0200","23.1800","22.7650"
"2015/09/21","23.5300","7046566.0000","23.3200","23.5800","23.2000"
"2015/09/18","23.2900","8151848.0000","22.9900","23.4900","22.8500"
"2015/09/17","23.3100","6692041.0000","23.5000","23.7100","23.2600"
"2015/09/16","23.1000","4337343.0000","22.9000","23.2300","22.7250"
"2015/09/15","22.9400","8199412.0000","22.7000","23.0600","22.6300"
"2015/09/14","22.6900","4811636.0000","22.7600","22.8300","22.5701"
"2015/09/11","22.6500","7539433.0000","22.3300","22.8000","22.2350"
"2015/09/10","22.5800","8926896.0000","22.1000","22.8600","21.9950"
"2015/09/09","22.2300","7234649.0000","22.7500","22.9400","22.1800"
"2015/09/08","22.6800","5958468.0000","22.2800","22.7700","22.1920"
"2015/09/04","21.7500","7198945.0000","21.8900","22.2400","21.7400"
"2015/09/03","22.2700","6563938.0000","22.5400","22.6500","22.2300"
"2015/09/02","22.2100","8600958.0000","22.1500","22.2200","21.7800"
"2015/09/01","21.5600","8835220.0000","21.8300","22.2000","21.4000"
"2015/08/31","22.4800","5483661.0000","22.6200","22.7800","22.3850"
"2015/08/28","22.7300","8023122.0000","22.6300","22.8700","22.4650"
"2015/08/27","22.6300","11592280.0000","22.0400","22.6400","21.9100"
"2015/08/26","21.8100","15370810.0000","20.9400","21.8300","20.7800"
"2015/08/25","20.2800","15565270.0000","21.6200","21.7000","20.2800"
"2015/08/24","20.7100","17046700.0000","20.2700","21.8300","20.0000"
"2015/08/21","21.4700","9564306.0000","22.0000","22.3700","21.4500"
"2015/08/20","22.1600","10673210.0000","22.7300","22.8400","22.0500"
"2015/08/19","22.9900","6231207.0000","23.0500","23.3050","22.7400"
"2015/08/18","23.0800","7176950.0000","23.2200","23.3800","22.9000"
"2015/08/17","23.3900","6846873.0000","23.5000","23.5000","23.1000"
"2015/08/14","23.5400","5364811.0000","23.5000","23.6800","23.3600"
"2015/08/13","23.5200","6921046.0000","23.7500","23.8000","23.4600"
"2015/08/12","23.7200","9601712.0000","23.2800","23.8900","23.2800"
"2015/08/11","23.6600","10874170.0000","23.4300","23.8900","23.4300"
"2015/08/10","23.7800","16556190.0000","22.8200","23.9500","22.6800"
"2015/08/07","22.9800","35126520.0000","22.4600","23.3700","21.8800"
"2015/08/06","20.4500","16142460.0000","20.5300","20.6800","20.1100"
"2015/08/05","20.5800","5864442.0000","20.8700","20.8900","20.5350"
"2015/08/04","20.3700","6501209.0000","20.2200","20.4300","20.1400"
"2015/08/03","20.2900","9925210.0000","20.1100","20.3100","19.8500"
"2015/07/31","19.9500","5459211.0000","20.1000","20.1100","19.8300"
"2015/07/30","20.0200","4754129.0000","19.9200","20.2200","19.9200"
"2015/07/29","19.9700","5815933.0000","19.6900","20.1300","19.6100"
"2015/07/28","19.7300","4957733.0000","19.3600","19.8600","19.1600"
"2015/07/27","19.3100","4810320.0000","19.2500","19.5300","19.0900"
"2015/07/24","19.4200","4720322.0000","19.7900","19.8100","19.3400"
"2015/07/23","19.6500","4246365.0000","19.4500","19.9400","19.4100"
"2015/07/22","19.4050","8911069.0000","19.6500","19.6500","19.1700"
"2015/07/21","19.7900","3729595.0000","19.6600","20.0700","19.6600"
"2015/07/20","19.7000","4710159.0000","20.0700","20.1500","19.6500"
"2015/07/17","20.0700","5508808.0000","20.1200","20.1400","19.8099"
"2015/07/16","20.1900","7072046.0000","19.8700","20.1900","19.8000"
"2015/07/15","19.7500","6641973.0000","19.8400","19.9700","19.5700"
"2015/07/14","19.8900","6230429.0000","19.9100","19.9300","19.6300"
"2015/07/13","19.8800","5311769.0000","19.9500","19.9899","19.7450"
"2015/07/10","19.7500","5417892.0000","19.6600","19.9300","19.6100"
"2015/07/09","19.4100","8939745.0000","19.9600","20.0500","19.2901"
"2015/07/08","19.6500","8312287.0000","19.6800","19.8000","19.4900"
"2015/07/07","19.7900","14855710.0000","20.0500","20.1300","19.1600"
"2015/07/06","20.1700","5369213.0000","20.2500","20.5300","20.0150"
"2015/07/02","20.4200","3643465.0000","20.3900","20.5500","20.2900"
"2015/07/01","20.4000","7573001.0000","20.6100","20.9000","20.2200"
"2015/06/30","20.1100","7878148.0000","20.2400","20.3300","19.9700"
"2015/06/29","20.1200","9793096.0000","20.5000","20.7100","20.0900"
"2015/06/26","20.7400","10530520.0000","21.0000","21.1700","20.6500"
"2015/06/25","21.1700","8710447.0000","21.0100","21.3000","21.0100"
"2015/06/24","21.0100","6334054.0000","21.1900","21.3000","20.9100"
"2015/06/23","21.2200","10350560.0000","21.8200","21.9900","21.0500"
"2015/06/22","21.7750","12853830.0000","21.9100","22.0300","21.4500"
"2015/06/19","21.8700","8888902.0000","21.9400","22.1200","21.6700"
"2015/06/18","21.9400","7483299.0000","21.7600","22.0800","21.7000"
"2015/06/17","21.5800","5837448.0000","21.3200","21.7000","21.2700"
"2015/06/16","21.3300","6422253.0000","21.0300","21.3600","20.8200"
"2015/06/15","21.0700","7660673.0000","21.0000","21.1650","20.8400"
"2015/06/12","21.1100","8093124.0000","21.5600","21.6900","21.0600"
"2015/06/11","21.7000","7075946.0000","21.4700","21.8500","21.4700"
"2015/06/10","21.4700","13235630.0000","21.6000","21.7400","21.3500"
"2015/06/09","21.8600","6420182.0000","21.7700","22.0200","21.7300"
"2015/06/08","21.7500","8570226.0000","22.1900","22.3400","21.5000"
"2015/06/05","22.2600","7833001.0000","22.0200","22.3600","21.7900"
"2015/06/04","22.0900","8090915.0000","21.5700","22.1600","21.5700"
"2015/06/03","21.7000","6266192.0000","22.0000","22.1700","21.6600"
"2015/06/02","21.9350","5586447.0000","22.2400","22.3600","21.9200"
"2015/06/01","22.3800","9315224.0000","22.2700","22.6001","22.1300"
"2015/05/29","22.1300","8377924.0000","22.1400","22.2800","22.1000"
"2015/05/28","22.1400","8190431.0000","21.8400","22.2139","21.8000"
"2015/05/27","21.8400","10808000.0000","20.8700","21.9350","20.8000"
"2015/05/26","20.7300","6492857.0000","20.7600","20.9000","20.5740"
"2015/05/22","20.8600","5314782.0000","20.9400","21.0150","20.8100"
"2015/05/21","20.8900","5992250.0000","21.0500","21.1400","20.8700"
"2015/05/20","21.0400","4920534.0000","21.0500","21.3000","21.0200"
"2015/05/19","21.0400","6258522.0000","21.2000","21.2700","21.0000"
"2015/05/18","21.2700","8124092.0000","21.2500","21.4000","21.1500"
"2015/05/15","21.3000","5395619.0000","21.3800","21.4800","21.1700"
"2015/05/14","21.2900","7326265.0000","21.0100","21.4000","20.9600"
"2015/05/13","20.9500","7713070.0000","20.9800","21.1400","20.7500"
"2015/05/12","20.8300","9716851.0000","20.4800","21.0000","20.4700"
"2015/05/11","20.6300","13602940.0000","20.5400","20.8400","20.3800"
"2015/05/08","20.8250","28661110.0000","21.0100","21.8400","20.4900"
"2015/05/07","22.4900","13331100.0000","22.0100","22.5600","21.9401"
"2015/05/06","22.1000","7911085.0000","22.1500","22.3600","21.8100"
"2015/05/05","22.0300","7323195.0000","22.5300","22.5600","21.9300"
"2015/05/04","22.6100","4983204.0000","22.7300","22.8800","22.5400"
"2015/05/01","22.7500","6368946.0000","22.3800","22.8200","22.2800"
"2015/04/30","22.1950","5378952.0000","22.0300","22.3050","21.9800"
"2015/04/29","22.1400","4768050.0000","22.1500","22.3700","22.0500"
"2015/04/28","22.3050","5792515.0000","22.1600","22.3850","21.9500"
"2015/04/27","22.2000","6107822.0000","22.1000","22.5900","21.9100"
"2015/04/24","22.0300","5905201.0000","22.2100","22.2200","21.7800"
"2015/04/23","22.2200","6366342.0000","21.9000","22.4300","21.6500"
"2015/04/22","22.3100","5180012.0000","22.1900","22.3400","21.8500"
"2015/04/21","22.0550","5744591.0000","22.3600","22.3600","21.9500"
"2015/04/20","22.0900","5739542.0000","22.3000","22.4400","22.0500"
"2015/04/17","22.2000","7243519.0000","22.0200","22.4200","22.0100"
"2015/04/16","22.4900","3830943.0000","22.5000","22.6900","22.3300"
"2015/04/15","22.6300","5988761.0000","22.4200","22.7950","22.3100"
"2015/04/14","22.3600","5443727.0000","22.4600","22.5500","22.1438"
"2015/04/13","22.5500","5849817.0000","22.7100","22.8400","22.4500"
"2015/04/10","22.7600","6378962.0000","22.5500","22.7700","22.4700"
"2015/04/09","22.5250","9485227.0000","21.8500","22.6000","21.8400"
"2015/04/08","22.0200","9106349.0000","21.8800","22.1000","21.6700"
"2015/04/07","21.8600","10348610.0000","21.6700","22.1000","21.5500"
"2015/04/06","21.6650","12843250.0000","20.9700","21.7400","20.7500"
"2015/04/02","21.0600","4804786.0000","21.1300","21.1900","20.8800"
"2015/04/01","21.0100","8247484.0000","21.0100","21.0800","20.6500"
"2015/03/31","20.9250","8924999.0000","21.4100","21.4300","20.9100"
"2015/03/30","21.4700","6308617.0000","21.4800","21.5800","21.2000"
"2015/03/27","21.3800","7942560.0000","21.0900","21.4600","20.7500"
"2015/03/26","20.9650","7797797.0000","20.6100","21.0550","20.4600"
"2015/03/25","21.0400","13560670.0000","22.3900","22.3900","20.9700"
"2015/03/24","22.4000","8237861.0000","22.6400","22.8000","22.3000"
"2015/03/23","22.7100","10621360.0000","22.7700","23.0700","22.7000"
"2015/03/20","23.4700","11549920.0000","23.4100","23.6050","23.1900"
"2015/03/19","23.2150","7746607.0000","22.9500","23.3000","22.7800"
"2015/03/18","22.8700","10345570.0000","23.2500","23.3700","22.6600"
"2015/03/17","23.2500","7498498.0000","22.9200","23.2600","22.7600"
"2015/03/16","22.9700","5923733.0000","22.8800","23.1100","22.7300"
"2015/03/13","22.7000","8982188.0000","22.5600","22.7600","22.2500"
"2015/03/12","22.6700","10173320.0000","22.6600","22.8300","22.2400"
"2015/03/11","22.8800","6552965.0000","23.0000","23.3000","22.8150"
"2015/03/10","22.9950","13179770.0000","22.7100","23.1490","22.6700"
"2015/03/09","22.6100","5559693.0000","22.5600","22.7800","22.5100"
"2015/03/06","22.5500","6432807.0000","22.7300","22.8400","22.5250"
"2015/03/05","22.8600","8076363.0000","22.4300","22.9000","22.3700"
"2015/03/04","22.4300","5670947.0000","22.1000","22.4800","22.0100"
"2015/03/03","22.1800","4008638.0000","22.4300","22.5400","22.1100"
"2015/03/02","22.5950","7536531.0000","22.0000","22.7200","21.9710"
"2015/02/27","22.0600","3937273.0000","22.1400","22.1900","21.9810"
"2015/02/26","22.2000","3820897.0000","22.1600","22.3250","22.0200"
"2015/02/25","22.1400","3094726.0000","22.2200","22.3200","22.0350"
"2015/02/24","22.3100","3733268.0000","22.1600","22.3100","21.9600"
"2015/02/23","22.1600","3125233.0000","22.3300","22.3300","22.0500"
"2015/02/20","22.3350","3942218.0000","22.1600","22.3500","22.0000"
"2015/02/19","22.1750","4235359.0000","22.4000","22.4400","22.0800"
"2015/02/18","22.1200","4273704.0000","22.3500","22.3900","22.0800"
"2015/02/17","22.3750","5083366.0000","22.2700","22.4900","22.1300"
"2015/02/13","22.3100","7752149.0000","22.2500","22.3400","21.9100"
"2015/02/12","22.3000","16922040.0000","22.0000","22.5000","21.8700"
"2015/02/11","20.8100","7995182.0000","21.0000","21.0000","20.6700"
"2015/02/10","20.9500","5654916.0000","20.4000","20.9600","20.3100"
"2015/02/09","20.3800","6849193.0000","20.2800","20.4400","20.1500"
"2015/02/06","20.4000","5263073.0000","20.4700","20.7100","20.3100"
"2015/02/05","20.4850","3510935.0000","20.1800","20.5000","20.1600"
"2015/02/04","20.1600","4537372.0000","20.0500","20.3850","19.9850"
"2015/02/03","20.1100","4586670.0000","19.7600","20.1300","19.6600"
"2015/02/02","19.6200","6490089.0000","19.3200","19.7000","18.9400"
"2015/01/30","19.2050","7454768.0000","19.6400","19.8690","19.1700"
"2015/01/29","19.7800","5883531.0000","19.3200","19.8900","19.2300"
"2015/01/28","19.3100","6817664.0000","19.8700","19.9500","19.3000"
"2015/01/27","19.6300","8947121.0000","20.3000","20.3200","19.5900"
"2015/01/26","20.6150","3330558.0000","20.6200","20.7200","20.4900"
"2015/01/23","20.7100","3010265.0000","20.6700","20.7450","20.5000"
"2015/01/22","20.6500","3992810.0000","20.3400","20.7050","20.1300"
"2015/01/21","20.3000","3619494.0000","19.9100","20.3500","19.7700"
"2015/01/20","20.0200","3507669.0000","20.1000","20.2100","19.7700"
"2015/01/16","19.9600","4537800.0000","19.5700","19.9800","19.5100"
"2015/01/15","19.6000","4723312.0000","19.8800","20.0000","19.5900"
"2015/01/14","19.7400","3881531.0000","19.4500","19.8000","19.4000"
"2015/01/13","19.6550","5917960.0000","19.8400","20.2400","19.5250"
"2015/01/12","19.6900","4768307.0000","19.9900","19.9950","19.5100"
"2015/01/09","19.9400","5238501.0000","19.9300","20.0900","19.6550"
"2015/01/08","19.8600","7094534.0000","19.3600","19.9800","19.3500"
"2015/01/07","19.1350","8044986.0000","19.3300","19.5000","19.0800"
"2015/01/06","19.1900","4944061.0000","19.8200","19.8400","19.1700"
"2015/01/05","19.7900","4921949.0000","20.1300","20.1900","19.7000"
"2015/01/02","20.1300","2841512.0000","20.1300","20.2800","19.8110"
"2014/12/31","20.0500","4157958.0000","20.4000","20.5100","19.9900"
"2014/12/30","20.3700","2802810.0000","20.4200","20.5200","20.3400"
"2014/12/29","20.5600","2083028.0000","20.5300","20.7000","20.4300"
"2014/12/26","20.5900","1316100.0000","20.5700","20.7000","20.5200"
"2014/12/24","20.5700","1141128.0000","20.7000","20.7250","20.5500"
"2014/12/23","20.6500","2731983.0000","20.9400","21.0400","20.6250"
"2014/12/22","20.7800","3724357.0000","20.4000","20.7800","20.3300"
"2014/12/19","20.4200","8128521.0000","20.3600","20.5000","20.1700"
"2014/12/18","20.2200","5633157.0000","20.3900","20.6300","20.0300"
"2014/12/17","20.1400","8639935.0000","19.7400","20.1700","19.1000"
"2014/12/16","19.3450","4632226.0000","19.5500","19.8600","19.3400"
"2014/12/15","19.5700","6334489.0000","19.8600","20.2200","19.5110"
"2014/12/12","19.6300","8103462.0000","19.9900","20.1700","19.6100"
"2014/12/11","20.2600","3391302.0000","20.3900","20.5300","20.2200"
"2014/12/10","20.2700","5117583.0000","20.6700","20.7500","20.2450"
"2014/12/09","20.7300","5986188.0000","20.6700","20.7800","20.3600"
"2014/12/08","20.8000","5676710.0000","21.0400","21.2500","20.6300"
"2014/12/05","21.0700","4142028.0000","20.9600","21.1800","20.9500"
"2014/12/04","20.9500","4665777.0000","21.1100","21.1900","20.8100"
"2014/12/03","21.1400","7111426.0000","20.7100","21.1500","20.6500"
"2014/12/02","20.6100","6148798.0000","20.5600","20.7000","20.3700"
"2014/12/01","20.5800","4751007.0000","20.8800","21.0000","20.5500"
"2014/11/28","20.9700","3120781.0000","20.9900","21.0900","20.8028"
"2014/11/26","20.9150","5481634.0000","20.4500","20.9400","20.4400"
"2014/11/25","20.5700","4748360.0000","20.5400","20.7200","20.5000"
"2014/11/24","20.5800","3400125.0000","20.5000","20.6700","20.4200"
"2014/11/21","20.4550","4974441.0000","20.5200","20.5500","20.2800"
"2014/11/20","20.3400","5523487.0000","19.8700","20.3600","19.8100"
"2014/11/19","20.0100","6007442.0000","20.1000","20.1600","19.8000"
"2014/11/18","20.1700","5194312.0000","19.7100","20.2200","19.6600"
"2014/11/17","19.6950","3968295.0000","19.7000","19.9100","19.5700"
"2014/11/14","19.7850","4005430.0000","19.5700","19.7900","19.3750"
"2014/11/13","19.5500","5632439.0000","19.7200","19.7490","19.3900"
"2014/11/12","19.6450","5098682.0000","19.7100","19.7600","19.3800"
"2014/11/11","19.7800","5321754.0000","19.9000","20.0100","19.6050"
"2014/11/10","20.0200","7330878.0000","19.7700","20.1501","19.7200"
"2014/11/07","19.7900","11269060.0000","20.4500","20.6859","19.5900"
"2014/11/06","20.2200","9832484.0000","20.1700","20.2500","19.8600"
"2014/11/05","20.1300","8390507.0000","20.2500","20.2550","19.9800"
"2014/11/04","20.1300","9002436.0000","20.0000","20.2000","19.6700"
"2014/11/03","19.8700","7656190.0000","19.9900","20.0600","19.7700"
"2014/10/31","19.5400","6407516.0000","19.1200","19.5500","19.0200"
"2014/10/30","18.6900","4256451.0000","18.7600","18.8400","18.4500"
"2014/10/29","18.8050","4208504.0000","18.8500","18.9600","18.6400"
"2014/10/28","18.9300","4814453.0000","18.4400","18.9550","18.4200"
"2014/10/27","18.4900","3627282.0000","18.4700","18.5600","18.2700"
"2014/10/24","18.4800","5253852.0000","18.4000","18.5900","18.2850"
"2014/10/23","18.2850","5361867.0000","18.2000","18.4200","18.0700"
"2014/10/22","17.8900","5987821.0000","18.2900","18.3500","17.8900"
"2014/10/21","18.3200","8777272.0000","17.7000","18.3400","17.6500"
"2014/10/20","17.5700","5005704.0000","17.4200","17.7250","17.3000"
"2014/10/17","17.4200","7267902.0000","17.6600","17.8650","17.3500"
"2014/10/16","17.4500","8777343.0000","17.1300","17.6500","17.0900"
"2014/10/15","17.4400","10110430.0000","16.9300","17.5300","16.8150"
"2014/10/14","17.1750","9415488.0000","17.0200","17.6500","16.9200"
"2014/10/13","16.7850","9940730.0000","16.9600","17.3000","16.7700"
"2014/10/10","16.8450","17284310.0000","17.7700","17.8300","16.8400"
"2014/10/09","17.9100","7673882.0000","18.1800","18.1950","17.7600"
"2014/10/08","18.2600","6502884.0000","17.9100","18.3500","17.7700"
"2014/10/07","17.9250","7547439.0000","18.0400","18.2150","17.9050"
"2014/10/06","18.1200","4970103.0000","18.3000","18.4500","18.0000"
"2014/10/03","18.2300","5978474.0000","18.3000","18.5500","18.2300"
"2014/10/02","18.1900","7236741.0000","18.2400","18.3300","17.7700"
"2014/10/01","18.2700","8774421.0000","18.4800","18.6100","18.2200"
"2014/09/30","18.4500","6930066.0000","18.4400","18.5800","18.2301"
"2014/09/29","18.5150","5213520.0000","18.4000","18.6500","18.2236"
"2014/09/26","18.5450","6029702.0000","18.5700","18.6900","18.4900"
"2014/09/25","18.5100","7456251.0000","18.9000","18.9500","18.4700"
"2014/09/24","18.9200","3989794.0000","18.8000","18.9800","18.7800"
"2014/09/23","18.8100","4902735.0000","18.7900","19.0200","18.7200"
"2014/09/22","18.8900","5536598.0000","19.4700","19.4700","18.8700"
"2014/09/19","19.0800","15032920.0000","19.5000","19.5200","19.0500"
"2014/09/18","19.4400","5489651.0000","19.2700","19.4600","19.2100"
"2014/09/17","19.1500","4339501.0000","19.0900","19.3300","19.0000"
"2014/09/16","19.1350","5498357.0000","18.8100","19.2400","18.7500"
"2014/09/15","18.8600","7353833.0000","19.1800","19.2100","18.7800"
"2014/09/12","19.1200","6563263.0000","19.5300","19.5300","19.0950"
"2014/09/11","19.4100","6267914.0000","19.4700","19.5400","19.2000"
"2014/09/10","19.6100","4309362.0000","19.6500","19.6850","19.4250"
"2014/09/09","19.5400","4964681.0000","19.7000","19.8300","19.5200"
"2014/09/08","19.7900","7982245.0000","19.9500","19.9900","19.7100"
"2014/09/05","19.9700","6344614.0000","20.0100","20.1000","19.8400"
"2014/09/04","20.0300","12295810.0000","19.6500","20.1500","19.6400"
"2014/09/03","19.6850","6486429.0000","19.6000","19.7500","19.4700"
"2014/09/02","19.4950","4815863.0000","19.5000","19.5000","19.3150"
"2014/08/29","19.4500","5198261.0000","19.4600","19.4900","19.2500"
"2014/08/28","19.3900","4492628.0000","19.1900","19.4300","19.1300"
"2014/08/27","19.2300","4551076.0000","19.3300","19.4750","19.2000"
"2014/08/26","19.4550","6740455.0000","19.1600","19.4900","19.0900"
"2014/08/25","19.1100","3833954.0000","19.1600","19.2900","19.0700"
"2014/08/22","19.0800","6280582.0000","19.0500","19.2400","18.9300"
"2014/08/21","19.0700","6819882.0000","19.2000","19.3000","19.0400"
"2014/08/20","19.2500","5536746.0000","19.3000","19.3900","19.2050"
"2014/08/19","19.3700","6206499.0000","19.2200","19.4700","19.1500"
"2014/08/18","19.3000","7100115.0000","19.1200","19.3200","18.9300"
"2014/08/15","19.0400","9244872.0000","18.8600","19.1450","18.6800"
"2014/08/14","18.8000","6399696.0000","19.0800","19.0800","18.7200"
"2014/08/13","19.0100","6414874.0000","18.9300","19.1700","18.8100"
"2014/08/12","18.9000","7402784.0000","18.8900","19.0000","18.6900"
"2014/08/11","18.9000","8615557.0000","19.0200","19.1000","18.8500"
"2014/08/08","19.0000","22358620.0000","18.2200","19.1000","18.2200"
"2014/08/07","17.4600","10162250.0000","17.7900","17.9500","17.3400"
"2014/08/06","17.6400","5586040.0000","17.5400","17.8600","17.4100"
"2014/08/05","17.6600","7458372.0000","17.6000","17.9200","17.4500"
"2014/08/04","17.6500","6043054.0000","17.6700","17.8200","17.5600"
"2014/08/01","17.6900","5496729.0000","17.5000","17.7900","17.4400"
"2014/07/31","17.5000","10047030.0000","17.8600","18.0000","17.4650"
"2014/07/30","18.0800","6154573.0000","17.8900","18.1300","17.8400"
"2014/07/29","17.7800","5449327.0000","17.7300","18.0200","17.7200"
"2014/07/28","17.7200","8244913.0000","17.8700","17.8700","17.4150"
"2014/07/25","17.7900","6653345.0000","18.0500","18.0900","17.7600"
"2014/07/24","18.1100","6363106.0000","18.1800","18.2300","17.9800"
"2014/07/23","18.0800","7433190.0000","18.4800","18.4900","18.0600"
"2014/07/22","18.4700","7470205.0000","18.6900","18.7900","18.4300"
"2014/07/21","18.5500","6083623.0000","18.3700","18.6800","18.3700"
"2014/07/18","18.4400","14195420.0000","18.9000","19.0500","18.4100"
"2014/07/17","19.3000","8120769.0000","19.1300","19.5000","19.1300"
"2014/07/16","19.3500","7993210.0000","19.4500","19.6000","19.2400"
"2014/07/15","19.3700","9885969.0000","19.3200","19.4200","19.1900"
"2014/07/14","19.2900","6815867.0000","19.1300","19.3400","19.0600"
"2014/07/11","19.0500","4779718.0000","19.0300","19.1100","18.9600"
"2014/07/10","19.0050","6657484.0000","18.7500","19.0900","18.6000"
"2014/07/09","19.1100","9691715.0000","18.7100","19.1900","18.5700"
"2014/07/08","18.5500","5548535.0000","18.6500","18.7300","18.3700"
"2014/07/07","18.7000","3183867.0000","18.8800","18.8900","18.6700"
"2014/07/03","18.8500","3422256.0000","18.5100","18.9000","18.5100"
"2014/07/02","18.6825","4482096.0000","18.6800","18.7600","18.5700"
"2014/07/01","18.7500","8029475.0000","18.5200","18.8550","18.4600"
"2014/06/30","18.5400","4512835.0000","18.3100","18.5900","18.3100"
"2014/06/27","18.3800","7410962.0000","18.3400","18.4900","18.2300"
"2014/06/26","18.3600","6422671.0000","18.6100","18.6200","18.3000"
"2014/06/25","18.6100","5385489.0000","18.4700","18.6200","18.3000"
"2014/06/24","18.4200","6894380.0000","18.6800","18.8300","18.3400"
"2014/06/23","18.7100","10354830.0000","18.6800","18.7200","18.4600"
"2014/06/20","18.9300","8828658.0000","19.1900","19.2550","18.7800"
"2014/06/19","19.1380","11864770.0000","19.2300","19.3300","19.0000"
"2014/06/18","19.5900","5388381.0000","19.5600","19.6800","19.3800"
"2014/06/17","19.6100","3940203.0000","19.5000","19.6900","19.4000"
"2014/06/16","19.4800","4964872.0000","19.4500","19.6100","19.3100"
"2014/06/13","19.5400","5696081.0000","19.7200","19.7300","19.3500"
"2014/06/12","19.5200","8426447.0000","19.4000","19.6100","19.2300"
"2014/06/11","19.4000","6655723.0000","19.0800","19.4450","19.0800"
"2014/06/10","19.1500","5440162.0000","18.9800","19.2400","18.9000"
"2014/06/09","19.0500","6186356.0000","19.0100","19.2300","18.8800"
"2014/06/06","19.0300","4026209.0000","19.0500","19.2000","18.9800"
"2014/06/05","18.9600","4717374.0000","18.9100","19.0200","18.8000"
"2014/06/04","18.8800","4022640.0000","18.8100","19.0200","18.8000"
"2014/06/03","18.8600","6080259.0000","18.9800","19.0000","18.6100"
"2014/06/02","18.9400","4537471.0000","19.0600","19.1800","18.7800"
"2014/05/30","19.0000","5978170.0000","18.9500","19.0500","18.8500"
"2014/05/29","18.9500","4297004.0000","18.9700","19.1300","18.9100"
"2014/05/28","18.9800","5616852.0000","18.8900","19.1000","18.7100"
"2014/05/27","18.8200","5240405.0000","18.6000","18.8200","18.5400"
"2014/05/23","18.4900","4566438.0000","18.4200","18.5800","18.3100"
"2014/05/22","18.3200","3259088.0000","18.2000","18.4200","18.2000"
"2014/05/21","18.2400","5411605.0000","18.3100","18.4650","18.1250"
"2014/05/20","18.2400","6404980.0000","18.4600","18.5100","18.1500"
"2014/05/19","18.5400","9001926.0000","18.1500","18.6400","18.0700"
"2014/05/16","17.9600","7098958.0000","17.8600","18.0900","17.8600"
"2014/05/15","18.0000","8143045.0000","18.0600","18.1600","17.8200"
"2014/05/14","18.1000","5358034.0000","18.2900","18.3600","18.0900"
"2014/05/13","18.2800","5527597.0000","18.3300","18.6300","18.2200"
"2014/05/12","18.5800","7496353.0000","18.0900","18.6200","18.0800"
"2014/05/09","18.0500","13488260.0000","17.9400","18.1100","17.7100"
"2014/05/08","18.5000","10813790.0000","18.2000","18.7900","18.1100"
"2014/05/07","18.2750","7345840.0000","18.2500","18.4200","18.0700"
"2014/05/06","18.2500","10402470.0000","18.8100","18.9700","18.2000"
"2014/05/05","18.6300","5981457.0000","18.4100","18.7700","18.3900"
"2014/05/02","18.4300","3909378.0000","18.6600","18.6600","18.3200"
"2014/05/01","18.5700","4952589.0000","18.7500","18.7900","18.4200"
"2014/04/30","18.4700","7637342.0000","18.6600","18.6800","18.4300"
"2014/04/29","18.6900","4275724.0000","18.7200","18.7570","18.4800"
"2014/04/28","18.6500","5669699.0000","18.8800","18.9800","18.4200"
"2014/04/25","18.7300","7840001.0000","19.2200","19.4000","18.6900"
"2014/04/24","19.2600","9783759.0000","19.2200","19.4600","19.2200"
"2014/04/23","19.0900","6539508.0000","18.9000","19.1400","18.8700"
"2014/04/22","18.8700","6376610.0000","18.7400","18.9900","18.6400"
"2014/04/21","18.7100","2925085.0000","18.5700","18.7600","18.4500"
"2014/04/17","18.5600","3838325.0000","18.4200","18.7300","18.3800"
"2014/04/16","18.4900","5878433.0000","18.5400","18.5600","18.2550"
"2014/04/15","18.4500","7615921.0000","18.3400","18.5500","18.1600"
"2014/04/14","18.3200","7254619.0000","18.2400","18.3900","18.1200"
"2014/04/11","18.1200","8827791.0000","18.2400","18.5200","17.8800"
"2014/04/10","18.3800","9318740.0000","18.7600","19.0200","18.3200"
"2014/04/09","18.8400","10549190.0000","18.9500","19.1100","18.6900"
"2014/04/08","18.8600","11749130.0000","18.2100","18.9100","18.1803"
"2014/04/07","18.2100","10698490.0000","18.1600","18.5600","18.0600"
"2014/04/04","18.1500","9200826.0000","18.8300","18.9400","18.0650"
"2014/04/03","18.7300","14978910.0000","18.5700","19.1850","18.5600"
"2014/04/02","18.5300","5998666.0000","18.6500","18.6900","18.4500"
"2014/04/01","18.6500","16406760.0000","18.4800","18.8700","18.2600"
"2014/03/31","17.9100","6835058.0000","17.9300","18.0900","17.8050"
"2014/03/28","17.9000","9970437.0000","17.7600","18.0100","17.7100"
"2014/03/27","17.7900","13450390.0000","17.9900","18.1400","17.5850"
"2014/03/26","18.0300","13934940.0000","18.6200","18.9700","17.8700"
"2014/03/25","18.4500","7610605.0000","18.6500","18.6700","18.3100"
"2014/03/24","18.4500","7652386.0000","18.5500","18.7000","18.1800"
"2014/03/21","18.5400","14152930.0000","18.7300","18.8800","18.4400"
"2014/03/20","18.5700","4795035.0000","18.4600","18.7300","18.3800"
"2014/03/19","18.5550","9154109.0000","18.3800","18.9100","18.3300"
"2014/03/18","18.2400","7341673.0000","17.8900","18.3600","17.8100"
"2014/03/17","17.8200","7487203.0000","17.8700","18.0000","17.8000"
"2014/03/14","17.8200","11500850.0000","17.5600","17.9800","17.5600"
"2014/03/13","17.7400","9629303.0000","18.3600","18.4300","17.6500"
"2014/03/12","18.3200","5985725.0000","18.1800","18.4300","18.1100"
"2014/03/11","18.2700","7430257.0000","18.1800","18.4300","18.1200"
"2014/03/10","18.0900","7521849.0000","18.3000","18.3800","18.0100"
"2014/03/07","18.3600","6711281.0000","18.4600","18.4900","18.2150"
"2014/03/06","18.3800","7253593.0000","18.6700","18.7700","18.3500"
"2014/03/05","18.6400","6036848.0000","18.4600","18.6500","18.3800"
"2014/03/04","18.4800","6508554.0000","18.3800","18.6000","18.3500"
"2014/03/03","18.2900","9398673.0000","17.9700","18.2900","17.8100"
"2014/02/28","18.3800","8042268.0000","18.4000","18.5800","18.1144"
"2014/02/27","18.5000","9721168.0000","18.7100","18.9000","18.4500"
"2014/02/26","18.7100","9022116.0000","18.7000","18.9800","18.6500"
"2014/02/25","18.7400","6054586.0000","18.8000","18.8800","18.5400"
"2014/02/24","18.9100","10077770.0000","18.6000","19.0500","18.4300"
"2014/02/21","18.6400","11276330.0000","18.7500","18.9900","18.5200"
"2014/02/20","18.7800","9951215.0000","18.1800","18.8150","18.1500"
"2014/02/19","18.1400","11258550.0000","17.9000","18.3000","17.8200"
"2014/02/18","17.9000","10724680.0000","17.9200","17.9800","17.7500"
"2014/02/14","17.9100","20441180.0000","17.2000","17.9500","17.1900"
"2014/02/13","17.3600","22570910.0000","17.2500","17.4600","16.9500"
"2014/02/12","16.8300","18597140.0000","16.3000","16.9500","16.3000"
"2014/02/11","16.2500","5884188.0000","16.0100","16.2900","15.9301"
"2014/02/10","15.9200","8107160.0000","15.8500","16.1300","15.8350"
"2014/02/07","15.8700","3934156.0000","15.6800","15.8900","15.5400"
"2014/02/06","15.6400","4209541.0000","15.4600","15.6800","15.4400"
"2014/02/05","15.4400","5366932.0000","15.4700","15.5200","15.3200"
"2014/02/04","15.5800","7017337.0000","15.4800","15.6100","15.4000"
"2014/02/03","15.4900","10793190.0000","15.8100","15.8300","15.4300"
"2014/01/31","15.7000","8383660.0000","15.5000","15.7900","15.4900"
"2014/01/30","15.7200","5072356.0000","15.5500","15.7500","15.5000"
"2014/01/29","15.4600","4072638.0000","15.5500","15.6400","15.4500"
"2014/01/28","15.6100","4199851.0000","15.4300","15.6200","15.3700"
"2014/01/27","15.4600","5845310.0000","15.5600","15.7800","15.3700"
"2014/01/24","15.5600","6205823.0000","15.8400","15.9000","15.5600"
"2014/01/23","15.9700","4625672.0000","15.9800","16.1500","15.8500"
"2014/01/22","16.0300","8448495.0000","16.0800","16.1000","15.8400"
"2014/01/21","16.0500","6149916.0000","16.0100","16.1500","15.8800"
"2014/01/17","15.9900","8510019.0000","16.0600","16.2500","15.8900"
"2014/01/16","16.0600","5515934.0000","16.0100","16.0900","15.9401"
"2014/01/15","16.0100","4375132.0000","15.9100","16.0650","15.8400"
"2014/01/14","15.8400","6045663.0000","15.4400","15.8700","15.3700"
"2014/01/13","15.3600","6083299.0000","15.7300","15.8250","15.3300"
"2014/01/10","15.7300","5462334.0000","15.8000","15.9100","15.5900"
"2014/01/09","15.7500","7304279.0000","16.1100","16.1400","15.7000"
"2014/01/08","16.3600","7701790.0000","16.2000","16.4400","16.1400"
"2014/01/07","16.1400","8332170.0000","16.0400","16.2000","15.9250"
"2014/01/06","15.8800","10235490.0000","15.8300","16.0000","15.6800"
"2014/01/03","15.6700","6483288.0000","15.8900","15.9201","15.6200"
"2014/01/02","15.8600","6502296.0000","15.9200","15.9800","15.7200"
"2013/12/31","16.0200","5894431.0000","16.0000","16.1000","15.9000"
"2013/12/30","15.9700","6204467.0000","15.7700","15.9800","15.7500"
"2013/12/27","15.7600","5274425.0000","15.7500","15.7900","15.6600"
"2013/12/26","15.6700","4223004.0000","15.8800","15.9250","15.6300"
"2013/12/24","15.8200","1990034.0000","15.8700","15.8700","15.6600"
"2013/12/23","15.7800","4195738.0000","15.7800","15.9100","15.6500"
"2013/12/20","15.6850","9546431.0000","15.4100","15.7000","15.3700"
"2013/12/19","15.3800","6463632.0000","15.3000","15.4000","15.2000"
"2013/12/18","15.3200","10655790.0000","15.1400","15.3500","14.9500"
"2013/12/17","15.1100","6852637.0000","15.0300","15.1500","14.9000"
"2013/12/16","15.0400","5940503.0000","15.0300","15.1700","15.0200"
"2013/12/13","15.0200","4614724.0000","15.1400","15.2500","15.0000"
"2013/12/12","15.1100","6461071.0000","15.3600","15.4400","15.0800"
"2013/12/11","15.4100","10353900.0000","15.5900","15.6100","15.3800"
"2013/12/10","15.5600","13106720.0000","15.2100","15.6300","15.1900"
"2013/12/09","15.2050","9630480.0000","15.4700","15.5200","15.1800"
"2013/12/06","15.4700","7025014.0000","15.8900","15.8900","15.4300"
"2013/12/05","15.7000","6795314.0000","15.9900","15.9900","15.6800"
"2013/12/04","15.9600","12329430.0000","15.7000","15.9900","15.6550"
"2013/12/03","15.7400","7264021.0000","15.7500","15.9550","15.6400"
"2013/12/02","15.7500","9346848.0000","15.5400","15.8600","15.5100"
"2013/11/29","15.6000","2924092.0000","15.7000","15.7400","15.5000"
"2013/11/27","15.7000","4531837.0000","15.6300","15.7450","15.5300"
"2013/11/26","15.6400","18829380.0000","15.6800","15.8050","15.5750"
"2013/11/25","15.5100","6202415.0000","15.1800","15.5300","15.1800"
"2013/11/22","15.1800","3966684.0000","15.3500","15.3500","15.1500"
"2013/11/21","15.3300","5339156.0000","15.2300","15.3600","15.1600"
"2013/11/20","15.2100","5119353.0000","15.4500","15.4900","15.1800"
"2013/11/19","15.4400","5165134.0000","15.6200","15.7600","15.4200"
"2013/11/18","15.7800","7923714.0000","15.8200","15.9600","15.7400"
"2013/11/15","16.1700","6258291.0000","16.2800","16.3000","16.0100"
"2013/11/14","16.2200","7699506.0000","16.1000","16.3150","16.0900"
"2013/11/13","16.1500","8319792.0000","15.6800","16.1500","15.6500"
"2013/11/12","15.7150","7900788.0000","15.7600","15.8500","15.5400"
"2013/11/11","15.6900","7440625.0000","15.5000","15.7300","15.4700"
"2013/11/08","15.5600","18363320.0000","15.0000","15.6100","14.9350"
"2013/11/07","14.5450","13808760.0000","14.8500","14.8900","14.5200"
"2013/11/06","14.9000","4950992.0000","14.8000","14.9100","14.6500"
"2013/11/05","14.8000","10559230.0000","14.7300","14.8650","14.5700"
"2013/11/04","14.8200","10256420.0000","15.3100","15.3100","14.7900"
"2013/11/01","15.2550","5153427.0000","15.2700","15.3300","15.1500"
"2013/10/31","15.1890","7334228.0000","15.2400","15.3500","15.1600"
"2013/10/30","15.2200","5100363.0000","15.2800","15.3500","15.0900"
"2013/10/29","15.2300","9698815.0000","15.1900","15.2600","15.0500"
"2013/10/28","15.2100","9321949.0000","15.2200","15.2900","15.0000"
"2013/10/25","15.2400","8262332.0000","15.4700","15.4800","15.1900"
"2013/10/24","15.3850","5910900.0000","15.5400","15.6400","15.3640"
"2013/10/23","15.5010","6305379.0000","15.7400","15.7400","15.4500"
"2013/10/22","15.7700","4486250.0000","15.8500","15.8600","15.6300"
"2013/10/21","15.8500","4875242.0000","16.0000","16.0100","15.8000"
"2013/10/18","15.8100","6376653.0000","15.6000","15.8600","15.5400"
"2013/10/17","15.6300","5333061.0000","15.4800","15.6700","15.4800"
"2013/10/16","15.6000","5217312.0000","15.5000","15.6600","15.4800"
"2013/10/15","15.4100","5220545.0000","15.4900","15.5799","15.4000"
"2013/10/14","15.4900","4165705.0000","15.2200","15.4900","15.2200"
